{"type": "FeatureCollection", "features": [{"type": "Feature", "properties": {"navn": "Raumabanen", "rang": 15, "kilde": "osm", "km": 113.8}, "geometry": {"type": "MultiLineString", "coordinates": [[[8.84295, 62.119], [8.82804, 62.12096]], [[9.12612, 62.06932], [9.12669, 62.07067]], [[7.76149, 62.49465], [7.76168, 62.49475]], [[7.76594, 62.49656], [7.76976, 62.50156]], [[9.12733, 62.07206], [9.12975, 62.07498]], [[9.12669, 62.07067], [9.12733, 62.07206]], [[8.05047, 62.36057], [8.05874, 62.36552], [8.05451, 62.3675], [8.04863, 62.36633]], [[8.04845, 62.36618], [8.0542, 62.35024]], [[8.06105, 62.34256], [8.06152, 62.33858]], [[8.05699, 62.33804], [8.05349, 62.33922]], [[9.07074, 62.09329], [9.05325, 62.09431]], [[7.695, 62.5595], [7.69483, 62.55954]], [[7.69483, 62.55954], [7.6883, 62.56086]], [[7.70391, 62.55641], [7.70371, 62.55653]], [[7.71064, 62.55181], [7.70391, 62.55641]], [[7.71088, 62.55173], [7.71064, 62.55181]], [[7.70371, 62.55653], [7.695, 62.5595]], [[8.06152, 62.33858], [8.06056, 62.33828]], [[9.12434, 62.09018], [9.11054, 62.09296]], [[9.13148, 62.07884], [9.13148, 62.07894]], [[8.11746, 62.30556], [8.11734, 62.30563]], [[8.17613, 62.26564], [8.15538, 62.27137]], [[8.1797, 62.26397], [8.17898, 62.26442]], [[8.18098, 62.26299], [8.1797, 62.26397]], [[8.19148, 62.26112], [8.18128, 62.26281]], [[8.11734, 62.30563], [8.10373, 62.31358]], [[8.19232, 62.26105], [8.19148, 62.26112]], [[8.06357, 62.34622], [8.05846, 62.3502]], [[7.95266, 62.42904], [7.94705, 62.42978]], [[8.01594, 62.39185], [8.01617, 62.39275]], [[8.00016, 62.41911], [7.99788, 62.42152]], [[8.03025, 62.37744], [8.01583, 62.38849]], [[7.81007, 62.46128], [7.80945, 62.46126]], [[7.81129, 62.46134], [7.81007, 62.46128]], [[8.06463, 62.34461], [8.0646, 62.34469]], [[8.00312, 62.41598], [8.00308, 62.41602]], [[8.06588, 62.34188], [8.06582, 62.34195]], [[8.05331, 62.33937], [8.05324, 62.33942]], [[8.05004, 62.34279], [8.04997, 62.34285]], [[8.03484, 62.36797], [8.0348, 62.36806]], [[8.04997, 62.34285], [8.04394, 62.34801]], [[7.8897, 62.43306], [7.8879, 62.433]], [[8.06582, 62.34195], [8.06463, 62.34461]], [[8.05324, 62.33942], [8.05004, 62.34279]], [[8.82804, 62.12096], [8.82794, 62.12097]], [[8.68675, 62.15062], [8.68571, 62.1512]], [[8.42123, 62.22714], [8.42111, 62.22717]], [[8.36675, 62.23019], [8.35913, 62.23024]], [[8.77848, 62.12816], [8.76265, 62.12881]], [[8.58188, 62.18657], [8.5695, 62.18883]], [[8.84918, 62.11864], [8.84295, 62.119]], [[9.12658, 62.07042], [9.12585, 62.0692]], [[9.12975, 62.07498], [9.13102, 62.07695]], [[8.35001, 62.23029], [8.34982, 62.2303]], [[8.34975, 62.2303], [8.34948, 62.2303]], [[8.13807, 62.2852], [8.13805, 62.28538]], [[8.13787, 62.28437], [8.13805, 62.28485]], [[8.13709, 62.28222], [8.13709, 62.28232]], [[8.13805, 62.28485], [8.13807, 62.2852]], [[8.13793, 62.28571], [8.12508, 62.29896]], [[8.13709, 62.28232], [8.13787, 62.28437]], [[7.72687, 62.539], [7.72631, 62.53916]], [[7.73784, 62.53328], [7.73183, 62.53599]], [[7.68771, 62.56093], [7.67785, 62.56472]], [[7.71743, 62.54578], [7.71627, 62.54998], [7.71088, 62.55173]], [[7.76472, 62.51431], [7.75618, 62.5215]], [[7.76976, 62.50156], [7.7698, 62.50167]], [[7.7698, 62.50167], [7.76985, 62.50178]], [[7.76985, 62.50178], [7.76942, 62.50373]], [[7.76928, 62.47634], [7.76853, 62.47685]], [[7.7984, 62.46506], [7.78986, 62.47142], [7.78137, 62.47312]], [[7.77248, 62.47503], [7.76969, 62.47606]], [[7.80357, 62.46256], [7.79882, 62.46482]], [[7.77293, 62.47493], [7.77272, 62.47497]], [[7.7985, 62.46501], [7.7984, 62.46506]], [[7.75992, 62.48735], [7.76149, 62.49465]], [[7.76969, 62.47606], [7.76928, 62.47634]], [[7.77308, 62.4749], [7.77293, 62.47493]], [[7.80874, 62.46126], [7.80652, 62.46154]], [[7.80891, 62.46125], [7.80874, 62.46126]], [[7.81647, 62.46069], [7.81129, 62.46134]], [[7.83199, 62.44899], [7.81647, 62.46069]], [[7.83568, 62.44541], [7.83562, 62.44546]], [[7.83875, 62.44242], [7.83568, 62.44541]], [[7.85242, 62.43679], [7.84481, 62.4384]], [[7.9416, 62.42891], [7.94133, 62.42886]], [[7.91629, 62.43089], [7.89791, 62.43417]], [[7.89791, 62.43417], [7.89198, 62.43343]], [[7.94351, 62.42933], [7.9416, 62.42891]], [[7.96395, 62.43005], [7.96038, 62.43]], [[8.01576, 62.39155], [8.0158, 62.39162]], [[8.01528, 62.39078], [8.01576, 62.39155]], [[7.97475, 62.42921], [7.96395, 62.43005]], [[8.0158, 62.39162], [8.01594, 62.39185]], [[8.01549, 62.39481], [8.00437, 62.41466]], [[8.01583, 62.38849], [8.01528, 62.39078]], [[8.03591, 62.35667], [8.03484, 62.36797]], [[8.04, 62.35228], [8.03647, 62.35522]], [[8.04365, 62.34822], [8.04, 62.35228]], [[8.04394, 62.34801], [8.04365, 62.34822]], [[8.05349, 62.33922], [8.05331, 62.33937]], [[8.0603, 62.33821], [8.05888, 62.33802]], [[8.05919, 62.34479], [8.05922, 62.34466]], [[8.05922, 62.34466], [8.06105, 62.34256]], [[8.05668, 62.3484], [8.05914, 62.34502]], [[8.05918, 62.34483], [8.05919, 62.34479]], [[8.05235, 62.35592], [8.05041, 62.36027]], [[8.07714, 62.33366], [8.06588, 62.34188]], [[8.0959, 62.31813], [8.07806, 62.33055]], [[8.12508, 62.29896], [8.11746, 62.30556]], [[8.15083, 62.27266], [8.14106, 62.27732]], [[8.1988, 62.25958], [8.19232, 62.26105]], [[8.20473, 62.25689], [8.1988, 62.25958]], [[8.20496, 62.25679], [8.20473, 62.25689]], [[8.21538, 62.25017], [8.20963, 62.25408]], [[9.01988, 62.10137], [9.01791, 62.10208]], [[9.0278, 62.09659], [9.02701, 62.09703]], [[9.01791, 62.10208], [9.00427, 62.10348]], [[8.95628, 62.11452], [8.9335, 62.1183]], [[9.10606, 62.09315], [9.10443, 62.09301]], [[9.03312, 62.09514], [9.0278, 62.09659]], [[9.10652, 62.09318], [9.10614, 62.09315]], [[9.10672, 62.09319], [9.10652, 62.09318]], [[8.85696, 62.1187], [8.84918, 62.11864]], [[8.85696, 62.1187], [8.84918, 62.11864]], [[8.05914, 62.34502], [8.05916, 62.34492]], [[7.83534, 62.44573], [7.83199, 62.44899]], [[7.83562, 62.44546], [7.83534, 62.44573]], [[9.09448, 62.09265], [9.07943, 62.09299]], [[9.02627, 62.09751], [9.01988, 62.10137]], [[8.91968, 62.12034], [8.90106, 62.12111]], [[8.88145, 62.12022], [8.86369, 62.11891]], [[8.75806, 62.1284], [8.75756, 62.12836]], [[8.75825, 62.12842], [8.75806, 62.1284]], [[8.75756, 62.12836], [8.74039, 62.1289]], [[8.74028, 62.12889], [8.73307, 62.12936]], [[8.74039, 62.1289], [8.74028, 62.12889]], [[8.73307, 62.12936], [8.70916, 62.13698], [8.69779, 62.1436]], [[8.68337, 62.15226], [8.68331, 62.15228]], [[8.68571, 62.1512], [8.68337, 62.15226]], [[8.6698, 62.1579], [8.65886, 62.16235]], [[8.66993, 62.15784], [8.6698, 62.1579]], [[8.65886, 62.16235], [8.65866, 62.16247]], [[8.65866, 62.16247], [8.65525, 62.16438]], [[8.6517, 62.16636], [8.65163, 62.1664]], [[8.65208, 62.16616], [8.6517, 62.16636]], [[8.65163, 62.1664], [8.64311, 62.16929]], [[8.67871, 62.15417], [8.67045, 62.1576]], [[8.56778, 62.18903], [8.56766, 62.18905]], [[8.5695, 62.18883], [8.56778, 62.18903]], [[8.56766, 62.18905], [8.55996, 62.18997]], [[8.55534, 62.19035], [8.55217, 62.19067]], [[8.55547, 62.19034], [8.55534, 62.19035]], [[8.54813, 62.19099], [8.52283, 62.19427]], [[8.52283, 62.19427], [8.52272, 62.19429]], [[8.52149, 62.19448], [8.51628, 62.19616]], [[8.44709, 62.21706], [8.43331, 62.22247]], [[8.30661, 62.23462], [8.30652, 62.23462]], [[8.33634, 62.233], [8.33624, 62.23303]], [[8.345, 62.23053], [8.3381, 62.23235]], [[8.34921, 62.2303], [8.34904, 62.2303]], [[8.34948, 62.2303], [8.34921, 62.2303]], [[8.35159, 62.23028], [8.35001, 62.23029]], [[8.35171, 62.23028], [8.35159, 62.23028]], [[8.32972, 62.23428], [8.31745, 62.23582]], [[8.20963, 62.25408], [8.20742, 62.25551]], [[7.68786, 62.56722], [7.69589, 62.56713]], [[7.69589, 62.56713], [7.69766, 62.56711]], [[7.6883, 62.56086], [7.68791, 62.56091]], [[7.67785, 62.56472], [7.6873, 62.56723]], [[8.48485, 62.20417], [8.48476, 62.20421]], [[8.49424, 62.20112], [8.48929, 62.20235]], [[8.49448, 62.20107], [8.49424, 62.20112]], [[8.5107, 62.19745], [8.49448, 62.20107]], [[8.86355, 62.1189], [8.85696, 62.1187]], [[8.86369, 62.11891], [8.86355, 62.1189]], [[9.0946, 62.09265], [9.09448, 62.09265]], [[9.1043, 62.093], [9.0946, 62.09265]], [[9.12975, 62.08741], [9.12963, 62.0875]], [[9.13148, 62.07894], [9.13121, 62.08519]], [[7.87821, 62.43387], [7.87808, 62.43388]], [[7.8879, 62.433], [7.8789, 62.4338]], [[8.05624, 62.35222], [8.05235, 62.35592]], [[8.0563, 62.35217], [8.05624, 62.35222]], [[8.05426, 62.35015], [8.05643, 62.34852]], [[8.0542, 62.35024], [8.05426, 62.35015]], [[7.95701, 62.42913], [7.95578, 62.42894]], [[7.95709, 62.42915], [7.95701, 62.42913]], [[7.75408, 62.52882], [7.74789, 62.53233], [7.73784, 62.53328]], [[7.75425, 62.52865], [7.75408, 62.52882]], [[8.314, 62.23566], [8.30691, 62.23463]], [[8.31414, 62.23568], [8.314, 62.23566]], [[8.44736, 62.21697], [8.44727, 62.217]], [[8.4592, 62.21312], [8.44736, 62.21697]], [[8.40601, 62.2295], [8.40217, 62.22984]], [[8.39966, 62.22996], [8.39955, 62.22996]], [[8.41983, 62.22745], [8.41843, 62.22772]], [[8.41843, 62.22772], [8.41831, 62.22774]], [[7.6873, 62.56723], [7.68786, 62.56722]], [[9.1312, 62.08526], [9.12975, 62.08741]], [[9.13121, 62.08519], [9.1312, 62.08526]], [[9.12963, 62.0875], [9.12447, 62.09014]], [[9.12447, 62.09014], [9.12434, 62.09018]], [[9.10614, 62.09315], [9.10606, 62.09315]], [[9.10443, 62.09301], [9.1043, 62.093]], [[9.11054, 62.09296], [9.10672, 62.09319]], [[9.1311, 62.07714], [9.13148, 62.07884]], [[9.13102, 62.07695], [9.13107, 62.07708]], [[9.13107, 62.07708], [9.1311, 62.07714]], [[9.07933, 62.09299], [9.07074, 62.09329]], [[9.07943, 62.09299], [9.07933, 62.09299]], [[9.04498, 62.09447], [9.03906, 62.09483]], [[9.05325, 62.09431], [9.05315, 62.09431]], [[9.05315, 62.09431], [9.05001, 62.09431]], [[9.05001, 62.09431], [9.04514, 62.09445]], [[9.04514, 62.09445], [9.04498, 62.09447]], [[9.03906, 62.09483], [9.03879, 62.09483]], [[9.03879, 62.09483], [9.03312, 62.09514]], [[9.02701, 62.09703], [9.02637, 62.09744]], [[9.02637, 62.09744], [9.02627, 62.09751]], [[9.00427, 62.10348], [8.99715, 62.10374]], [[8.99715, 62.10374], [8.9957, 62.10403]], [[8.9957, 62.10403], [8.99053, 62.10529]], [[8.99053, 62.10529], [8.99043, 62.10532]], [[8.99043, 62.10532], [8.98385, 62.10742]], [[8.98385, 62.10742], [8.97794, 62.10928]], [[8.97794, 62.10928], [8.97246, 62.11112]], [[8.97246, 62.11112], [8.97235, 62.11116]], [[8.97235, 62.11116], [8.9564, 62.1145]], [[8.9564, 62.1145], [8.95628, 62.11452]], [[8.9335, 62.1183], [8.92032, 62.12021]], [[8.92032, 62.12021], [8.92021, 62.12023]], [[8.92021, 62.12023], [8.91979, 62.12032]], [[8.91979, 62.12032], [8.91968, 62.12034]], [[8.90106, 62.12111], [8.89785, 62.12099]], [[8.89785, 62.12099], [8.89769, 62.12099]], [[8.89769, 62.12099], [8.8944, 62.12086]], [[8.8944, 62.12086], [8.89425, 62.12085]], [[8.89425, 62.12085], [8.88155, 62.12023]], [[8.88155, 62.12023], [8.88145, 62.12022]], [[8.82794, 62.12097], [8.8115, 62.12336]], [[8.8115, 62.12336], [8.81137, 62.12337]], [[8.81137, 62.12337], [8.80677, 62.12401]], [[8.80677, 62.12401], [8.80668, 62.12403]], [[8.80668, 62.12403], [8.78807, 62.12671]], [[8.78807, 62.12671], [8.78797, 62.12673]], [[8.75901, 62.12849], [8.75825, 62.12842]], [[8.75911, 62.1285], [8.75901, 62.12849]], [[8.76254, 62.1288], [8.75911, 62.1285]], [[8.76265, 62.12881], [8.76254, 62.1288]], [[8.78797, 62.12673], [8.77861, 62.12814]], [[8.77861, 62.12814], [8.77848, 62.12816]], [[8.69773, 62.14363], [8.69144, 62.14765]], [[8.69779, 62.1436], [8.69773, 62.14363]], [[8.69138, 62.14769], [8.68675, 62.15062]], [[8.69144, 62.14765], [8.69138, 62.14769]], [[8.68331, 62.15228], [8.67883, 62.15413]], [[8.67883, 62.15413], [8.67871, 62.15417]], [[8.67045, 62.1576], [8.66993, 62.15784]], [[8.65525, 62.16438], [8.65208, 62.16616]], [[8.64311, 62.16929], [8.6193, 62.17858]], [[8.6193, 62.17858], [8.61057, 62.18126]], [[8.61057, 62.18126], [8.61048, 62.18128]], [[8.61048, 62.18128], [8.60248, 62.18287]], [[8.60248, 62.18287], [8.59925, 62.18357]], [[8.59925, 62.18357], [8.59914, 62.1836]], [[8.59914, 62.1836], [8.58874, 62.18548]], [[8.58874, 62.18548], [8.58188, 62.18657]], [[8.55996, 62.18997], [8.55547, 62.19034]], [[8.55217, 62.19067], [8.55093, 62.19083]], [[8.55093, 62.19083], [8.54822, 62.19099]], [[8.54822, 62.19099], [8.54813, 62.19099]], [[8.52272, 62.19429], [8.52149, 62.19448]], [[8.51628, 62.19616], [8.51461, 62.19658]], [[8.51461, 62.19658], [8.51081, 62.19743]], [[8.51081, 62.19743], [8.5107, 62.19745]], [[8.48912, 62.20241], [8.48485, 62.20417]], [[8.48929, 62.20235], [8.48912, 62.20241]], [[8.48476, 62.20421], [8.4731, 62.20858]], [[8.4731, 62.20858], [8.47035, 62.20948]], [[8.47035, 62.20948], [8.47028, 62.2095]], [[8.47028, 62.2095], [8.46738, 62.21045]], [[8.46738, 62.21045], [8.46728, 62.21048]], [[8.46728, 62.21048], [8.46561, 62.21103]], [[8.46561, 62.21103], [8.4593, 62.21308]], [[8.4593, 62.21308], [8.4592, 62.21312]], [[8.44727, 62.217], [8.44709, 62.21706]], [[8.43331, 62.22247], [8.42432, 62.22632]], [[8.42423, 62.22635], [8.42123, 62.22714]], [[8.42432, 62.22632], [8.42423, 62.22635]], [[8.42111, 62.22717], [8.41983, 62.22745]], [[8.41831, 62.22774], [8.4181, 62.22778]], [[8.4181, 62.22778], [8.41283, 62.22863]], [[8.41283, 62.22863], [8.40856, 62.22921]], [[8.40856, 62.22921], [8.40612, 62.22949]], [[8.40612, 62.22949], [8.40601, 62.2295]], [[8.40217, 62.22984], [8.39966, 62.22996]], [[8.39955, 62.22996], [8.38544, 62.23008]], [[8.38544, 62.23008], [8.38533, 62.23008]], [[8.38533, 62.23008], [8.37668, 62.23013]], [[8.37668, 62.23013], [8.37352, 62.23015]], [[8.37352, 62.23015], [8.37338, 62.23015]], [[8.37338, 62.23015], [8.3686, 62.23018]], [[8.3686, 62.23018], [8.36675, 62.23019]], [[8.35913, 62.23024], [8.35171, 62.23028]], [[8.34982, 62.2303], [8.34975, 62.2303]], [[8.34904, 62.2303], [8.34513, 62.23052]], [[8.34513, 62.23052], [8.345, 62.23053]], [[8.3381, 62.23235], [8.33634, 62.233]], [[8.33624, 62.23303], [8.32972, 62.23428]], [[8.31745, 62.23582], [8.31414, 62.23568]], [[8.30691, 62.23463], [8.30661, 62.23462]], [[8.30652, 62.23462], [8.30578, 62.23461]], [[8.30578, 62.23461], [8.29031, 62.23547]], [[8.29031, 62.23547], [8.29019, 62.23548]], [[8.29019, 62.23548], [8.28323, 62.23613]], [[8.28323, 62.23613], [8.26724, 62.23724]], [[8.26724, 62.23724], [8.25144, 62.2381]], [[8.25144, 62.2381], [8.2426, 62.23919]], [[8.2426, 62.23919], [8.23599, 62.24069]], [[8.23599, 62.24069], [8.22436, 62.24418]], [[8.22436, 62.24418], [8.22063, 62.24659]], [[8.22047, 62.2467], [8.22039, 62.24675]], [[8.22063, 62.24659], [8.22047, 62.2467]], [[8.22039, 62.24675], [8.21538, 62.25017]], [[8.20699, 62.25576], [8.20518, 62.25669]], [[8.20742, 62.25551], [8.20699, 62.25576]], [[8.20518, 62.25669], [8.20496, 62.25679]], [[8.18128, 62.26281], [8.18098, 62.26299]], [[8.17898, 62.26442], [8.17613, 62.26564]], [[8.15526, 62.27142], [8.15083, 62.27266]], [[8.15538, 62.27137], [8.15526, 62.27142]], [[8.14106, 62.27732], [8.13719, 62.28182]], [[8.13719, 62.28182], [8.13709, 62.28222]], [[8.13805, 62.28538], [8.13793, 62.28571]], [[8.10373, 62.31358], [8.096, 62.31809]], [[8.096, 62.31809], [8.0959, 62.31813]], [[8.07806, 62.33055], [8.07719, 62.33358]], [[8.07719, 62.33358], [8.07714, 62.33366]], [[8.0646, 62.34469], [8.06367, 62.34609]], [[8.06367, 62.34609], [8.06357, 62.34622]], [[8.05841, 62.35025], [8.0563, 62.35217]], [[8.05846, 62.3502], [8.05841, 62.35025]], [[8.05041, 62.36027], [8.05047, 62.36057]], [[8.04863, 62.36633], [8.04845, 62.36618]], [[8.05643, 62.34852], [8.05668, 62.3484]], [[8.06056, 62.33828], [8.0603, 62.33821]], [[8.05916, 62.34492], [8.05918, 62.34483]], [[8.05888, 62.33802], [8.05699, 62.33804]], [[8.03647, 62.35522], [8.03594, 62.3566]], [[8.03594, 62.3566], [8.03591, 62.35667]], [[8.0348, 62.36806], [8.03031, 62.37732]], [[8.03031, 62.37732], [8.03025, 62.37744]], [[8.01617, 62.39275], [8.01609, 62.39332]], [[8.01609, 62.39332], [8.01549, 62.39481]], [[8.00434, 62.4147], [8.00312, 62.41598]], [[8.00437, 62.41466], [8.00434, 62.4147]], [[8.00308, 62.41602], [8.00256, 62.41658]], [[8.00256, 62.41658], [8.00102, 62.4182]], [[8.00102, 62.4182], [8.00016, 62.41911]], [[7.99788, 62.42152], [7.99274, 62.42386]], [[7.99274, 62.42386], [7.99087, 62.42452]], [[7.99087, 62.42452], [7.97871, 62.42869]], [[7.97871, 62.42869], [7.97475, 62.42921]], [[7.95907, 62.42971], [7.95709, 62.42915]], [[7.96038, 62.43], [7.96024, 62.42998]], [[7.96024, 62.42998], [7.95907, 62.42971]], [[7.95578, 62.42894], [7.95266, 62.42904]], [[7.94705, 62.42978], [7.94351, 62.42933]], [[7.94133, 62.42886], [7.93909, 62.42849]], [[7.93909, 62.42849], [7.93393, 62.42813]], [[7.93393, 62.42813], [7.92704, 62.42866]], [[7.92704, 62.42866], [7.92303, 62.42947]], [[7.92303, 62.42947], [7.91629, 62.43089]], [[7.89198, 62.43343], [7.8897, 62.43306]], [[7.8789, 62.4338], [7.87821, 62.43387]], [[7.87808, 62.43388], [7.8705, 62.43459]], [[7.8705, 62.43459], [7.86768, 62.43493]], [[7.86768, 62.43493], [7.86728, 62.43498]], [[7.86728, 62.43498], [7.86591, 62.43512]], [[7.86591, 62.43512], [7.86296, 62.43519]], [[7.86296, 62.43519], [7.86222, 62.4352]], [[7.86222, 62.4352], [7.85256, 62.43676]], [[7.85256, 62.43676], [7.85242, 62.43679]], [[7.84481, 62.4384], [7.84058, 62.44065]], [[7.84058, 62.44065], [7.83875, 62.44242]], [[7.80945, 62.46126], [7.80891, 62.46125]], [[7.80652, 62.46154], [7.80517, 62.46196]], [[7.80517, 62.46196], [7.80357, 62.46256]], [[7.79882, 62.46482], [7.7985, 62.46501]], [[7.78137, 62.47312], [7.77308, 62.4749]], [[7.77272, 62.47497], [7.77248, 62.47503]], [[7.76853, 62.47685], [7.76829, 62.47702]], [[7.76483, 62.47939], [7.76092, 62.48476]], [[7.76092, 62.48476], [7.76089, 62.48482]], [[7.76089, 62.48482], [7.75992, 62.48735]], [[7.76829, 62.47702], [7.76483, 62.47939]], [[7.76168, 62.49475], [7.76583, 62.4965]], [[7.76583, 62.4965], [7.76594, 62.49656]], [[7.76942, 62.50373], [7.76911, 62.50399]], [[7.76911, 62.50399], [7.76542, 62.50803]], [[7.76542, 62.50803], [7.76491, 62.51396]], [[7.76491, 62.51396], [7.76488, 62.51403]], [[7.76488, 62.51403], [7.76472, 62.51431]], [[7.75655, 62.52635], [7.75425, 62.52865]], [[7.75618, 62.5215], [7.75714, 62.52476]], [[7.75714, 62.52476], [7.75655, 62.52635]], [[7.7318, 62.53603], [7.72687, 62.539]], [[7.73183, 62.53599], [7.7318, 62.53603]], [[7.72631, 62.53916], [7.71993, 62.54302]], [[7.71993, 62.54302], [7.71987, 62.54307]], [[7.71987, 62.54307], [7.71743, 62.54578]], [[7.68791, 62.56091], [7.68771, 62.56093]], [[9.13148, 62.07884], [9.13148, 62.07894]]]}}, {"type": "Feature", "properties": {"navn": "R\u00f8rosbanen", "rang": 14, "kilde": "osm", "km": 361.4}, "geometry": {"type": "MultiLineString", "coordinates": [[[11.3934, 62.78676], [11.38538, 62.78632], [11.36777, 62.79174], [11.35928, 62.78486]], [[11.35259, 62.56839], [11.34178, 62.57026], [11.33625, 62.56828]], [[11.39486, 62.63528], [11.38457, 62.63225]], [[10.91252, 61.67974], [10.89722, 61.65505], [10.89765, 61.6446]], [[10.88623, 62.33572], [10.87286, 62.3291], [10.86578, 62.31954]], [[11.09375, 60.79132], [11.0966, 60.79376]], [[11.35207, 61.06198], [11.37421, 61.03724]], [[10.70545, 62.07539], [10.72965, 62.04661]], [[11.36634, 61.12989], [11.37048, 61.13673]], [[11.28049, 60.79379], [11.29254, 60.79626]], [[11.22721, 60.77676], [11.23786, 60.7778], [11.26787, 60.79035]], [[11.17887, 60.78452], [11.2023, 60.77733], [11.21879, 60.77679]], [[11.34535, 60.82056], [11.35081, 60.82561]], [[11.35091, 60.8257], [11.40949, 60.85154]], [[11.11128, 60.79712], [11.12441, 60.7975]], [[11.12466, 60.79749], [11.17879, 60.78454]], [[11.07647, 60.79139], [11.0842, 60.79093]], [[11.08631, 60.79084], [11.09288, 60.79106], [11.0967, 60.79399]], [[11.54194, 60.87775], [11.54708, 60.88067]], [[11.36544, 61.11953], [11.36841, 61.11577], [11.36483, 61.10633]], [[11.18755, 62.88785], [11.18992, 62.87742]], [[11.19447, 62.90752], [11.20519, 62.90208], [11.19419, 62.89797]], [[11.37496, 62.56748], [11.35277, 62.56837]], [[11.34707, 62.5815], [11.34832, 62.57875], [11.35474, 62.57752]], [[11.2776, 62.85002], [11.28631, 62.84921]], [[11.31298, 62.84693], [11.32115, 62.84362]], [[11.38443, 62.8013], [11.39593, 62.78925]], [[11.3504, 62.82561], [11.35678, 62.81783]], [[11.22621, 62.85861], [11.23947, 62.85247]], [[11.36887, 62.81009], [11.38104, 62.80707]], [[11.19921, 62.87335], [11.21339, 62.86975], [11.21718, 62.86116], [11.22514, 62.85934]], [[11.16262, 62.92488], [11.17877, 62.91965]], [[11.29363, 60.79634], [11.30895, 60.79757]], [[11.30921, 60.79764], [11.33939, 60.81678]], [[11.07406, 61.43587], [11.09293, 61.42546]], [[11.31904, 61.25588], [11.32795, 61.24734], [11.32782, 61.24033]], [[10.66515, 62.09104], [10.68995, 62.08341]], [[10.62869, 62.11299], [10.62751, 62.12445]], [[11.13432, 62.45429], [11.1222, 62.44475]], [[10.99681, 62.39859], [10.9887, 62.39249], [10.96276, 62.38697]], [[10.91788, 62.37319], [10.91228, 62.36988], [10.92022, 62.36173], [10.90852, 62.35268]], [[10.61959, 62.16996], [10.63787, 62.18962]], [[10.71938, 62.26862], [10.71318, 62.26852], [10.68718, 62.25924]], [[10.28713, 63.05685], [10.28484, 63.04997]], [[10.28484, 63.04997], [10.28646, 63.05434]], [[11.46833, 60.87546], [11.47879, 60.87239], [11.48515, 60.87315]], [[11.46045, 60.87461], [11.46811, 60.87546]], [[10.75261, 62.94914], [10.77506, 62.94899], [10.78518, 62.9559], [10.82495, 62.96126]], [[10.46445, 63.00098], [10.45569, 63.00809]], [[10.30811, 63.03355], [10.31869, 63.02445], [10.33263, 63.02192]], [[10.42823, 63.0201], [10.43467, 63.02009]], [[10.58811, 62.96403], [10.59461, 62.95616], [10.61716, 62.95297]], [[10.4369, 63.0197], [10.44693, 63.01596]], [[10.91854, 62.9811], [10.92416, 62.98458], [10.92902, 62.98427]], [[10.97776, 62.96098], [10.99334, 62.9571], [11.0065, 62.95803], [11.0314, 62.9547]], [[11.03159, 62.95467], [11.03939, 62.95349]], [[11.04617, 62.94797], [11.07246, 62.94151]], [[11.07295, 62.94141], [11.08384, 62.94125]], [[11.08443, 62.94112], [11.10041, 62.94017], [11.11233, 62.93176]], [[11.12029, 62.93046], [11.14025, 62.92889]], [[10.73425, 62.95498], [10.72569, 62.95675]], [[10.72457, 62.95686], [10.711, 62.95637]], [[10.66677, 62.9417], [10.65405, 62.94368]], [[10.71058, 62.95632], [10.68982, 62.95411]], [[10.46637, 63.00042], [10.4706, 62.99639], [10.4754, 62.99606]], [[10.62104, 62.95312], [10.6335, 62.95131], [10.63671, 62.94448], [10.64455, 62.94302]], [[10.37868, 63.01735], [10.38959, 63.01733]], [[10.40974, 63.01975], [10.42803, 63.02012]], [[11.35485, 62.5775], [11.36509, 62.57626]], [[11.35321, 62.77612], [11.3513, 62.77343]], [[11.34837, 62.76832], [11.33356, 62.75867]], [[11.33352, 62.75863], [11.33, 62.75279]], [[11.33, 62.75275], [11.32902, 62.74855]], [[11.32896, 62.74846], [11.32491, 62.74545]], [[11.32435, 62.74454], [11.32193, 62.73584], [11.32777, 62.72772]], [[11.33843, 62.72204], [11.35669, 62.71166]], [[11.381, 62.69724], [11.38821, 62.69446]], [[11.38827, 62.69441], [11.39781, 62.68404]], [[11.39791, 62.68399], [11.4114, 62.67682]], [[11.41417, 62.67553], [11.41918, 62.67246]], [[11.1502, 62.9273], [11.14248, 62.92873]], [[11.35919, 62.78181], [11.35561, 62.77777]], [[11.1871, 62.89122], [11.18755, 62.88785]], [[11.2864, 62.84919], [11.29426, 62.84823]], [[11.35686, 62.81779], [11.36517, 62.81126]], [[11.34491, 62.82877], [11.34934, 62.82642]], [[11.3331, 62.83849], [11.3448, 62.82883]], [[11.26556, 62.85041], [11.27582, 62.85007]], [[11.30181, 62.84767], [11.30792, 62.84733]], [[11.32125, 62.84358], [11.32872, 62.84072]], [[10.63414, 62.10824], [10.6292, 62.11153]], [[10.62738, 62.12456], [10.62664, 62.12846]], [[10.65532, 62.20786], [10.65716, 62.21682]], [[10.65757, 62.21903], [10.66079, 62.22305]], [[10.76825, 62.27232], [10.77821, 62.27562]], [[10.79856, 62.27899], [10.78205, 62.27684]], [[10.89981, 62.34486], [10.88644, 62.33582]], [[10.99606, 62.40703], [11.00061, 62.41039]], [[11.30191, 62.53922], [11.30495, 62.53364], [11.29902, 62.52452], [11.25465, 62.50244]], [[11.33601, 62.56778], [11.30592, 62.55168], [11.30039, 62.5429]], [[11.25061, 62.50119], [11.23937, 62.50189], [11.23205, 62.4993]], [[11.04625, 61.57168], [11.04007, 61.57559]], [[10.87249, 61.7141], [10.88201, 61.71225]], [[10.91306, 61.68557], [10.91255, 61.6798]], [[10.88201, 61.71225], [10.89629, 61.70486], [10.90509, 61.69468]], [[10.97788, 61.60804], [11.00559, 61.60132], [11.01497, 61.60308]], [[11.01691, 61.60371], [11.0223, 61.603], [11.02406, 61.59919]], [[11.02451, 61.59892], [11.03631, 61.58053]], [[10.86415, 61.71579], [10.87236, 61.7141]], [[11.04007, 61.57559], [11.03666, 61.5796]], [[10.82336, 61.73987], [10.82826, 61.73625]], [[10.8481, 61.79726], [10.84904, 61.78745]], [[10.85376, 61.82769], [10.84487, 61.8163]], [[10.86058, 61.833], [10.85382, 61.82774]], [[10.88306, 61.83881], [10.87128, 61.83615]], [[10.8427, 61.781], [10.82512, 61.76191]], [[10.64196, 62.10326], [10.65506, 62.09497]], [[10.63756, 62.1053], [10.64179, 62.10335]], [[11.06647, 61.54238], [11.06908, 61.53815]], [[11.06801, 61.53118], [11.06723, 61.5172]], [[11.06572, 61.44475], [11.07401, 61.43591]], [[11.05035, 61.45178], [11.05928, 61.44753]], [[11.1474, 61.3944], [11.15967, 61.38921]], [[11.205, 61.37236], [11.21162, 61.36997]], [[11.21662, 61.36817], [11.2217, 61.36378]], [[11.25731, 61.33655], [11.25924, 61.33399]], [[11.26446, 61.32597], [11.26758, 61.31978]], [[11.26761, 61.31967], [11.2845, 61.29211]], [[11.35884, 61.1587], [11.36516, 61.15151]], [[11.37079, 61.1435], [11.37048, 61.13673]], [[11.33653, 61.215], [11.33717, 61.2103]], [[11.33911, 61.19989], [11.34601, 61.17697], [11.35841, 61.15904]], [[11.29201, 61.28537], [11.30005, 61.28145]], [[11.06455, 61.50377], [11.05632, 61.48571], [11.05068, 61.48363]], [[11.05301, 61.56484], [11.05137, 61.55564], [11.06647, 61.54238]], [[11.26364, 61.32723], [11.25948, 61.33361]], [[11.34947, 61.06658], [11.352, 61.06206]], [[11.54151, 60.88926], [11.54694, 60.88099]], [[11.35193, 61.07502], [11.3495, 61.06664]], [[11.39369, 61.01667], [11.3987, 61.01167]], [[11.40919, 61.00398], [11.42585, 60.99514]], [[11.46694, 60.97869], [11.4846, 60.96779], [11.51384, 60.93074], [11.52747, 60.90277], [11.54098, 60.88963]], [[10.29374, 63.04107], [10.30811, 63.03355]], [[10.28562, 63.04786], [10.2899, 63.04419]], [[11.26825, 60.79045], [11.27911, 60.7934]], [[11.52783, 60.87849], [11.54194, 60.87775]], [[11.10545, 60.79693], [11.11128, 60.79712]], [[11.34041, 60.81749], [11.34502, 60.82036]], [[11.44917, 60.87058], [11.46045, 60.87461]], [[11.40949, 60.85154], [11.43148, 60.86496], [11.44905, 60.87053]], [[11.48515, 60.87315], [11.5053, 60.87925], [11.52724, 60.87852]], [[11.21953, 60.77679], [11.22721, 60.77676]], [[11.38332, 62.57402], [11.37385, 62.5752]], [[11.38293, 62.56962], [11.3757, 62.56768]], [[11.34924, 62.58606], [11.34707, 62.5815]], [[11.40332, 62.64105], [11.39486, 62.63528]], [[11.38457, 62.63225], [11.37142, 62.62082]], [[11.37142, 62.62082], [11.36017, 62.60903]], [[11.37385, 62.5752], [11.36509, 62.57626]], [[11.36015, 62.60899], [11.34924, 62.58606]], [[11.41921, 62.66516], [11.41696, 62.64954], [11.40332, 62.64105]], [[10.55505, 62.98404], [10.5631, 62.97542]], [[10.52742, 62.99328], [10.552, 62.9865]], [[10.50245, 62.99608], [10.5073, 62.99413], [10.52742, 62.99328]], [[10.4754, 62.99606], [10.49255, 62.99818], [10.49954, 62.99681]], [[10.44693, 63.01596], [10.45409, 63.0092]], [[10.39338, 63.01794], [10.40974, 63.01975]], [[10.33955, 63.01925], [10.35344, 63.0175]], [[10.35344, 63.0175], [10.37856, 63.01735]], [[10.73425, 62.95498], [10.75261, 62.94914]], [[10.68982, 62.95411], [10.6818, 62.94841]], [[10.68175, 62.94837], [10.67544, 62.9436], [10.66677, 62.9417]], [[10.64455, 62.94302], [10.65356, 62.94372]], [[10.5631, 62.97542], [10.58811, 62.96403]], [[11.35669, 62.71166], [11.36103, 62.70939]], [[11.32908, 62.72673], [11.33836, 62.72207]], [[11.35129, 62.77338], [11.34837, 62.76832]], [[11.35922, 62.7848], [11.35919, 62.78181]], [[11.38419, 62.80434], [11.38443, 62.8013]], [[11.23947, 62.85247], [11.25973, 62.85094]], [[11.18992, 62.87742], [11.19921, 62.87335]], [[11.19419, 62.89797], [11.18706, 62.89128]], [[11.18184, 62.91616], [11.19447, 62.90752]], [[11.11245, 62.93174], [11.12029, 62.93046]], [[11.0395, 62.95345], [11.04617, 62.94797]], [[10.95329, 62.96866], [10.97776, 62.96098]], [[10.92997, 62.9836], [10.94331, 62.97969], [10.94484, 62.97232], [10.95329, 62.96866]], [[10.91139, 62.97921], [10.91854, 62.9811]], [[10.87675, 62.96652], [10.91139, 62.97921]], [[10.86331, 62.96211], [10.87675, 62.96652]], [[10.83616, 62.9602], [10.84736, 62.95963], [10.86331, 62.96211]], [[10.82741, 62.96111], [10.83503, 62.96032]], [[11.3752, 62.70194], [11.381, 62.69724]], [[11.3626, 62.70857], [11.3752, 62.70194]], [[11.41951, 62.6709], [11.41921, 62.66516]], [[11.37546, 61.0347], [11.37984, 61.03039]], [[11.37984, 61.03039], [11.38856, 61.02178]], [[11.38861, 61.02174], [11.39369, 61.01667]], [[11.40118, 61.0092], [11.40919, 61.00398]], [[11.42892, 60.99372], [11.43975, 60.98973]], [[11.45792, 60.98341], [11.46652, 60.97893]], [[11.36524, 61.15138], [11.37079, 61.1435]], [[11.36634, 61.12989], [11.36245, 61.1251], [11.36544, 61.11953]], [[11.36483, 61.10633], [11.35395, 61.08546]], [[11.35395, 61.08546], [11.35181, 61.07695]], [[11.28454, 61.29206], [11.29201, 61.28537]], [[11.30005, 61.28145], [11.31347, 61.2679]], [[11.31347, 61.2679], [11.317, 61.26491]], [[11.317, 61.26491], [11.31901, 61.26049]], [[11.32786, 61.24019], [11.33641, 61.21535]], [[11.33717, 61.2103], [11.33589, 61.20624]], [[11.33672, 61.20392], [11.33911, 61.19989]], [[11.06912, 61.538], [11.06801, 61.53118]], [[11.06859, 61.51145], [11.06455, 61.50377]], [[11.04561, 61.48323], [11.03717, 61.47552], [11.04096, 61.47022]], [[11.04096, 61.47022], [11.04409, 61.46502]], [[11.0445, 61.46278], [11.05035, 61.45178]], [[11.05928, 61.44753], [11.06554, 61.44485]], [[11.09293, 61.42546], [11.12783, 61.4142], [11.13494, 61.4089]], [[11.13494, 61.4089], [11.14245, 61.40412], [11.14734, 61.39455]], [[11.15967, 61.38921], [11.16885, 61.38537]], [[11.16885, 61.38537], [11.20478, 61.37244]], [[11.2217, 61.36378], [11.22732, 61.3594]], [[11.22732, 61.3594], [11.25029, 61.34357]], [[11.25029, 61.34357], [11.25728, 61.33659]], [[10.86751, 61.83504], [10.86058, 61.833]], [[10.84487, 61.8163], [10.847, 61.80051]], [[10.84895, 61.78732], [10.8427, 61.781]], [[10.82512, 61.76191], [10.82034, 61.74714]], [[10.82034, 61.74714], [10.8224, 61.74198]], [[10.82826, 61.73625], [10.86415, 61.71579]], [[10.90509, 61.69468], [10.91305, 61.68562]], [[10.89765, 61.6446], [10.89867, 61.64077]], [[10.89867, 61.64077], [10.9018, 61.62805]], [[10.9018, 61.62805], [10.91087, 61.62008]], [[10.91087, 61.62008], [10.93342, 61.61168], [10.97526, 61.60879]], [[10.65842, 62.09303], [10.66489, 62.09112]], [[10.68995, 62.08341], [10.69445, 62.07983]], [[10.69574, 62.07835], [10.70545, 62.07539]], [[10.72965, 62.04661], [10.74244, 62.04187]], [[10.74244, 62.04187], [10.75049, 62.0384]], [[10.75049, 62.0384], [10.79467, 62.02761]], [[10.79467, 62.02761], [10.83614, 62.01685], [10.8454, 62.00552], [10.86022, 61.99657]], [[10.86022, 61.99657], [10.88194, 61.99357], [10.89098, 61.98998]], [[10.89098, 61.98998], [10.89718, 61.98251], [10.8915, 61.95967], [10.89706, 61.94865]], [[10.89706, 61.94865], [10.90348, 61.94162], [10.89422, 61.93162], [10.88607, 61.92791]], [[10.88607, 61.92791], [10.87882, 61.92034], [10.87792, 61.91321]], [[10.87792, 61.91321], [10.87515, 61.90766]], [[10.87515, 61.90766], [10.87459, 61.895], [10.87881, 61.89186]], [[10.87881, 61.89186], [10.89106, 61.88745]], [[10.89124, 61.88737], [10.90719, 61.87304], [10.90933, 61.8596]], [[10.90933, 61.8596], [10.90575, 61.85417]], [[10.90575, 61.85417], [10.90162, 61.84386], [10.88306, 61.83881]], [[10.66329, 62.22626], [10.66079, 62.22305]], [[10.63787, 62.18962], [10.64228, 62.19421]], [[10.64228, 62.19421], [10.65526, 62.2078]], [[10.62175, 62.14605], [10.61827, 62.16808]], [[10.62664, 62.12857], [10.62175, 62.14605]], [[10.75154, 62.26963], [10.71938, 62.26862]], [[10.76539, 62.27157], [10.75409, 62.27012]], [[10.68718, 62.25924], [10.67127, 62.24835], [10.66441, 62.23133]], [[10.66441, 62.23133], [10.66329, 62.22626]], [[11.12113, 62.44076], [11.10999, 62.43016]], [[11.23205, 62.4993], [11.22387, 62.49682]], [[11.17969, 62.4774], [11.17488, 62.47543]], [[10.81192, 62.28357], [10.80306, 62.28009]], [[10.83686, 62.28924], [10.81192, 62.28357]], [[10.86578, 62.31954], [10.8639, 62.31615]], [[10.92782, 62.3764], [10.91788, 62.37319]], [[10.94148, 62.37798], [10.92782, 62.3764]], [[10.96276, 62.38697], [10.95363, 62.38074], [10.94176, 62.378]], [[10.99684, 62.39871], [10.99584, 62.40567]], [[10.90852, 62.35268], [10.90012, 62.34511]], [[10.85886, 62.30995], [10.8453, 62.29348], [10.83704, 62.28929]], [[11.02972, 62.4144], [11.01232, 62.41421], [11.00101, 62.41063]], [[11.10999, 62.43016], [11.08511, 62.42278]], [[11.08511, 62.42278], [11.07789, 62.41853], [11.0635, 62.41599], [11.02972, 62.4144]], [[11.17488, 62.47543], [11.13432, 62.45429]], [[11.22062, 62.49629], [11.19894, 62.49228], [11.17969, 62.4774]], [[11.30039, 62.5429], [11.30102, 62.5402]], [[10.8639, 62.31615], [10.85893, 62.31003]], [[10.33277, 63.02186], [10.33955, 63.01925]], [[11.1222, 62.44475], [11.12117, 62.44091]], [[11.43975, 60.98973], [11.44844, 60.98702]], [[11.44858, 60.98697], [11.45779, 60.98346]], [[11.04648, 61.57154], [11.05299, 61.56491]], [[10.28713, 63.05685], [10.28484, 63.04997]]]}}, {"type": "Feature", "properties": {"navn": "Bratsbergbanen", "rang": 13, "kilde": "osm", "km": 46.5}, "geometry": {"type": "MultiLineString", "coordinates": [[[9.60038, 59.22195], [9.5994, 59.22285]], [[9.55348, 59.25572], [9.55295, 59.25573]], [[9.55295, 59.25573], [9.54483, 59.26106]], [[9.56542, 59.25504], [9.56419, 59.25527]], [[9.56419, 59.25527], [9.56278, 59.25554]], [[9.65876, 59.14225], [9.65883, 59.14244]], [[9.65883, 59.14244], [9.65925, 59.14342]], [[9.61563, 59.20382], [9.60943, 59.21378]], [[9.60943, 59.21378], [9.60798, 59.21549]], [[9.64426, 59.16871], [9.6436, 59.16965]], [[9.66023, 59.14554], [9.65958, 59.15]], [[9.66018, 59.14544], [9.66023, 59.14554]], [[9.60115, 59.22139], [9.60438, 59.21861]], [[9.60507, 59.21803], [9.60488, 59.21818]], [[9.60523, 59.21789], [9.60507, 59.21803]], [[9.60038, 59.22195], [9.60084, 59.22151]], [[9.63239, 59.18142], [9.62327, 59.19317]], [[9.62081, 59.19773], [9.61905, 59.19975]], [[9.63642, 59.17823], [9.63265, 59.18123]], [[9.63265, 59.18123], [9.63239, 59.18142]], [[9.63703, 59.17769], [9.63642, 59.17823]], [[9.61694, 59.20211], [9.61606, 59.20312]], [[9.61702, 59.20203], [9.61694, 59.20211]], [[9.62089, 59.19765], [9.62081, 59.19773]], [[9.62213, 59.19607], [9.62089, 59.19765]], [[9.62218, 59.19599], [9.62213, 59.19607]], [[9.64634, 59.16398], [9.64153, 59.1728]], [[9.65873, 59.1422], [9.65876, 59.14225]], [[9.66007, 59.13813], [9.6594, 59.13888]], [[9.66007, 59.13813], [9.65873, 59.1422]], [[9.60084, 59.22151], [9.60488, 59.21818]], [[9.60488, 59.21818], [9.60096, 59.22153]], [[9.59604, 59.22599], [9.59599, 59.22604]], [[9.61905, 59.19975], [9.61897, 59.19984]], [[9.59846, 59.22372], [9.59826, 59.2239]], [[9.61897, 59.19984], [9.61702, 59.20203]], [[9.59826, 59.2239], [9.59604, 59.22599]], [[9.6594, 59.13888], [9.65873, 59.1422]], [[9.60096, 59.22153], [9.60038, 59.22195]], [[9.59599, 59.22604], [9.57386, 59.25267]], [[9.56254, 59.25557], [9.55355, 59.25572]], [[9.56278, 59.25554], [9.56254, 59.25557]], [[9.34893, 59.3351], [9.345, 59.33706]], [[9.35278, 59.33423], [9.35101, 59.33489]], [[9.45468, 59.31047], [9.45024, 59.31359]], [[9.34771, 59.34366], [9.3463, 59.34064]], [[9.46963, 59.3067], [9.46801, 59.30787]], [[9.35056, 59.35961], [9.35422, 59.36008]], [[9.3909, 59.30928], [9.38637, 59.309]], [[9.54341, 59.26163], [9.53915, 59.26496]], [[9.33636, 59.38137], [9.33222, 59.38376]], [[9.37627, 59.30762], [9.3762, 59.3076]], [[9.34827, 59.34559], [9.34828, 59.34564]], [[9.41005, 59.31062], [9.40981, 59.31055]], [[9.41838, 59.31217], [9.41802, 59.31211]], [[9.54432, 59.26127], [9.54405, 59.26138]], [[9.49021, 59.29918], [9.49001, 59.29923]], [[9.3463, 59.34064], [9.34627, 59.34059]], [[9.32348, 59.41634], [9.32345, 59.41643]], [[9.53915, 59.26496], [9.53908, 59.26505]], [[9.3376, 59.3809], [9.33636, 59.38137]], [[9.3552, 59.33223], [9.35516, 59.33229]], [[9.35422, 59.36008], [9.35431, 59.36011]], [[9.36301, 59.30951], [9.36292, 59.30952]], [[9.54405, 59.26138], [9.54358, 59.26156]], [[9.34733, 59.35258], [9.34734, 59.35267]], [[9.34634, 59.34056], [9.34637, 59.34061]], [[9.38637, 59.309], [9.38627, 59.30901]], [[9.46801, 59.30787], [9.46784, 59.30811]], [[9.34152, 59.37983], [9.34142, 59.37985]], [[9.3564, 59.3128], [9.35633, 59.31284]], [[9.32345, 59.41643], [9.32345, 59.41645]], [[9.5246, 59.2813], [9.52454, 59.28137]], [[9.33188, 59.38423], [9.33183, 59.38429]], [[9.39098, 59.30929], [9.3909, 59.30928]], [[9.3528, 59.31568], [9.35273, 59.31576]], [[9.5285, 59.27867], [9.52841, 59.27873]], [[9.37974, 59.30921], [9.3796, 59.30918]], [[9.34513, 59.33798], [9.34518, 59.3381]], [[9.32345, 59.41645], [9.32333, 59.41689]], [[9.54358, 59.26156], [9.54341, 59.26163]], [[9.32796, 59.41233], [9.32785, 59.41235]], [[9.3796, 59.30918], [9.37933, 59.30909]], [[9.35049, 59.32455], [9.3532, 59.32737]], [[9.38627, 59.30901], [9.38299, 59.30937]], [[9.35494, 59.32877], [9.3552, 59.33223]], [[9.34828, 59.34564], [9.34831, 59.34738]], [[9.47756, 59.30502], [9.47056, 59.30643]], [[9.35633, 59.31284], [9.3528, 59.31568]], [[9.34571, 59.33922], [9.34634, 59.34056]], [[9.3199, 59.39661], [9.31984, 59.39687]], [[9.34518, 59.3381], [9.34571, 59.33922]], [[9.35145, 59.37041], [9.35153, 59.37084]], [[9.35431, 59.36011], [9.35586, 59.36479]], [[9.46621, 59.30936], [9.45611, 59.30993]], [[9.34734, 59.35267], [9.34669, 59.35698]], [[9.41802, 59.31211], [9.41005, 59.31062]], [[9.35101, 59.33489], [9.34988, 59.33504]], [[9.38013, 59.30931], [9.37974, 59.30921]], [[9.35389, 59.32781], [9.35494, 59.32877]], [[9.35586, 59.36479], [9.35467, 59.36571]], [[9.35041, 59.32403], [9.35049, 59.32455]], [[9.47056, 59.30643], [9.46963, 59.3067]], [[9.34988, 59.33504], [9.34893, 59.3351]], [[9.32785, 59.41235], [9.32354, 59.41615]], [[9.35467, 59.36571], [9.35435, 59.36607]], [[9.36292, 59.30952], [9.3564, 59.3128]], [[9.35273, 59.31576], [9.35037, 59.32371]], [[9.3525, 59.37328], [9.35183, 59.3742]], [[9.50608, 59.29193], [9.49021, 59.29918]], [[9.34927, 59.35944], [9.35056, 59.35961]], [[9.47834, 59.30432], [9.47756, 59.30502]], [[9.46784, 59.30811], [9.46733, 59.30872]], [[9.34771, 59.34366], [9.34777, 59.34381]], [[9.3762, 59.3076], [9.36301, 59.30951]], [[9.46733, 59.30872], [9.46621, 59.30936]], [[9.37933, 59.30909], [9.37875, 59.30886]], [[9.37875, 59.30886], [9.37712, 59.30793]], [[9.3522, 59.37208], [9.3525, 59.37328]], [[9.45611, 59.30993], [9.45468, 59.31047]], [[9.33183, 59.38429], [9.32042, 59.3946]], [[9.53908, 59.26505], [9.53606, 59.26831]], [[9.50662, 59.29066], [9.50608, 59.29193]], [[9.35516, 59.33229], [9.35418, 59.33324]], [[9.35418, 59.33324], [9.35278, 59.33423]], [[9.35153, 59.37084], [9.3522, 59.37208]], [[9.32345, 59.41645], [9.32322, 59.41697]], [[9.52454, 59.28137], [9.51696, 59.28712]], [[9.40981, 59.31055], [9.39098, 59.30929]], [[9.37712, 59.30793], [9.37627, 59.30762]], [[9.34637, 59.34061], [9.34771, 59.34366]], [[9.34142, 59.37985], [9.3394, 59.38028]], [[9.34627, 59.34059], [9.34571, 59.33922]], [[9.345, 59.33706], [9.34512, 59.33797]], [[9.52841, 59.27873], [9.52538, 59.28069]], [[9.31984, 59.39687], [9.32058, 59.40312], [9.32998, 59.40776]], [[9.65925, 59.14342], [9.66018, 59.14544]], [[9.61606, 59.20312], [9.61575, 59.20357]], [[9.62327, 59.19317], [9.62218, 59.19599]], [[9.64634, 59.16398], [9.64153, 59.1728]], [[9.61575, 59.20357], [9.61563, 59.20382]], [[9.60532, 59.21782], [9.60523, 59.21789]], [[9.57167, 59.25376], [9.56542, 59.25504]], [[9.57386, 59.25267], [9.57167, 59.25376]], [[9.60798, 59.21549], [9.60532, 59.21782]], [[9.5994, 59.22285], [9.59846, 59.22372]], [[9.54483, 59.26106], [9.54432, 59.26127]], [[9.55355, 59.25572], [9.55348, 59.25572]], [[9.53606, 59.26831], [9.53452, 59.27168]], [[9.53452, 59.27168], [9.5285, 59.27867]], [[9.52538, 59.28069], [9.5246, 59.2813]], [[9.51696, 59.28712], [9.50675, 59.29051]], [[9.50675, 59.29051], [9.50662, 59.29066]], [[9.49001, 59.29923], [9.48241, 59.30104]], [[9.45024, 59.31359], [9.44003, 59.31128], [9.41838, 59.31217]], [[9.48241, 59.30104], [9.47834, 59.30432]], [[9.38299, 59.30937], [9.38013, 59.30931]], [[9.35037, 59.32371], [9.35041, 59.32403]], [[9.3532, 59.32737], [9.35389, 59.32781]], [[9.34512, 59.33797], [9.34513, 59.33798]], [[9.34777, 59.34381], [9.34778, 59.34384]], [[9.34778, 59.34384], [9.34827, 59.34559]], [[9.34831, 59.34738], [9.34733, 59.35258]], [[9.35433, 59.3661], [9.35145, 59.37041]], [[9.34669, 59.35698], [9.34927, 59.35944]], [[9.35435, 59.36607], [9.35433, 59.3661]], [[9.35183, 59.3742], [9.34152, 59.37983]], [[9.33222, 59.38376], [9.33188, 59.38423]], [[9.32042, 59.3946], [9.31997, 59.39562]], [[9.3394, 59.38028], [9.3376, 59.3809]], [[9.31997, 59.39562], [9.3199, 59.39661]], [[9.32354, 59.41615], [9.32348, 59.41634]], [[9.32998, 59.40776], [9.32796, 59.41233]], [[9.65958, 59.15], [9.64634, 59.16398]], [[9.64153, 59.1728], [9.63703, 59.17769]], [[9.64426, 59.16871], [9.64524, 59.1661]], [[9.60507, 59.21803], [9.60488, 59.21818]]]}}, {"type": "Feature", "properties": {"navn": "S\u00f8rlandsbanen", "rang": 12, "kilde": "osm", "km": 489.5}, "geometry": {"type": "MultiLineString", "coordinates": [[[7.52402, 58.19655], [7.51871, 58.20093]], [[6.00417, 58.46132], [5.99715, 58.46146]], [[9.83286, 59.71684], [9.82212, 59.71624]], [[7.37257, 58.31347], [7.36971, 58.31575]], [[7.36296, 58.32326], [7.35805, 58.32421]], [[7.21842, 58.33199], [7.20824, 58.33139]], [[8.22821, 58.52045], [8.22609, 58.51794]], [[6.97881, 58.37123], [6.97212, 58.37261]], [[6.67937, 58.42211], [6.67441, 58.42011]], [[6.67187, 58.41506], [6.67118, 58.41231]], [[6.66132, 58.41653], [6.65988, 58.42017]], [[6.66963, 58.40971], [6.66527, 58.40697], [6.65906, 58.40839]], [[6.9471, 58.3827], [6.84956, 58.38513]], [[9.2526, 59.39377], [9.24507, 59.38993]], [[7.55009, 58.18092], [7.54468, 58.18234]], [[7.6052, 58.19547], [7.59764, 58.1845]], [[9.34166, 59.50498], [9.34236, 59.50148]], [[7.93298, 58.22267], [7.92452, 58.21748]], [[9.14667, 58.95967], [9.13966, 58.9543]], [[9.06556, 59.09711], [9.06312, 59.09217]], [[9.10307, 59.12137], [9.10439, 59.1158]], [[6.56073, 58.44904], [6.55558, 58.45343]], [[6.38252, 58.46743], [6.37565, 58.46584]], [[6.36033, 58.51673], [6.35595, 58.5231], [6.35022, 58.52534]], [[8.41048, 58.59658], [8.40173, 58.58863]], [[8.53439, 58.62805], [8.52789, 58.62745]], [[8.56789, 58.63949], [8.56027, 58.6367]], [[5.75408, 58.53882], [5.74612, 58.54158]], [[5.83356, 58.49495], [5.81775, 58.49783]], [[5.74612, 58.54158], [5.72917, 58.55055]], [[5.71975, 58.82596], [5.72265, 58.82958]], [[9.90406, 59.77094], [9.89862, 59.77162], [9.89562, 59.76915]], [[9.58957, 59.63707], [9.58301, 59.6364]], [[9.32333, 59.41689], [9.31795, 59.42357]], [[7.98092, 58.28576], [7.97677, 58.26847]], [[7.50337, 58.23809], [7.4991, 58.2425]], [[9.63885, 59.66999], [9.63939, 59.66351]], [[9.64774, 59.67379], [9.65318, 59.67089]], [[5.73321, 58.84476], [5.73412, 58.84838]], [[5.73395, 58.84819], [5.73319, 58.84516]], [[9.63439, 59.64903], [9.6368, 59.64455]], [[5.64144, 58.63097], [5.63425, 58.65374]], [[9.6386, 59.65982], [9.63634, 59.6564]], [[9.76314, 59.665], [9.74075, 59.65039]], [[10.00185, 59.75219], [9.98479, 59.75464]], [[9.8933, 59.76306], [9.88836, 59.75238], [9.87954, 59.74641]], [[5.74572, 58.94913], [5.7531, 58.94312]], [[5.72831, 58.9144], [5.73143, 58.91208]], [[9.331, 59.48868], [9.33534, 59.49334]], [[9.32238, 59.476], [9.33732, 59.46363]], [[7.84991, 58.15177], [7.84479, 58.15294]], [[9.68734, 59.62427], [9.68493, 59.62714]], [[5.73908, 58.90529], [5.74508, 58.8916]], [[5.74522, 58.89142], [5.7487, 58.88526], [5.7461, 58.87784]], [[9.67719, 59.63101], [9.66489, 59.63563]], [[9.6364, 59.64082], [9.63513, 59.63622]], [[9.61942, 59.63], [9.6142, 59.62975]], [[5.6741, 58.57643], [5.6543, 58.59873], [5.64692, 58.61706]], [[5.81306, 58.49934], [5.80783, 58.50253]], [[5.93114, 58.47293], [5.92163, 58.4749]], [[5.93987, 58.4718], [5.93114, 58.47293]], [[6.7942, 58.40509], [6.76882, 58.40244]], [[6.80115, 58.39806], [6.7942, 58.40509]], [[7.0309, 58.36174], [7.02315, 58.36321], [7.01888, 58.36678]], [[7.36705, 58.28626], [7.36295, 58.28816]], [[7.37243, 58.28554], [7.36705, 58.28626]], [[7.87017, 58.1551], [7.85954, 58.15091]], [[7.97266, 58.15013], [7.96629, 58.15226]], [[9.59806, 59.63393], [9.60335, 59.63333]], [[9.30361, 59.403], [9.29757, 59.40218]], [[5.64858, 58.73122], [5.64987, 58.73574]], [[5.64735, 58.72651], [5.64835, 58.73034]], [[5.63959, 58.66462], [5.64237, 58.66823]], [[5.64722, 58.67453], [5.65339, 58.68256]], [[9.56556, 59.62972], [9.54242, 59.6301]], [[5.64858, 58.73122], [5.64986, 58.73574]], [[9.06482, 59.09028], [9.06946, 59.07234]], [[9.6593, 59.65872], [9.65449, 59.66441]], [[5.74515, 58.89162], [5.73915, 58.90531]], [[5.73151, 58.91209], [5.72838, 58.91443]], [[5.75318, 58.94313], [5.74714, 58.94778]], [[5.74418, 58.86758], [5.74476, 58.86299]], [[5.74425, 58.86779], [5.74077, 58.87338], [5.74495, 58.87698]], [[5.74484, 58.86299], [5.74425, 58.86758]], [[7.8371, 58.15552], [7.83368, 58.15844]], [[7.97467, 58.14906], [7.98066, 58.14605]], [[5.74616, 58.87783], [5.74879, 58.88513], [5.74529, 58.89144]], [[5.74489, 58.87701], [5.74069, 58.87329], [5.74417, 58.86779]], [[6.15321, 58.53366], [6.14668, 58.53188]], [[5.80203, 58.50537], [5.80516, 58.5139]], [[9.38459, 59.53584], [9.38986, 59.53334], [9.38408, 59.53048]], [[9.42644, 59.60506], [9.40636, 59.60059]], [[5.64692, 58.61706], [5.6452, 58.62144]], [[5.64682, 58.61751], [5.64542, 58.62106]], [[7.54064, 58.18745], [7.53523, 58.19175]], [[6.36463, 58.47089], [6.36331, 58.47455]], [[6.60907, 58.44227], [6.60158, 58.44146]], [[6.35752, 58.47899], [6.35107, 58.48497], [6.35118, 58.49303]], [[5.72783, 58.91484], [5.72701, 58.92019], [5.73926, 58.92443]], [[5.7392, 58.92446], [5.72698, 58.92026], [5.72776, 58.9148]], [[9.63624, 59.65631], [9.63412, 59.65346]], [[7.97013, 58.25582], [7.96677, 58.25129]], [[5.73743, 58.96273], [5.74572, 58.94913]], [[5.74575, 58.9492], [5.73748, 58.96276]], [[5.72272, 58.82968], [5.7303, 58.83866]], [[5.73045, 58.83882], [5.73258, 58.84237]], [[5.77873, 58.5301], [5.75444, 58.53871]], [[5.63959, 58.66462], [5.64239, 58.66822]], [[8.00166, 58.31284], [7.99122, 58.3059]], [[7.98771, 58.30474], [7.98058, 58.30124]], [[7.97912, 58.29155], [7.98122, 58.28693]], [[7.94227, 58.1739], [7.94999, 58.16587]], [[5.69171, 58.56896], [5.68547, 58.57092]], [[5.80002, 58.52124], [5.78102, 58.52892]], [[5.69172, 58.56897], [5.68547, 58.57093]], [[5.70358, 58.564], [5.69194, 58.56889]], [[5.8816, 58.489], [5.87281, 58.49142], [5.85391, 58.48917], [5.83455, 58.49482]], [[5.68525, 58.571], [5.67981, 58.5727]], [[5.71696, 58.55958], [5.70367, 58.56396]], [[5.97336, 58.47005], [5.96753, 58.47143]], [[5.90019, 58.4835], [5.89647, 58.48667]], [[5.90423, 58.48005], [5.90124, 58.4826]], [[5.99197, 58.46313], [5.98302, 58.46737]], [[6.01813, 58.463], [6.01078, 58.46221]], [[6.02424, 58.47249], [6.02484, 58.46749], [6.01829, 58.46301]], [[6.04984, 58.51243], [6.04048, 58.51012], [6.04233, 58.50327], [6.03351, 58.49545], [6.03411, 58.48905]], [[10.15413, 59.74415], [10.16097, 59.74373]], [[10.15789, 59.74384], [10.16336, 59.74358]], [[9.95711, 59.75973], [9.97143, 59.7579]], [[5.73395, 58.84819], [5.73319, 58.84516]], [[5.7331, 58.84429], [5.73412, 58.84838]], [[5.80419, 58.51894], [5.8003, 58.52113]], [[5.8053, 58.51416], [5.80605, 58.51689]], [[5.70964, 58.81598], [5.71584, 58.82215]], [[5.70533, 58.79919], [5.70435, 58.81081]], [[7.96235, 58.24783], [7.95446, 58.24451]], [[9.10187, 59.29734], [9.10108, 59.29427]], [[7.83342, 58.15867], [7.82841, 58.16295]], [[7.92723, 58.15459], [7.91259, 58.15459]], [[7.98053, 58.14604], [7.97282, 58.15004]], [[9.08808, 59.33909], [9.09288, 59.33112], [9.08914, 59.3258], [9.094, 59.31296]], [[7.93255, 58.20116], [7.93314, 58.19459]], [[7.93151, 58.18545], [7.93561, 58.18262]], [[9.10015, 59.29316], [9.09929, 59.28927], [9.10455, 59.28682]], [[8.26562, 58.53218], [8.24268, 58.52536]], [[6.37428, 58.46568], [6.36881, 58.46576]], [[6.31914, 58.54123], [6.3068, 58.54408], [6.28162, 58.54538]], [[9.01972, 58.87081], [9.02676, 58.86975]], [[6.65976, 58.41136], [6.66158, 58.41586]], [[6.54893, 58.45929], [6.53889, 58.4606]], [[7.93386, 58.22706], [7.93345, 58.22325]], [[6.55381, 58.45598], [6.54997, 58.45884]], [[6.21642, 58.55054], [6.19739, 58.54992]], [[6.19372, 58.5491], [6.1826, 58.55152]], [[6.17073, 58.54558], [6.15971, 58.53545]], [[6.26964, 58.54742], [6.25906, 58.54937], [6.22998, 58.54946]], [[6.1826, 58.55152], [6.1774, 58.55049]], [[5.65093, 58.73705], [5.65694, 58.74121]], [[5.91196, 58.47692], [5.90646, 58.47849]], [[9.32646, 59.40971], [9.31199, 59.40315]], [[9.98335, 59.75498], [9.97143, 59.7579]], [[9.86817, 59.73524], [9.86456, 59.73124]], [[9.86456, 59.73124], [9.86817, 59.73524]], [[10.00566, 59.75172], [10.01759, 59.75067]], [[9.80413, 59.70466], [9.79648, 59.69895]], [[9.79648, 59.69895], [9.80413, 59.70466]], [[9.64869, 59.67338], [9.65262, 59.67126]], [[9.90553, 59.77011], [9.91177, 59.76642]], [[9.91177, 59.76642], [9.90587, 59.76998]], [[8.08449, 58.40533], [8.09069, 58.39576]], [[8.1079, 58.44301], [8.09206, 58.43131]], [[8.09104, 58.42983], [8.08918, 58.41899]], [[9.33614, 59.49382], [9.331, 59.48868]], [[9.33534, 59.49334], [9.33161, 59.49059]], [[7.36837, 58.31735], [7.3657, 58.32076]], [[7.65688, 58.20925], [7.63849, 58.2085]], [[7.61962, 58.20457], [7.61679, 58.20114]], [[7.63225, 58.20876], [7.62026, 58.20491]], [[7.52917, 58.19349], [7.52419, 58.19644]], [[7.67226, 58.20693], [7.6653, 58.20925]], [[7.58464, 58.17987], [7.58087, 58.1776]], [[7.55765, 58.17763], [7.55338, 58.1798]], [[7.56341, 58.17522], [7.55881, 58.17682]], [[7.59286, 58.18299], [7.58577, 58.18046]], [[7.0427, 58.34895], [7.04141, 58.35656]], [[6.95958, 58.37875], [6.95485, 58.38111]], [[5.73941, 58.92453], [5.75403, 58.93012], [5.75618, 58.93926], [5.75328, 58.94299]], [[5.7532, 58.94299], [5.7561, 58.9392], [5.75401, 58.93022], [5.73934, 58.92456]], [[9.51084, 59.63159], [9.49905, 59.63019]], [[9.57882, 59.63418], [9.56672, 59.6301]], [[9.60337, 59.63338], [9.59806, 59.63393]], [[9.60965, 59.6317], [9.60356, 59.63334]], [[9.49688, 59.63019], [9.48605, 59.629]], [[6.57707, 58.4429], [6.56847, 58.44632]], [[6.5975, 58.44032], [6.57961, 58.44184]], [[8.17055, 58.4783], [8.13234, 58.45237]], [[6.76154, 58.40387], [6.75621, 58.40635], [6.7489, 58.40527]], [[6.81924, 58.38233], [6.81216, 58.38804]], [[6.76882, 58.40244], [6.76269, 58.40354]], [[6.81204, 58.3881], [6.80492, 58.39219]], [[7.95185, 58.24223], [7.94342, 58.24079], [7.93631, 58.23585]], [[7.92381, 58.21288], [7.9245, 58.20879]], [[5.63591, 58.65924], [5.63912, 58.66401]], [[5.72906, 58.55065], [5.72217, 58.55694]], [[5.67704, 58.77017], [5.68292, 58.77394]], [[5.65981, 58.69621], [5.65814, 58.70298]], [[5.63459, 58.65566], [5.63566, 58.65872]], [[6.13333, 58.52667], [6.12403, 58.52062], [6.10545, 58.51887]], [[6.56827, 58.4464], [6.56257, 58.44838]], [[5.65864, 58.69054], [5.6598, 58.6957]], [[9.3242, 59.41264], [9.32646, 59.40985]], [[9.32333, 59.41689], [9.32024, 59.42095]], [[9.33144, 59.43206], [9.31867, 59.42821], [9.31795, 59.42357]], [[9.33194, 59.48459], [9.32936, 59.48058]], [[9.33436, 59.43532], [9.33152, 59.43214]], [[9.32929, 59.48054], [9.32252, 59.47807]], [[9.33744, 59.46359], [9.34023, 59.46103]], [[9.34022, 59.46094], [9.3395, 59.45418]], [[9.33949, 59.4541], [9.3411, 59.44755]], [[9.34236, 59.50148], [9.33666, 59.4942]], [[9.34102, 59.44544], [9.33475, 59.44177], [9.33567, 59.43671]], [[8.85962, 58.76585], [8.85728, 58.76142]], [[9.37049, 59.52942], [9.34916, 59.5206]], [[9.36897, 59.54624], [9.37014, 59.53777]], [[9.38521, 59.5936], [9.37697, 59.57979]], [[9.37975, 59.57338], [9.38288, 59.56993]], [[9.38152, 59.53067], [9.37616, 59.53132]], [[9.38288, 59.56993], [9.38478, 59.56413]], [[9.53981, 59.63054], [9.52384, 59.63232]], [[9.5237, 59.63235], [9.51447, 59.63275]], [[9.39816, 59.59845], [9.39047, 59.5954]], [[9.38478, 59.56413], [9.38288, 59.56993]], [[9.59806, 59.63393], [9.59201, 59.63579]], [[9.49905, 59.63019], [9.51084, 59.63159]], [[9.46912, 59.62076], [9.46738, 59.6172]], [[9.48587, 59.62898], [9.47282, 59.62887]], [[9.3829, 59.55935], [9.37501, 59.55524]], [[9.37692, 59.57971], [9.37921, 59.57466]], [[9.37491, 59.55517], [9.36902, 59.54633]], [[9.34385, 59.51667], [9.34166, 59.50498]], [[9.46649, 59.6169], [9.45714, 59.61222]], [[9.60354, 59.6333], [9.60965, 59.6317]], [[9.63509, 59.63611], [9.63459, 59.63328]], [[9.10383, 59.04297], [9.13555, 59.0131]], [[9.65467, 59.6665], [9.654, 59.67029]], [[9.70541, 59.62702], [9.6997, 59.6234]], [[9.6997, 59.6234], [9.69219, 59.62232], [9.68734, 59.62427]], [[9.6997, 59.6234], [9.69026, 59.6226]], [[9.65444, 59.64887], [9.65938, 59.65836]], [[9.87088, 59.73788], [9.86817, 59.73524]], [[9.82071, 59.7155], [9.81167, 59.70891]], [[9.86454, 59.73117], [9.86115, 59.72615]], [[9.73918, 59.64867], [9.72464, 59.63907]], [[9.71807, 59.63652], [9.71374, 59.63274]], [[9.79127, 59.69271], [9.78992, 59.68927]], [[9.76314, 59.665], [9.76853, 59.67062]], [[9.76853, 59.67062], [9.76314, 59.665]], [[9.79471, 59.69686], [9.79124, 59.69277]], [[9.77939, 59.67954], [9.76978, 59.67208]], [[9.71369, 59.63267], [9.70551, 59.62709]], [[9.8611, 59.72609], [9.84908, 59.71721], [9.83314, 59.71683]], [[9.78986, 59.68921], [9.77954, 59.67964]], [[9.16241, 59.39158], [9.14605, 59.39637]], [[9.87731, 59.74486], [9.87231, 59.73895]], [[9.97143, 59.7579], [9.95711, 59.75973]], [[10.07184, 59.74888], [10.06288, 59.75098]], [[10.01759, 59.75067], [10.00566, 59.75172]], [[10.06099, 59.75195], [10.05271, 59.75454], [10.04112, 59.75466]], [[9.93558, 59.76085], [9.92312, 59.76048], [9.91271, 59.76578]], [[10.14759, 59.74462], [10.09035, 59.74707]], [[10.09035, 59.74707], [10.07694, 59.74838]], [[8.57277, 58.64432], [8.56861, 58.64041]], [[8.73993, 58.69697], [8.73166, 58.69255]], [[8.61433, 58.65753], [8.59538, 58.65559], [8.58947, 58.65161]], [[8.67655, 58.65893], [8.67394, 58.65604]], [[8.51788, 58.63127], [8.50118, 58.63762], [8.49265, 58.63499], [8.48936, 58.63129]], [[8.66786, 58.65649], [8.66041, 58.65736]], [[9.318, 59.4235], [9.32322, 59.41697]], [[9.06572, 59.40886], [9.06092, 59.40759]], [[9.07477, 59.40963], [9.06092, 59.40759]], [[9.05972, 59.40706], [9.05409, 59.39826]], [[9.18104, 59.39033], [9.17286, 59.38828]], [[9.14588, 59.39643], [9.13882, 59.39892]], [[9.13868, 59.39894], [9.13289, 59.40157]], [[9.26964, 59.39382], [9.26198, 59.39373]], [[9.17286, 59.38828], [9.18104, 59.39033]], [[9.087, 59.40755], [9.07871, 59.40982]], [[9.29738, 59.40214], [9.28798, 59.39999]], [[9.09765, 59.4062], [9.08715, 59.40751]], [[9.20908, 59.38967], [9.18153, 59.39049]], [[9.2359, 59.38838], [9.22568, 59.38649], [9.21762, 59.38765]], [[9.28673, 59.39954], [9.26982, 59.39385]], [[9.1327, 59.40163], [9.09781, 59.40617]], [[9.09922, 59.3014], [9.10164, 59.29753]], [[9.07279, 59.35455], [9.08111, 59.34882]], [[9.09404, 59.31287], [9.09782, 59.30849]], [[9.10178, 59.29733], [9.10108, 59.29427]], [[9.0815, 59.34856], [9.08715, 59.34605], [9.08803, 59.33935]], [[9.045, 59.38025], [9.04937, 59.37136]], [[9.04959, 59.37113], [9.06641, 59.35877]], [[9.09922, 59.3014], [9.10174, 59.29755]], [[9.05395, 59.3981], [9.04189, 59.38586]], [[9.06556, 59.09711], [9.06305, 59.09213]], [[9.10161, 59.11177], [9.09613, 59.10962]], [[9.07827, 59.10625], [9.06857, 59.10242]], [[9.09288, 59.13067], [9.09975, 59.1277]], [[9.08193, 59.1799], [9.08368, 59.17093]], [[9.10143, 59.12557], [9.10304, 59.12142]], [[9.08903, 59.18696], [9.08198, 59.18038]], [[9.08198, 59.18038], [9.08903, 59.18696]], [[9.09484, 59.10918], [9.08589, 59.10586]], [[9.08577, 59.10586], [9.07827, 59.10625]], [[9.08398, 59.16966], [9.08572, 59.15785]], [[9.08308, 59.14967], [9.09075, 59.13229]], [[9.11824, 59.25085], [9.11372, 59.24848]], [[9.1268, 59.25401], [9.11824, 59.25085]], [[9.12087, 59.23803], [9.12118, 59.2353], [9.11453, 59.23174]], [[9.11346, 59.28023], [9.12, 59.27452]], [[9.11453, 59.23174], [9.11079, 59.21573], [9.0967, 59.20961], [9.0933, 59.20551], [9.08029, 59.20141], [9.08061, 59.19546], [9.08983, 59.18941]], [[9.11456, 59.24226], [9.12087, 59.23803]], [[9.10675, 59.2861], [9.10979, 59.2825]], [[9.13401, 59.25899], [9.13291, 59.2552]], [[9.12187, 59.27285], [9.13329, 59.25958]], [[9.15274, 58.97573], [9.15725, 58.96872]], [[9.15274, 58.97573], [9.15725, 58.96872]], [[5.65343, 58.68261], [5.65855, 58.69032]], [[7.80027, 58.18157], [7.79888, 58.18475]], [[7.80986, 58.17507], [7.80236, 58.17793], [7.80027, 58.18157]], [[7.82802, 58.16328], [7.81947, 58.16934]], [[7.84479, 58.15294], [7.83736, 58.1553]], [[7.79567, 58.18744], [7.79223, 58.19086]], [[7.78838, 58.19371], [7.78474, 58.19589]], [[7.79888, 58.18475], [7.79605, 58.18709]], [[7.77738, 58.20278], [7.76434, 58.20044]], [[7.75629, 58.20073], [7.75111, 58.20083]], [[7.75111, 58.20083], [7.74164, 58.20074]], [[7.74164, 58.20074], [7.73661, 58.20116]], [[7.73228, 58.19999], [7.72279, 58.19983]], [[7.54468, 58.18234], [7.54133, 58.18524]], [[7.70541, 58.2011], [7.68101, 58.20553]], [[7.51871, 58.20093], [7.51366, 58.20808]], [[7.50445, 58.23268], [7.50355, 58.23739]], [[7.04803, 58.34329], [7.04254, 58.34733]], [[6.40897, 58.472], [6.38324, 58.46769]], [[6.41642, 58.47308], [6.40973, 58.47206]], [[6.43027, 58.47541], [6.42304, 58.4748]], [[6.49868, 58.4865], [6.48874, 58.48644]], [[6.14072, 58.53025], [6.13346, 58.52676]], [[5.97992, 58.46845], [5.97336, 58.47005]], [[8.0432, 58.34336], [8.03694, 58.33481], [8.01945, 58.32665], [8.00663, 58.31547]], [[8.09063, 58.39287], [8.08081, 58.38352], [8.08259, 58.37796], [8.06673, 58.3677]], [[8.31328, 58.52958], [8.29745, 58.53306], [8.27576, 58.53399], [8.26629, 58.53224]], [[8.32745, 58.53125], [8.31583, 58.5297]], [[8.3911, 58.57882], [8.38453, 58.57497], [8.36026, 58.54086]], [[8.40153, 58.58834], [8.39828, 58.58545]], [[8.43442, 58.61015], [8.4204, 58.60365]], [[8.44765, 58.61233], [8.44191, 58.61081]], [[8.45423, 58.61551], [8.44896, 58.61269]], [[8.47906, 58.62722], [8.46976, 58.61937], [8.46052, 58.61602]], [[8.58518, 58.64891], [8.57891, 58.64722]], [[8.68894, 58.6772], [8.67136, 58.66839], [8.6761, 58.65959]], [[8.77115, 58.71912], [8.75943, 58.71456]], [[9.03647, 58.86578], [9.05739, 58.85612]], [[9.07476, 58.8495], [9.07647, 58.84673], [9.06951, 58.83646], [9.0574, 58.82946]], [[9.04597, 58.88696], [9.03263, 58.88609]], [[9.05509, 58.88738], [9.04868, 58.88772]], [[9.0596, 58.89478], [9.06147, 58.89155]], [[9.0912, 58.90736], [9.0788, 58.903]], [[9.13562, 58.94384], [9.13776, 58.93673], [9.13107, 58.92909]], [[9.14956, 58.98517], [9.15116, 58.9772]], [[9.06966, 59.07201], [9.06984, 59.0692]], [[9.07695, 59.05832], [9.08671, 59.0531]], [[8.86817, 58.77601], [8.86264, 58.77157]], [[8.94927, 58.78412], [8.93049, 58.78512], [8.91953, 58.78277]], [[8.89928, 58.78499], [8.89323, 58.78507], [8.87387, 58.77881]], [[8.96766, 58.79327], [8.95218, 58.78482]], [[8.99814, 58.78777], [8.99149, 58.79442], [8.98114, 58.79468]], [[6.51362, 58.477], [6.50526, 58.48476], [6.49899, 58.48641]], [[7.36295, 58.28816], [7.36963, 58.29685]], [[7.37145, 58.30839], [7.37393, 58.311]], [[7.36862, 58.30514], [7.37097, 58.30782]], [[7.37564, 58.28204], [7.37243, 58.28554]], [[7.39646, 58.27766], [7.37564, 58.28204]], [[8.34978, 58.53475], [8.34394, 58.53193]], [[8.24209, 58.5252], [8.23085, 58.52166]], [[8.8051, 58.73386], [8.77717, 58.72284]], [[8.62821, 58.65828], [8.63411, 58.65566]], [[9.03005, 58.88222], [9.02106, 58.87862]], [[9.01972, 58.87081], [9.02676, 58.86975]], [[7.93469, 58.23386], [7.93495, 58.23016]], [[8.65403, 58.65684], [8.63576, 58.65465]], [[8.63452, 58.65545], [8.62894, 58.65804]], [[7.48012, 58.25581], [7.44847, 58.26762]], [[5.70638, 58.79153], [5.70771, 58.79427]], [[5.68746, 58.77573], [5.70093, 58.78602]], [[5.65694, 58.74121], [5.67843, 58.75872], [5.67703, 58.76821]], [[5.64656, 58.7132], [5.646, 58.72134]], [[5.65814, 58.70298], [5.64656, 58.7132]], [[5.67981, 58.5727], [5.67431, 58.57611]], [[5.71695, 58.82324], [5.71975, 58.82596]], [[8.08651, 58.41348], [8.08368, 58.40604]], [[10.02477, 59.75107], [10.01759, 59.75067]], [[9.81157, 59.70884], [9.80539, 59.70522]], [[9.1106, 58.91617], [9.09813, 58.91018]], [[9.09813, 58.91018], [9.1106, 58.91617]], [[9.13095, 58.92903], [9.1106, 58.91617]], [[9.15654, 58.96463], [9.14847, 58.96151]], [[9.13542, 58.95048], [9.1356, 58.94395]], [[9.07863, 58.90296], [9.0598, 58.89732]], [[7.95701, 58.15451], [7.97272, 58.15015]], [[7.43683, 58.26841], [7.39771, 58.2771]], [[6.84956, 58.38513], [6.84415, 58.38495]], [[6.84356, 58.38488], [6.83751, 58.3842]], [[7.98061, 58.2965], [7.97912, 58.29155]], [[5.68292, 58.77394], [5.68746, 58.77573]], [[5.89647, 58.48667], [5.90019, 58.4835]], [[6.15961, 58.53536], [6.15321, 58.53366]], [[8.04937, 58.35395], [8.04329, 58.34412]], [[6.97196, 58.37266], [6.96464, 58.37719]], [[9.14309, 59.00367], [9.14831, 58.99849], [9.14889, 58.99145]], [[9.06985, 59.06491], [9.07683, 59.05839]], [[6.80338, 58.39283], [6.80123, 58.39794]], [[7.93311, 58.19451], [7.93036, 58.18774]], [[7.93148, 58.20577], [7.9326, 58.20123]], [[9.89562, 59.76915], [9.89512, 59.76534]], [[9.95711, 59.75973], [9.93892, 59.76096]], [[10.04112, 59.75466], [10.03149, 59.75266]], [[10.16557, 59.74351], [10.15942, 59.74386]], [[10.18648, 59.74227], [10.16557, 59.74351]], [[8.75818, 58.71358], [8.744, 58.7049], [8.73993, 58.69697]], [[8.73166, 58.69255], [8.72587, 58.69094]], [[8.72093, 58.68809], [8.7052, 58.68077]], [[8.70506, 58.68074], [8.68894, 58.6772]], [[9.01885, 58.78671], [9.02665, 58.7929]], [[6.48206, 58.48381], [6.45284, 58.47804]], [[6.73936, 58.40875], [6.73316, 58.41044]], [[6.65906, 58.40839], [6.65966, 58.4113]], [[9.66489, 59.63563], [9.65688, 59.64416]], [[9.65688, 59.64416], [9.65449, 59.6487]], [[9.63413, 59.65333], [9.63439, 59.64903]], [[9.63939, 59.66351], [9.63867, 59.65993]], [[9.34916, 59.5206], [9.34532, 59.51749]], [[9.37581, 59.53127], [9.37049, 59.52942]], [[9.37014, 59.53777], [9.37772, 59.53501]], [[9.38477, 59.56398], [9.38358, 59.5613]], [[9.39027, 59.59535], [9.38521, 59.5936]], [[9.40636, 59.60059], [9.39816, 59.59845]], [[9.45714, 59.61222], [9.45153, 59.6107]], [[9.45153, 59.6107], [9.44475, 59.60844]], [[9.07477, 59.40963], [9.06572, 59.40886]], [[9.16814, 59.38848], [9.16241, 59.39158]], [[9.24363, 59.38963], [9.2359, 59.38838]], [[9.31199, 59.40315], [9.30401, 59.40305]], [[9.68484, 59.62719], [9.67729, 59.63094]], [[6.42136, 58.47446], [6.41642, 58.47308]], [[6.67434, 58.41995], [6.67187, 58.41506]], [[5.64364, 58.66988], [5.64711, 58.6744]], [[5.64692, 58.61706], [5.64519, 58.62144]], [[5.70241, 58.78752], [5.70638, 58.79153]], [[5.70435, 58.81081], [5.7086, 58.81496]], [[5.72217, 58.55694], [5.71721, 58.5595]], [[5.88979, 58.48862], [5.8816, 58.489]], [[5.9538, 58.47133], [5.94764, 58.47174]], [[6.03411, 58.48905], [6.02701, 58.47875]], [[6.09174, 58.51843], [6.04984, 58.51243]], [[6.14668, 58.53188], [6.14201, 58.53061]], [[5.64609, 58.7217], [5.64696, 58.72501]], [[7.49225, 58.24723], [7.48012, 58.25581]], [[7.44847, 58.26762], [7.43694, 58.26833]], [[7.35805, 58.32421], [7.21957, 58.33195]], [[6.83113, 58.38348], [6.82132, 58.38239]], [[7.00876, 58.37256], [6.98331, 58.37123]], [[7.01888, 58.36678], [7.01553, 58.37]], [[7.01553, 58.37], [7.01083, 58.37254]], [[7.20402, 58.33133], [7.05136, 58.34251]], [[6.64715, 58.42793], [6.61751, 58.43909]], [[6.61751, 58.43909], [6.61222, 58.44108]], [[6.65559, 58.42475], [6.64715, 58.42793]], [[6.72847, 58.41159], [6.68148, 58.42188]], [[6.22998, 58.54946], [6.22228, 58.55124]], [[6.34003, 58.53088], [6.32468, 58.5362], [6.31914, 58.54123]], [[6.35022, 58.52534], [6.34141, 58.52983]], [[6.36108, 58.49959], [6.36033, 58.51673]], [[6.35395, 58.49395], [6.36108, 58.49959]], [[6.36331, 58.47455], [6.35777, 58.47871]], [[6.36881, 58.46576], [6.36463, 58.47089]], [[6.45284, 58.47804], [6.44742, 58.4779]], [[6.48874, 58.48644], [6.48206, 58.48381]], [[6.52805, 58.46452], [6.51362, 58.477]], [[6.53277, 58.46106], [6.52805, 58.46452]], [[7.96629, 58.15226], [7.95926, 58.15272]], [[7.95309, 58.16106], [7.95701, 58.15451]], [[7.93612, 58.18231], [7.94167, 58.17491]], [[7.94999, 58.16587], [7.95309, 58.16106]], [[7.81902, 58.16958], [7.80986, 58.17507]], [[7.51366, 58.20808], [7.51057, 58.21803]], [[7.51057, 58.21803], [7.50659, 58.22373]], [[7.63811, 58.20854], [7.63225, 58.20876]], [[7.68101, 58.20553], [7.67294, 58.2068]], [[7.71227, 58.19953], [7.70718, 58.20072]], [[7.72279, 58.19983], [7.71582, 58.19938]], [[7.96622, 58.25036], [7.96252, 58.24786]], [[7.97374, 58.26135], [7.97013, 58.25582]], [[7.97677, 58.26847], [7.9775, 58.26491]], [[8.06673, 58.3677], [8.04948, 58.35402]], [[8.08904, 58.41875], [8.08651, 58.41348]], [[8.11944, 58.44701], [8.1083, 58.44313]], [[8.12757, 58.45025], [8.12306, 58.44888]], [[8.13234, 58.45237], [8.12868, 58.45042]], [[8.18411, 58.48476], [8.17055, 58.4783]], [[8.19528, 58.49574], [8.19245, 58.48948], [8.18411, 58.48476]], [[8.20003, 58.50515], [8.19528, 58.49574]], [[8.22601, 58.51781], [8.22357, 58.5136], [8.20003, 58.50515]], [[8.3601, 58.54056], [8.35093, 58.5353]], [[8.39612, 58.58335], [8.3911, 58.57882]], [[8.41997, 58.60261], [8.41048, 58.59658]], [[8.48846, 58.63091], [8.4797, 58.62776]], [[8.52766, 58.62749], [8.52221, 58.62953]], [[8.56027, 58.6367], [8.55275, 58.63256], [8.54066, 58.63191], [8.53561, 58.62874]], [[8.72587, 58.69094], [8.72093, 58.68809]], [[10.07693, 59.74834], [10.09035, 59.74707]], [[5.74448, 58.85939], [5.74483, 58.86278]], [[5.74475, 58.86278], [5.7444, 58.8594]], [[8.84098, 58.75238], [8.82836, 58.74454]], [[5.64505, 58.62179], [5.64155, 58.63069]], [[9.13878, 58.95386], [9.13542, 58.95048]], [[9.03149, 58.86799], [9.03647, 58.86578]], [[9.05791, 58.85595], [9.07476, 58.8495]], [[9.04647, 58.81001], [9.02665, 58.7929]], [[9.02665, 58.7929], [9.01881, 58.78667]], [[9.01881, 58.78667], [9.01471, 58.78507]], [[9.01057, 58.78517], [8.99814, 58.78777]], [[8.91701, 58.78246], [8.89928, 58.78499]], [[8.87387, 58.77881], [8.86973, 58.77645]], [[8.85728, 58.76142], [8.84857, 58.75679]], [[8.86185, 58.77093], [8.85962, 58.76585]], [[8.84818, 58.7566], [8.84116, 58.75258]], [[8.82791, 58.74414], [8.81785, 58.73975]], [[8.81785, 58.73975], [8.80633, 58.7344]], [[8.77717, 58.72284], [8.77132, 58.71921]], [[9.08891, 59.04811], [9.10383, 59.04297]], [[9.1395, 59.01142], [9.14389, 59.00831], [9.14309, 59.00367]], [[9.14889, 58.99145], [9.14836, 58.98724]], [[9.04189, 59.38586], [9.04497, 59.38034]], [[9.08572, 59.15785], [9.08647, 59.153]], [[5.73194, 58.9111], [5.73897, 58.90536]], [[5.73904, 58.90539], [5.73202, 58.9111]], [[10.15414, 59.74419], [10.14759, 59.74462]], [[5.7077, 58.79434], [5.70569, 58.79855]], [[10.18648, 59.74227], [10.19239, 59.74166]], [[9.05183, 58.81514], [9.04647, 58.81001]], [[9.05744, 58.82938], [9.05192, 58.8152]], [[9.44457, 59.6084], [9.42644, 59.60506]]]}}, {"type": "Feature", "properties": {"navn": "Nordlandsbanen", "rang": 11, "kilde": "osm", "km": 682.1}, "geometry": {"type": "MultiLineString", "coordinates": [[[10.42043, 63.43745], [10.42791, 63.43901]], [[10.44341, 63.44072], [10.45835, 63.43853]], [[10.47355, 63.43614], [10.49096, 63.43567]], [[10.53123, 63.42707], [10.54123, 63.42967]], [[10.52025, 63.42722], [10.53054, 63.42692]], [[10.91369, 63.45834], [10.91356, 63.4644]], [[11.0841, 63.62546], [11.07695, 63.63005]], [[13.05388, 64.85999], [13.05781, 64.86367]], [[13.40021, 65.492], [13.39234, 65.49827], [13.39176, 65.5069], [13.37791, 65.51073]], [[13.1574, 65.89384], [13.16719, 65.90237]], [[13.18879, 65.95673], [13.20786, 65.96083], [13.2186, 65.96692]], [[13.4648, 66.07674], [13.46754, 66.08149], [13.50515, 66.09858]], [[13.55628, 66.10152], [13.56482, 66.10567]], [[13.5705, 66.12487], [13.58236, 66.13398]], [[13.62551, 66.15526], [13.63613, 66.15793]], [[13.60899, 66.14888], [13.61426, 66.15171]], [[13.67824, 66.15977], [13.68638, 66.15932]], [[13.72, 66.16353], [13.7264, 66.16444]], [[13.75485, 66.1695], [13.77137, 66.16499], [13.78128, 66.15881]], [[13.79368, 66.20617], [13.81563, 66.21361]], [[13.92642, 66.2353], [13.94345, 66.24002]], [[14.12341, 66.30474], [14.13125, 66.30522], [14.13368, 66.30777]], [[14.40642, 66.39982], [14.41562, 66.40129], [14.43779, 66.39901]], [[14.76065, 66.41654], [14.78908, 66.4249], [14.79987, 66.43116]], [[14.96633, 66.50492], [14.98186, 66.50536]], [[15.38955, 66.79709], [15.36423, 66.80469], [15.35681, 66.8095]], [[15.29283, 66.9469], [15.30223, 66.96429]], [[15.44852, 67.09728], [15.45848, 67.09458], [15.47083, 67.09764]], [[15.45085, 67.14842], [15.4643, 67.15255]], [[15.46758, 67.19287], [15.44844, 67.19741]], [[15.47918, 67.1796], [15.48227, 67.18352]], [[15.42944, 67.24367], [15.42742, 67.2473]], [[15.22162, 67.29224], [15.18828, 67.30072]], [[12.33908, 64.46134], [12.34544, 64.47162], [12.34601, 64.48387]], [[13.17657, 65.95565], [13.18879, 65.95673]], [[13.44523, 66.06615], [13.4485, 66.06858]], [[13.52846, 66.09397], [13.54423, 66.09452]], [[13.74558, 66.16903], [13.75485, 66.1695]], [[13.79002, 66.20332], [13.79368, 66.20617]], [[13.91915, 66.23467], [13.92642, 66.2353]], [[14.25943, 66.32302], [14.27297, 66.33326], [14.30171, 66.33349], [14.32943, 66.3411]], [[14.39901, 66.38447], [14.40642, 66.39982]], [[14.75393, 66.41523], [14.76065, 66.41654]], [[14.96201, 66.50254], [14.96633, 66.50492]], [[15.42265, 66.79379], [15.40972, 66.79437]], [[15.43084, 67.09943], [15.44164, 67.09895]], [[15.45294, 67.11338], [15.4516, 67.11702]], [[15.48181, 67.16969], [15.47918, 67.1796]], [[15.47027, 67.18979], [15.46758, 67.19287]], [[15.44844, 67.19741], [15.44478, 67.20361]], [[15.41969, 67.214], [15.42319, 67.22702]], [[10.64264, 63.44152], [10.65736, 63.43998]], [[14.59079, 67.28941], [14.58021, 67.28803]], [[14.47747, 67.28023], [14.46774, 67.28182]], [[12.15562, 64.1771], [12.1793, 64.17914]], [[13.20148, 65.84328], [13.19687, 65.84752]], [[13.28718, 66.0106], [13.30179, 66.01408]], [[13.20597, 65.83448], [13.203, 65.8419]], [[13.35047, 65.14356], [13.35982, 65.15507]], [[13.36735, 65.16311], [13.36827, 65.17061]], [[11.48472, 63.78951], [11.48362, 63.79357]], [[13.33163, 65.12307], [13.33567, 65.1325], [13.34935, 65.13786], [13.35044, 65.14341]], [[13.3569, 65.2265], [13.34169, 65.23725]], [[13.28574, 65.62176], [13.27637, 65.62358]], [[11.31536, 63.75128], [11.32681, 63.75498], [11.34472, 63.75636]], [[11.34491, 63.75636], [11.37065, 63.75459]], [[11.3965, 63.75879], [11.41305, 63.76108]], [[10.9135, 63.46746], [10.91333, 63.4716]], [[11.44823, 63.82582], [11.44698, 63.82878]], [[13.44334, 66.06032], [13.44523, 66.06615]], [[12.33719, 64.41846], [12.33852, 64.43722]], [[12.33625, 64.45705], [12.33845, 64.46039]], [[10.43282, 63.44002], [10.44329, 63.44072]], [[10.81221, 63.41781], [10.81791, 63.42246], [10.85381, 63.43344], [10.87889, 63.44409]], [[15.1779, 67.31378], [15.1703, 67.31845]], [[15.1703, 67.31845], [15.17068, 67.32189]], [[14.87637, 67.29881], [14.85752, 67.29935]], [[12.33854, 64.4373], [12.33862, 64.4423]], [[15.42761, 67.24884], [15.43373, 67.25303]], [[10.80524, 63.41394], [10.81221, 63.41781]], [[15.24108, 67.27514], [15.22173, 67.29217]], [[10.91301, 63.47776], [10.89916, 63.48665]], [[13.33784, 65.23855], [13.32233, 65.24657], [13.31759, 65.25545]], [[13.20723, 65.83085], [13.20595, 65.83435]], [[13.23861, 65.75079], [13.24098, 65.75368]], [[13.21747, 65.81575], [13.20737, 65.83073]], [[13.18928, 65.86461], [13.1684, 65.87384], [13.15963, 65.88494]], [[13.3264, 65.59589], [13.32293, 65.60102], [13.31494, 65.60305]], [[13.21181, 65.72146], [13.21642, 65.73565], [13.23374, 65.74854]], [[13.21243, 65.71852], [13.21181, 65.72146]], [[13.23633, 65.70714], [13.22183, 65.71231]], [[13.24408, 65.69575], [13.23845, 65.70595]], [[13.24405, 65.68317], [13.24278, 65.68711]], [[13.24709, 65.67879], [13.24576, 65.68178]], [[13.30343, 65.61121], [13.29972, 65.61946], [13.28574, 65.62176]], [[13.36119, 65.15565], [13.36732, 65.16295]], [[13.19987, 65.84447], [13.19696, 65.84713]], [[13.3814, 65.54066], [13.38748, 65.55693], [13.37886, 65.56874]], [[13.15963, 65.88494], [13.1574, 65.89384]], [[13.19602, 65.85036], [13.20101, 65.84364]], [[13.19987, 65.84447], [13.19696, 65.84713]], [[13.34357, 65.36442], [13.3549, 65.37395], [13.36225, 65.38705]], [[13.31324, 65.28179], [13.3085, 65.30275]], [[13.31586, 65.25621], [13.30312, 65.26771], [13.31385, 65.28114]], [[13.38812, 65.42547], [13.39452, 65.433]], [[13.36165, 65.38973], [13.37958, 65.40248]], [[13.38382, 65.53543], [13.38179, 65.5398]], [[13.36735, 65.16311], [13.36827, 65.17061]], [[13.37644, 65.51112], [13.37151, 65.517]], [[13.40271, 65.48822], [13.40021, 65.492]], [[13.35898, 65.21961], [13.35806, 65.22365]], [[14.61722, 67.29328], [14.59415, 67.28985]], [[14.63019, 67.29318], [14.62234, 67.29358]], [[14.74133, 67.31165], [14.738, 67.31433]], [[14.69832, 67.30288], [14.67031, 67.29546]], [[14.72729, 67.31546], [14.7206, 67.30859]], [[14.738, 67.31433], [14.72729, 67.31546]], [[14.7206, 67.30859], [14.70199, 67.30337]], [[14.77768, 67.29633], [14.76476, 67.2967]], [[14.76476, 67.2967], [14.75284, 67.29672]], [[13.37705, 65.57051], [13.37431, 65.57438]], [[13.39356, 65.46209], [13.40008, 65.46715], [13.40271, 65.48822]], [[15.43605, 67.20889], [15.41969, 67.214]], [[15.46711, 67.1546], [15.48326, 67.1617]], [[13.84039, 66.15821], [13.84392, 66.16371], [13.835, 66.16674]], [[13.81728, 66.17445], [13.79976, 66.18064], [13.79269, 66.18728], [13.79499, 66.19166]], [[13.83399, 66.16703], [13.82588, 66.17149]], [[13.78836, 66.19682], [13.79002, 66.20332]], [[13.82573, 66.17159], [13.8181, 66.1742]], [[13.26427, 65.00692], [13.26179, 65.01139]], [[13.31983, 65.07978], [13.33105, 65.08493]], [[13.3297, 65.05915], [13.33017, 65.0678]], [[13.31221, 65.60466], [13.30516, 65.6102]], [[14.44167, 67.29098], [14.42709, 67.29333]], [[14.46095, 67.28353], [14.44557, 67.28988]], [[14.20568, 66.32331], [14.22458, 66.32313], [14.24719, 66.31929], [14.25932, 66.32285]], [[12.34548, 64.39824], [12.33919, 64.40403]], [[14.39849, 66.3775], [14.39901, 66.38447]], [[12.3838, 64.25088], [12.387, 64.2548]], [[12.34124, 64.23575], [12.35643, 64.23856]], [[12.33615, 64.45706], [12.33891, 64.46109]], [[10.88616, 63.44519], [10.89822, 63.4462]], [[10.9135, 63.46789], [10.91336, 63.47479]], [[10.79981, 63.52304], [10.81142, 63.53167]], [[10.51037, 63.43065], [10.52001, 63.4273]], [[10.63144, 63.44109], [10.64251, 63.44156]], [[10.71319, 63.4322], [10.723, 63.4311]], [[10.70042, 63.43333], [10.71018, 63.43261]], [[10.83962, 63.50725], [10.81902, 63.50867]], [[13.39452, 65.433], [13.39493, 65.44016]], [[11.28751, 63.73169], [11.29459, 63.742]], [[11.3062, 63.74719], [11.31385, 63.75061]], [[11.11174, 63.66498], [11.11506, 63.66846]], [[11.05905, 63.61191], [11.06463, 63.61624]], [[11.19308, 63.70375], [11.19703, 63.70792]], [[11.46376, 63.76612], [11.472, 63.77205]], [[11.11506, 63.66846], [11.12364, 63.67578]], [[11.2955, 63.74234], [11.30449, 63.74636]], [[11.42517, 63.8356], [11.41544, 63.83726], [11.411, 63.84981], [11.40224, 63.85538]], [[11.41419, 63.88099], [11.41609, 63.88436]], [[11.42294, 63.9294], [11.42048, 63.93653]], [[11.40101, 63.86068], [11.40574, 63.87547], [11.41419, 63.88099]], [[11.45015, 63.82063], [11.44828, 63.8257]], [[11.40224, 63.85538], [11.40103, 63.8591]], [[11.4844, 63.7902], [11.48362, 63.79357]], [[13.36648, 65.1731], [13.36008, 65.1785]], [[13.35979, 65.17873], [13.34507, 65.18368], [13.34065, 65.18876], [13.35198, 65.21402]], [[13.32784, 65.33572], [13.34018, 65.34614], [13.34063, 65.36219]], [[12.18655, 64.18273], [12.19217, 64.18946]], [[11.72956, 64.1197], [11.7455, 64.12184]], [[11.63563, 64.09551], [11.64118, 64.0995]], [[12.18655, 64.18273], [12.19217, 64.18946]], [[11.49989, 64.02403], [11.51485, 64.03177], [11.53807, 64.03562]], [[11.49886, 64.00946], [11.49239, 64.01395]], [[11.42037, 63.93684], [11.41168, 63.96199]], [[11.98516, 64.16435], [11.99095, 64.16681]], [[11.60852, 64.06594], [11.61637, 64.06818], [11.62052, 64.07279]], [[12.04526, 64.17279], [12.08945, 64.17582]], [[11.93729, 64.14589], [11.94054, 64.14852]], [[12.08977, 64.17586], [12.09801, 64.17788]], [[11.41622, 63.97013], [11.42311, 63.9779]], [[12.19373, 64.19633], [12.23458, 64.20468], [12.26537, 64.21497]], [[12.19243, 64.19224], [12.19363, 64.19624]], [[11.97511, 64.15987], [11.98054, 64.16282]], [[12.52846, 64.28196], [12.54261, 64.28709]], [[12.43945, 64.38415], [12.4319, 64.38515]], [[12.51995, 64.36739], [12.511, 64.37675]], [[12.4319, 64.38515], [12.41188, 64.3824], [12.39973, 64.38356]], [[12.55034, 64.31407], [12.54384, 64.32641]], [[12.55494, 64.30614], [12.55046, 64.31386]], [[12.53709, 64.33216], [12.52491, 64.33445], [12.52209, 64.33904]], [[12.5604, 64.29706], [12.55506, 64.30594]], [[12.45691, 64.26388], [12.47186, 64.26492]], [[12.45273, 64.38532], [12.43945, 64.38415]], [[12.399, 64.38371], [12.38847, 64.38332]], [[12.4761, 64.38669], [12.4547, 64.3853]], [[12.36661, 64.38672], [12.3499, 64.39172]], [[12.34976, 64.39177], [12.34664, 64.39749]], [[12.38776, 64.38321], [12.37812, 64.38166]], [[13.03095, 64.84904], [13.03745, 64.85322]], [[12.49278, 64.56824], [12.49803, 64.57055]], [[12.39706, 64.5353], [12.41922, 64.53671]], [[12.44292, 64.5364], [12.45304, 64.54702]], [[12.72729, 64.69872], [12.77455, 64.71839]], [[12.34951, 64.49252], [12.36135, 64.50857]], [[12.37181, 64.51554], [12.38237, 64.52411]], [[12.86182, 64.76348], [12.88906, 64.77871], [12.98244, 64.82081]], [[12.98244, 64.82081], [12.98919, 64.82496]], [[12.78161, 64.72329], [12.80591, 64.73395]], [[12.71237, 64.69582], [12.72571, 64.69836]], [[13.03745, 64.85322], [13.05099, 64.859]], [[12.45297, 64.54854], [12.45903, 64.55259]], [[13.33017, 65.0678], [13.32369, 65.07056]], [[13.13909, 64.92839], [13.15486, 64.92552]], [[13.38601, 65.45308], [13.39345, 65.46198]], [[13.32369, 65.07056], [13.31382, 65.07259], [13.3197, 65.07964]], [[13.37221, 65.51757], [13.38264, 65.52178], [13.38643, 65.53001]], [[13.17027, 64.93044], [13.19504, 64.95243]], [[13.3085, 65.30275], [13.3127, 65.31792], [13.32738, 65.33532]], [[13.27637, 65.62358], [13.26771, 65.62841], [13.26834, 65.63186]], [[15.42165, 67.09864], [15.42993, 67.09943]], [[14.98581, 66.50456], [15.00696, 66.49164], [15.05134, 66.48056]], [[14.87637, 67.29881], [14.85752, 67.29935]], [[14.80281, 67.29824], [14.78258, 67.29611]], [[14.95523, 67.29466], [14.94268, 67.29278]], [[13.97434, 66.25597], [13.97052, 66.25998]], [[13.97084, 66.26433], [13.98915, 66.2727], [14.02414, 66.27427]], [[13.94526, 66.24037], [13.95726, 66.24631], [13.97409, 66.24943]], [[13.8513, 66.22276], [13.85617, 66.22764]], [[13.86892, 66.22959], [13.89524, 66.23387]], [[13.78429, 66.15429], [13.78407, 66.1516]], [[13.82329, 66.13639], [13.83151, 66.14096], [13.83055, 66.14834]], [[13.78306, 66.15798], [13.78445, 66.15464]], [[15.34823, 67.0006], [15.34691, 67.00988]], [[15.30807, 66.93561], [15.30223, 66.9414]], [[15.3051, 66.90958], [15.30775, 66.91334]], [[15.30637, 66.92759], [15.30762, 66.93381]], [[15.29098, 66.89985], [15.29498, 66.90213]], [[15.30775, 66.91334], [15.30496, 66.91606]], [[15.30528, 66.91933], [15.30655, 66.92685]], [[15.30496, 66.91606], [15.30507, 66.91908]], [[15.35631, 66.81048], [15.33373, 66.82577], [15.29534, 66.83673]], [[15.28986, 66.83904], [15.28871, 66.84173]], [[15.27037, 66.8748], [15.26531, 66.8844], [15.28973, 66.89893]], [[15.294, 66.52505], [15.29606, 66.52824]], [[15.23589, 66.49263], [15.24182, 66.49559]], [[15.14273, 66.45421], [15.14864, 66.45236]], [[14.39133, 67.28645], [14.40079, 67.28788]], [[14.3914, 67.28635], [14.40203, 67.28808]], [[13.26254, 65.65024], [13.2656, 65.66101], [13.25144, 65.67313]], [[15.46095, 67.10715], [15.45774, 67.11022]], [[13.79438, 66.19265], [13.78864, 66.19642]], [[12.38167, 64.52811], [12.39706, 64.5353]], [[14.93767, 66.49681], [14.96201, 66.50254]], [[14.90762, 66.49992], [14.92178, 66.5005], [14.93686, 66.49686]], [[14.74214, 66.41012], [14.75393, 66.41523]], [[14.64928, 66.38854], [14.66289, 66.39383], [14.68471, 66.39422], [14.69854, 66.39893]], [[14.6413, 66.38644], [14.64928, 66.38854]], [[14.51021, 66.40032], [14.53705, 66.38503], [14.55081, 66.38273], [14.57899, 66.37258], [14.59261, 66.37256]], [[14.45682, 66.40123], [14.46973, 66.40519], [14.49986, 66.40542], [14.50942, 66.40289]], [[14.44128, 66.39911], [14.45266, 66.40059]], [[13.38351, 65.53645], [13.38179, 65.5398]], [[15.18468, 67.30234], [15.18294, 67.30625]], [[13.14015, 65.91827], [13.13439, 65.92131], [13.13413, 65.92837]], [[13.13373, 65.92883], [13.13455, 65.93161]], [[15.40226, 67.26311], [15.39456, 67.26643]], [[15.42985, 67.23521], [15.42976, 67.24034]], [[15.40214, 67.26312], [15.39485, 67.26624]], [[15.38592, 67.2695], [15.33933, 67.2713]], [[15.45015, 67.13885], [15.45051, 67.14526]], [[15.45449, 67.11937], [15.45495, 67.12202]], [[15.47613, 67.18748], [15.47027, 67.18979]], [[15.48554, 67.16442], [15.48198, 67.16954]], [[15.45051, 67.14526], [15.45085, 67.14842]], [[15.3671, 67.03217], [15.38412, 67.04867], [15.38337, 67.06473]], [[15.46369, 66.74559], [15.46737, 66.7633], [15.45727, 66.77454], [15.43014, 66.79056]], [[15.46108, 66.74148], [15.46368, 66.74549]], [[15.46108, 66.74148], [15.46368, 66.74549]], [[13.83154, 66.14953], [13.83775, 66.15557]], [[14.13321, 66.30885], [14.13201, 66.31162]], [[14.13377, 66.30788], [14.13182, 66.31237]], [[14.13292, 66.30894], [14.13201, 66.31162]], [[14.34312, 66.36139], [14.35728, 66.36593]], [[14.34764, 66.34976], [14.33731, 66.3546], [14.34312, 66.36139]], [[14.33644, 66.34325], [14.34717, 66.34664]], [[14.86266, 66.47181], [14.88744, 66.49406], [14.90507, 66.4993]], [[14.83215, 66.44279], [14.84148, 66.4479]], [[15.15637, 66.45113], [15.18059, 66.45088], [15.203, 66.45477], [15.22879, 66.46783], [15.2318, 66.47899]], [[15.09375, 66.46991], [15.1119, 66.46386]], [[15.1119, 66.46386], [15.14273, 66.45421]], [[15.30659, 66.55052], [15.32057, 66.56142], [15.33349, 66.56508]], [[15.37129, 66.61328], [15.38559, 66.6343]], [[15.35069, 66.57623], [15.35368, 66.5927]], [[15.33349, 66.56508], [15.34022, 66.56806]], [[15.3895, 66.63793], [15.40283, 66.64791], [15.40344, 66.65352]], [[15.43375, 66.69218], [15.45832, 66.71179]], [[15.45832, 66.71179], [15.45582, 66.73362]], [[15.41436, 66.6628], [15.41609, 66.67797], [15.42694, 66.68505]], [[15.42694, 66.68505], [15.42942, 66.68903]], [[15.40359, 66.65376], [15.41262, 66.66138]], [[10.45935, 63.43825], [10.46926, 63.43615]], [[10.54208, 63.4299], [10.5502, 63.42985]], [[10.66149, 63.43778], [10.67711, 63.43741]], [[10.73663, 63.43233], [10.74502, 63.43279]], [[10.56873, 63.43319], [10.59996, 63.44188]], [[10.5502, 63.42985], [10.56159, 63.43053]], [[10.68219, 63.43645], [10.69294, 63.43439]], [[10.60773, 63.44078], [10.6108, 63.4379], [10.61706, 63.43767]], [[10.69311, 63.43436], [10.7002, 63.43335]], [[10.61777, 63.4378], [10.62518, 63.43917]], [[10.65736, 63.43998], [10.66128, 63.43784]], [[10.49917, 63.4327], [10.51009, 63.43072]], [[10.77769, 63.42288], [10.78131, 63.41439]], [[10.75434, 63.43288], [10.76783, 63.42994], [10.77636, 63.42395]], [[10.81142, 63.53167], [10.82579, 63.53422]], [[10.89403, 63.49736], [10.88242, 63.50223], [10.867, 63.50236]], [[10.86002, 63.54272], [10.88981, 63.54413]], [[10.84285, 63.53638], [10.86002, 63.54272]], [[10.83962, 63.50725], [10.81902, 63.50867]], [[10.867, 63.50236], [10.86039, 63.50335]], [[10.80282, 63.51227], [10.80136, 63.5175]], [[10.81343, 63.50869], [10.80332, 63.51134]], [[10.90993, 63.4486], [10.9138, 63.45197]], [[10.82636, 63.53417], [10.84267, 63.53632]], [[10.90274, 63.54852], [10.91399, 63.5539]], [[11.19975, 63.71205], [11.2136, 63.71605]], [[11.07359, 63.64357], [11.08266, 63.65078]], [[11.06856, 63.63541], [11.0666, 63.63869]], [[10.91399, 63.5539], [10.95096, 63.56597]], [[11.02493, 63.59045], [11.04084, 63.59516]], [[11.24315, 63.71542], [11.25203, 63.71664], [11.26128, 63.72452], [11.27534, 63.72762]], [[11.04202, 63.59685], [11.03893, 63.60302], [11.04327, 63.60603]], [[11.16575, 63.68782], [11.18699, 63.69301], [11.19308, 63.70375]], [[10.95096, 63.56597], [10.9962, 63.57756]], [[10.9962, 63.57756], [11.00291, 63.58027]], [[11.00309, 63.58037], [11.02493, 63.59045]], [[11.06674, 63.63882], [11.07359, 63.64357]], [[11.04327, 63.60603], [11.05577, 63.61069]], [[11.27534, 63.72762], [11.28618, 63.73132]], [[11.1346, 63.67756], [11.16575, 63.68782]], [[11.12364, 63.67578], [11.1346, 63.67756]], [[11.2136, 63.71605], [11.24315, 63.71542]], [[11.46845, 63.99741], [11.49541, 64.00482]], [[11.47232, 63.77241], [11.47467, 63.77911]], [[11.44612, 63.8308], [11.42724, 63.83568]], [[11.48356, 63.79378], [11.47281, 63.80362], [11.45536, 63.80998]], [[11.41305, 63.76108], [11.42401, 63.76298], [11.43355, 63.76023], [11.45051, 63.76145]], [[11.4341, 63.89812], [11.43535, 63.91063], [11.42037, 63.93684]], [[11.47358, 63.78318], [11.4773, 63.78599]], [[11.43903, 63.98586], [11.45661, 63.99266]], [[11.42425, 63.98002], [11.43566, 63.98457]], [[11.37065, 63.75459], [11.38993, 63.75759]], [[11.45661, 63.99266], [11.46845, 63.99741]], [[11.41168, 63.96199], [11.41622, 63.97013]], [[12.13833, 64.17973], [12.15541, 64.1771]], [[11.99095, 64.16681], [12.02219, 64.17045]], [[11.55052, 64.03882], [11.57298, 64.04121]], [[11.57298, 64.04121], [11.5978, 64.05287]], [[12.09801, 64.17788], [12.13833, 64.17973]], [[11.7916, 64.1291], [11.83143, 64.13628]], [[11.94054, 64.14852], [11.97492, 64.15976]], [[12.26537, 64.21497], [12.3391, 64.23523]], [[12.36882, 64.24083], [12.37695, 64.24436]], [[11.89175, 64.13516], [11.90954, 64.13396], [11.93261, 64.14436]], [[11.5978, 64.05287], [11.60392, 64.05623], [11.60105, 64.0612], [11.60837, 64.06587]], [[11.83541, 64.13666], [11.85504, 64.13866], [11.87545, 64.13823], [11.88262, 64.13607]], [[11.64915, 64.10491], [11.67013, 64.11347], [11.70599, 64.1174]], [[11.63525, 64.08287], [11.63356, 64.09044]], [[11.54285, 64.03599], [11.54934, 64.0382]], [[11.62052, 64.07279], [11.63418, 64.08184]], [[11.64118, 64.0995], [11.64915, 64.10491]], [[12.37812, 64.38166], [12.37118, 64.3819], [12.36822, 64.38489]], [[12.33764, 64.44324], [12.33387, 64.45185]], [[12.3889, 64.25535], [12.44544, 64.2648]], [[12.33919, 64.40403], [12.34451, 64.4123], [12.33724, 64.41837]], [[12.47186, 64.26492], [12.48832, 64.26719], [12.52846, 64.28196]], [[12.55911, 64.29325], [12.56058, 64.29681]], [[12.44544, 64.2648], [12.45457, 64.26441]], [[12.52209, 64.33904], [12.52808, 64.35742]], [[12.52808, 64.35742], [12.52232, 64.36457]], [[12.54384, 64.32641], [12.53724, 64.33212]], [[12.3638, 64.51005], [12.37079, 64.51508]], [[12.42459, 64.53701], [12.44071, 64.53566]], [[12.53618, 64.6077], [12.55071, 64.61546]], [[12.45903, 64.55259], [12.48166, 64.56534]], [[12.60416, 64.64906], [12.64048, 64.66499]], [[12.69479, 64.68675], [12.70978, 64.69527]], [[12.6676, 64.67125], [12.69479, 64.68675]], [[12.51086, 64.58625], [12.51431, 64.59338], [12.53618, 64.6077]], [[12.64048, 64.66499], [12.6676, 64.67125]], [[12.55071, 64.61546], [12.56387, 64.61779], [12.58101, 64.6259], [12.60141, 64.64214], [12.60279, 64.64718]], [[12.49803, 64.57055], [12.51474, 64.57934], [12.51086, 64.58625]], [[13.07799, 64.91152], [13.11649, 64.92702]], [[12.85506, 64.75786], [12.86003, 64.76291]], [[12.81091, 64.73838], [12.82886, 64.74993]], [[12.82886, 64.74993], [12.85506, 64.75786]], [[12.77455, 64.71839], [12.77803, 64.72085]], [[13.12356, 64.93031], [13.13153, 64.93151], [13.13909, 64.92839]], [[13.05781, 64.86367], [13.07988, 64.89645], [13.07517, 64.90713]], [[12.98919, 64.82496], [13.00801, 64.84032], [13.02239, 64.84734]], [[13.02239, 64.84734], [13.02889, 64.8487]], [[13.07517, 64.90713], [13.07799, 64.91152]], [[12.80591, 64.73395], [12.81091, 64.73838]], [[13.35198, 65.21402], [13.35893, 65.21952]], [[13.33105, 65.08493], [13.3461, 65.10121]], [[13.39493, 65.44016], [13.38612, 65.45289]], [[13.28982, 65.03662], [13.32076, 65.04786], [13.32881, 65.05649]], [[13.19504, 64.95243], [13.23315, 64.96879], [13.26058, 64.99419], [13.26435, 65.00671]], [[13.16178, 64.92647], [13.16982, 64.93024]], [[13.37958, 65.40248], [13.38815, 65.42536]], [[13.26179, 65.01139], [13.259, 65.01543], [13.26653, 65.02507], [13.28371, 65.03269]], [[13.3461, 65.10121], [13.33163, 65.12307]], [[13.28371, 65.03269], [13.28982, 65.03662]], [[13.22183, 65.71231], [13.21367, 65.71594]], [[13.24408, 65.69575], [13.23946, 65.70501]], [[13.34676, 65.59272], [13.32949, 65.59488]], [[13.23472, 65.77866], [13.22823, 65.78693]], [[13.37431, 65.57438], [13.36469, 65.58499], [13.34962, 65.59174]], [[13.24098, 65.75368], [13.23472, 65.77866]], [[13.22823, 65.78693], [13.21333, 65.79808], [13.21768, 65.81519]], [[13.24278, 65.68711], [13.24576, 65.69012]], [[13.26834, 65.63186], [13.26025, 65.63898], [13.26266, 65.64928]], [[13.25144, 65.67313], [13.24776, 65.67681]], [[13.19621, 65.85083], [13.18946, 65.86433]], [[15.39456, 67.26643], [15.3885, 67.26886]], [[15.39836, 67.26502], [15.39074, 67.26826]], [[15.40102, 67.26377], [15.38987, 67.2685]], [[15.39235, 67.0919], [15.39966, 67.09352]], [[15.08459, 67.32142], [15.03773, 67.32217], [15.02275, 67.31592]], [[15.17104, 67.32477], [15.16743, 67.32876]], [[15.18275, 67.30673], [15.1779, 67.31378]], [[15.26291, 67.26981], [15.25347, 67.27259]], [[15.2698, 67.26749], [15.26409, 67.26913]], [[15.29299, 67.26587], [15.28591, 67.26518]], [[15.30597, 67.26732], [15.29808, 67.26726]], [[15.28377, 67.26535], [15.2698, 67.26749]], [[15.42123, 67.23021], [15.42615, 67.23376]], [[14.14882, 66.32009], [14.15146, 66.32456]], [[14.15156, 66.32465], [14.16053, 66.32517]], [[11.88278, 64.13603], [11.89175, 64.13516]], [[15.34022, 66.56806], [15.35062, 66.57615]], [[12.48508, 64.38493], [12.47923, 64.38604]], [[14.59309, 66.3727], [14.63049, 66.38177]], [[14.67031, 67.29546], [14.64022, 67.29338]], [[14.53689, 67.28096], [14.51752, 67.27854]], [[14.58021, 67.28803], [14.53713, 67.28097]], [[14.51719, 67.27851], [14.49867, 67.27722], [14.48798, 67.27875]], [[14.42709, 67.29333], [14.41834, 67.29324], [14.40484, 67.28854]], [[15.33628, 67.27045], [15.31743, 67.26699], [15.30631, 67.26727]], [[15.25108, 67.27281], [15.24108, 67.27514]], [[15.02275, 67.31592], [14.98167, 67.29784]], [[14.97439, 67.29562], [14.9587, 67.29471]], [[14.74872, 67.29779], [14.74652, 67.30066]], [[14.89962, 67.2964], [14.89053, 67.29765]], [[14.84578, 67.29845], [14.82551, 67.29588], [14.80338, 67.29825]], [[14.94268, 67.29278], [14.92462, 67.29136], [14.89962, 67.2964]], [[14.83215, 66.44279], [14.84108, 66.44765]], [[14.98167, 67.29784], [14.97464, 67.29565]], [[14.84154, 66.44794], [14.85396, 66.4606]], [[13.45346, 66.07045], [13.4648, 66.07674]], [[13.56344, 66.10785], [13.56341, 66.1129]], [[13.56341, 66.1129], [13.56509, 66.116]], [[13.56476, 66.11855], [13.56691, 66.12134]], [[13.5952, 66.14286], [13.59999, 66.14744]], [[13.61426, 66.15171], [13.62551, 66.15526]], [[13.64322, 66.16005], [13.67824, 66.15977]], [[13.68726, 66.15914], [13.7048, 66.16092]], [[13.7048, 66.16092], [13.72, 66.16353]], [[13.73016, 66.16517], [13.74558, 66.16903]], [[15.43635, 67.26269], [15.42663, 67.26395]], [[15.43761, 67.25562], [15.4388, 67.26087]], [[13.8022, 66.139], [13.82272, 66.1363]], [[12.02243, 64.17042], [12.04504, 64.17274]], [[11.46376, 63.76612], [11.47019, 63.77026]], [[11.08217, 63.62264], [11.0841, 63.62546]], [[11.06693, 63.61768], [11.08217, 63.62264]], [[11.07525, 63.63228], [11.06856, 63.63541]], [[15.11388, 67.32328], [15.0989, 67.32255]], [[14.63195, 66.38236], [14.6413, 66.38644]], [[15.35374, 66.59286], [15.3685, 66.61059]], [[15.31374, 66.98238], [15.32317, 66.98769]], [[15.40157, 67.09402], [15.41808, 67.09782]], [[13.21889, 65.96704], [13.23926, 65.97787]], [[13.25125, 65.98504], [13.25281, 65.99442]], [[13.54423, 66.09452], [13.5487, 66.09813]], [[13.58254, 66.13404], [13.592, 66.13669], [13.59504, 66.14261]], [[13.83055, 66.14834], [13.83775, 66.15557]], [[14.04464, 66.28295], [14.05205, 66.28831], [14.08415, 66.29202]], [[13.13909, 64.92839], [13.15486, 64.92552]], [[13.15486, 64.92552], [13.16157, 64.92638]], [[13.39452, 65.433], [13.39493, 65.44016]], [[13.24462, 65.69263], [13.24408, 65.69575]], [[12.49172, 64.56787], [12.49803, 64.57055]], [[12.48166, 64.56534], [12.49172, 64.56787]], [[12.33387, 64.45185], [12.33468, 64.45467]], [[10.78817, 63.41217], [10.80168, 63.41294]], [[10.88205, 63.44459], [10.90013, 63.44632]], [[11.45519, 63.81005], [11.45046, 63.81563]], [[10.89561, 63.49094], [10.89412, 63.49727]], [[13.15164, 65.91406], [13.1431, 65.91778]], [[13.13455, 65.93161], [13.14006, 65.94071], [13.14904, 65.94568]], [[13.16748, 65.90455], [13.17094, 65.91028], [13.15164, 65.91406]], [[13.14904, 65.94568], [13.17657, 65.95565]], [[13.23926, 65.97787], [13.25117, 65.98487]], [[13.25281, 65.99442], [13.28553, 66.01043]], [[13.30179, 66.01408], [13.31199, 66.01997], [13.31235, 66.02648], [13.3323, 66.04008], [13.37297, 66.04283], [13.38885, 66.04796], [13.42784, 66.0521], [13.44321, 66.06024]], [[13.50515, 66.09858], [13.5204, 66.09931], [13.52846, 66.09397]], [[13.78407, 66.1516], [13.79665, 66.1404]], [[13.5487, 66.09813], [13.55482, 66.10066]], [[14.36234, 66.36713], [14.38569, 66.37083], [14.39837, 66.37736]], [[14.1638, 66.32408], [14.17362, 66.32151]], [[14.13633, 66.31809], [14.14862, 66.31998]], [[14.08528, 66.2922], [14.11481, 66.30312]], [[14.03921, 66.28043], [14.04464, 66.28295]], [[14.02414, 66.27427], [14.03536, 66.27859]], [[13.89524, 66.23387], [13.90158, 66.23559]], [[13.85738, 66.22825], [13.86892, 66.22959]], [[13.83828, 66.21895], [13.85097, 66.22265]], [[13.81563, 66.21361], [13.83828, 66.21895]], [[15.30254, 66.54163], [15.30659, 66.55052]], [[15.29621, 66.52864], [15.30254, 66.54163]], [[15.29536, 66.52085], [15.294, 66.52505]], [[15.24182, 66.49559], [15.26226, 66.50362]], [[15.26226, 66.50362], [15.29415, 66.51274], [15.29853, 66.51716], [15.29536, 66.52085]], [[15.05134, 66.48056], [15.09375, 66.46991]], [[14.85403, 66.4607], [14.86266, 66.47181]], [[14.79987, 66.43116], [14.83215, 66.44279]], [[15.42151, 67.2636], [15.41023, 67.26216]], [[15.44478, 67.20361], [15.43605, 67.20889]], [[15.45495, 67.12202], [15.44828, 67.13134]], [[15.45751, 67.11038], [15.45294, 67.11338]], [[15.38195, 67.08651], [15.39084, 67.09155]], [[15.3491, 67.02133], [15.35886, 67.02657]], [[15.32356, 66.98789], [15.34823, 67.0006]], [[15.30476, 66.9703], [15.30988, 66.97719]], [[15.30021, 66.94222], [15.29562, 66.94424]], [[15.29952, 66.90477], [15.3051, 66.90958]], [[15.28366, 66.8508], [15.27941, 66.85531], [15.28228, 66.86675], [15.27037, 66.8748]], [[15.28871, 66.84173], [15.28366, 66.8508]], [[15.29534, 66.83673], [15.28986, 66.83904]], [[15.40443, 66.79382], [15.38955, 66.79709]], [[15.43014, 66.79056], [15.42265, 66.79379]], [[15.45582, 66.73362], [15.46108, 66.74148]], [[15.38559, 66.6343], [15.3895, 66.63793]], [[11.45348, 63.76198], [11.46376, 63.76612]], [[15.23178, 66.47906], [15.23052, 66.4896], [15.24086, 66.49488]], [[10.56164, 63.43055], [10.56873, 63.43319]], [[10.59996, 63.44188], [10.60767, 63.44083]], [[12.71237, 64.69582], [12.72729, 64.69872]], [[11.09523, 63.65488], [11.10761, 63.66118]], [[15.39466, 67.09243], [15.40157, 67.09402]], [[14.69854, 66.39893], [14.70773, 66.40302], [14.74065, 66.4095]], [[14.34312, 66.36139], [14.35728, 66.36593]], [[13.4485, 66.06858], [13.45346, 66.07045]], [[13.45346, 66.07045], [13.4648, 66.07674]], [[13.19687, 65.84752], [13.19621, 65.85083]], [[12.54261, 64.28709], [12.55911, 64.29325]], [[12.52846, 64.28196], [12.54261, 64.28709]], [[12.38235, 64.24729], [12.38403, 64.24992]], [[12.37732, 64.24456], [12.38216, 64.24719]], [[12.17962, 64.17924], [12.18655, 64.18273]], [[11.7455, 64.12184], [11.7774, 64.1292], [11.7916, 64.1291]], [[11.72956, 64.1197], [11.7455, 64.12184]], [[11.7062, 64.11742], [11.72956, 64.1197]], [[11.40224, 63.85538], [11.40103, 63.8591]], [[11.29459, 63.742], [11.30524, 63.74676]], [[11.19308, 63.70375], [11.19884, 63.71024]], [[11.10776, 63.66128], [11.11174, 63.66498]], [[11.11174, 63.66498], [11.11506, 63.66846]], [[10.88981, 63.54413], [10.89715, 63.54563]], [[10.86039, 63.50335], [10.85173, 63.50593]], [[14.12341, 66.30474], [14.13132, 66.30518], [14.13377, 66.30788]], [[14.11481, 66.30312], [14.12341, 66.30474]], [[14.17879, 66.3214], [14.20558, 66.32331]], [[15.39836, 67.26502], [15.39074, 67.26826]], [[14.7453, 67.30705], [14.74133, 67.31165]], [[14.85518, 67.29917], [14.84578, 67.29845]], [[14.89034, 67.29765], [14.88287, 67.29806]], [[11.09523, 63.65488], [11.08579, 63.65178]], [[15.09872, 67.32254], [15.08867, 67.32189]], [[15.13648, 67.32806], [15.11901, 67.3241]], [[15.17068, 67.32189], [15.17104, 67.32477]], [[10.62537, 63.43921], [10.63144, 63.44109]], [[10.723, 63.4311], [10.73646, 63.43232]], [[10.85173, 63.50593], [10.83962, 63.50725]], [[10.80134, 63.51759], [10.79981, 63.52304]], [[11.45046, 63.81575], [11.45015, 63.82063]], [[11.42377, 63.8879], [11.4341, 63.89812]], [[11.49525, 64.02087], [11.49989, 64.02403]], [[15.42319, 67.22706], [15.42123, 67.23021]], [[10.91333, 63.4716], [10.91336, 63.47479]], [[15.44866, 67.13345], [15.44829, 67.13657]], [[15.37773, 67.08144], [15.38195, 67.08651]], [[15.3833, 67.06492], [15.37773, 67.08144]], [[15.36354, 67.02915], [15.3671, 67.03217]], [[15.34685, 67.01289], [15.34692, 67.02016]], [[15.34691, 67.00988], [15.34685, 67.01289]], [[15.3113, 66.9791], [15.31374, 66.98238]], [[15.30223, 66.96429], [15.30476, 66.9703]], [[15.29562, 66.94424], [15.29285, 66.94678]]]}}, {"type": "Feature", "properties": {"navn": "Dovrebanen", "rang": 10, "kilde": "osm", "km": 485.5}, "geometry": {"type": "MultiLineString", "coordinates": [[[10.27884, 63.28272], [10.27406, 63.2863]], [[9.2538, 61.96646], [9.25656, 61.98024]], [[9.1364, 62.08147], [9.14412, 62.08662]], [[9.0886, 62.11539], [9.0951, 62.11558], [9.09846, 62.11225]], [[9.10313, 62.11109], [9.12224, 62.10775], [9.15018, 62.09736]], [[9.6182, 62.32945], [9.61884, 62.33847]], [[9.63605, 62.37434], [9.63519, 62.37802]], [[9.61887, 62.33879], [9.61585, 62.34348]], [[9.61585, 62.34348], [9.62122, 62.34611]], [[9.62272, 62.34672], [9.63, 62.35274]], [[9.62819, 62.35623], [9.63293, 62.36894]], [[9.63293, 62.36894], [9.63605, 62.37434]], [[9.63382, 62.39471], [9.63217, 62.39958]], [[9.63464, 62.40393], [9.63487, 62.4128]], [[9.57726, 62.44861], [9.57381, 62.45278]], [[9.61395, 62.5275], [9.61953, 62.53012]], [[9.98346, 62.72285], [9.99668, 62.72445]], [[9.99646, 62.72876], [9.98338, 62.74237], [9.98424, 62.74685]], [[10.15368, 62.92602], [10.15584, 62.92856], [10.17424, 62.92974], [10.18086, 62.93323]], [[10.24594, 63.02033], [10.24798, 63.02435], [10.2585, 63.02918]], [[10.23994, 63.11475], [10.24469, 63.13043]], [[10.2872, 63.05735], [10.28414, 63.06716], [10.25843, 63.0707], [10.2549, 63.07509]], [[10.30912, 63.21138], [10.31076, 63.21689], [10.2924, 63.22444], [10.28047, 63.23291], [10.27819, 63.24909]], [[10.34056, 63.33129], [10.34118, 63.34049], [10.34691, 63.34288]], [[9.90028, 61.56857], [9.90834, 61.56614]], [[9.54064, 61.68105], [9.54627, 61.68718]], [[9.73306, 61.61245], [9.74149, 61.60268]], [[9.55003, 61.73873], [9.53497, 61.75249], [9.53835, 61.76814]], [[10.38318, 63.40997], [10.38306, 63.41816]], [[10.4291, 61.13453], [10.41955, 61.14516]], [[10.46432, 61.1053], [10.46244, 61.1104]], [[11.10015, 60.78315], [11.09442, 60.78727]], [[10.29605, 61.31131], [10.28826, 61.31684]], [[10.92752, 60.88519], [10.91594, 60.88871]], [[11.19345, 60.71959], [11.19764, 60.71473]], [[9.68962, 62.59166], [9.70144, 62.59486]], [[11.0065, 60.81614], [11.00751, 60.82026]], [[11.04376, 60.79864], [11.02974, 60.80514]], [[11.05846, 60.79465], [11.04399, 60.79858]], [[11.00564, 60.82161], [10.99216, 60.82642]], [[10.957, 60.86311], [10.94463, 60.87442]], [[9.58384, 61.66433], [9.56032, 61.66847], [9.54545, 61.67538]], [[10.46059, 61.11727], [10.4573, 61.11992]], [[10.31751, 63.29906], [10.33231, 63.30341]], [[11.02952, 60.80529], [11.0107, 60.81356]], [[11.19764, 60.71473], [11.19346, 60.71971]], [[11.0842, 60.79093], [11.07423, 60.79191]], [[10.39807, 63.4365], [10.40568, 63.43696]], [[9.20379, 62.10078], [9.21918, 62.1039], [9.24544, 62.1047], [9.27399, 62.11725]], [[9.95959, 62.70684], [9.96897, 62.7198], [9.98346, 62.72285]], [[9.12431, 62.0662], [9.12675, 62.07031]], [[9.11601, 62.10571], [9.09204, 62.11102]], [[11.0879, 60.7904], [11.07387, 60.79207]], [[11.07423, 60.79191], [11.08388, 60.79084]], [[10.37852, 63.39202], [10.38686, 63.40298]], [[10.38493, 63.40516], [10.38311, 63.40952]], [[10.38106, 63.43199], [10.39152, 63.43509]], [[10.39295, 63.43549], [10.40233, 63.43667]], [[10.37112, 63.42652], [10.37239, 63.4292]], [[10.37105, 63.38887], [10.37852, 63.39202]], [[10.38101, 63.42036], [10.37185, 63.42574]], [[10.37341, 63.42492], [10.3811, 63.42038]], [[10.38246, 63.41917], [10.37281, 63.42529]], [[10.39423, 63.43589], [10.40502, 63.43693]], [[10.35543, 63.34773], [10.35826, 63.3535]], [[10.30841, 63.18356], [10.29742, 63.19568]], [[9.54549, 61.79476], [9.53831, 61.80795], [9.52995, 61.8144], [9.50592, 61.82408], [9.45582, 61.83247]], [[10.93493, 60.88166], [10.93979, 60.87906]], [[10.92937, 60.88433], [10.9347, 60.88177]], [[10.36544, 63.36978], [10.35637, 63.3758], [10.35756, 63.38452]], [[10.43754, 61.21533], [10.43779, 61.22924], [10.42673, 61.24482]], [[9.59112, 62.44256], [9.57726, 62.44861]], [[9.61762, 62.32147], [9.6182, 62.32945]], [[9.63597, 62.37892], [9.63584, 62.39001]], [[9.63446, 62.41638], [9.59812, 62.4405]], [[9.60741, 62.30842], [9.61753, 62.32039]], [[9.62965, 62.35334], [9.62819, 62.35623]], [[9.5731, 62.26657], [9.58072, 62.26968], [9.58165, 62.2767]], [[9.53778, 62.22268], [9.52931, 62.23438], [9.53112, 62.2413], [9.5431, 62.25385], [9.56623, 62.26503]], [[9.28301, 62.12372], [9.30365, 62.13852]], [[9.27399, 62.11725], [9.27887, 62.12065]], [[10.72133, 60.9148], [10.71958, 60.91742], [10.70917, 60.91945], [10.70782, 60.92331]], [[10.70665, 60.92394], [10.70218, 60.92637]], [[9.58572, 62.27921], [9.59575, 62.28495], [9.59119, 62.29177]], [[9.63579, 62.53774], [9.63935, 62.54945]], [[9.63939, 62.54955], [9.64086, 62.55277]], [[9.34059, 62.1598], [9.38747, 62.17603], [9.41891, 62.17668]], [[9.55199, 62.21349], [9.54392, 62.21732]], [[9.92595, 62.67232], [9.93766, 62.68229], [9.93886, 62.69155]], [[11.20861, 60.69882], [11.19764, 60.71473]], [[11.24958, 60.5583], [11.26917, 60.57934]], [[9.41043, 61.84382], [9.41071, 61.85408], [9.39834, 61.8614]], [[10.46636, 61.09598], [10.46431, 61.10516]], [[11.24201, 60.44905], [11.24096, 60.43888]], [[11.24104, 60.43887], [11.2421, 60.44905]], [[11.23679, 60.48339], [11.23175, 60.49404], [11.23674, 60.50288]], [[11.23928, 60.4295], [11.23678, 60.40798]], [[11.23667, 60.50289], [11.23166, 60.49404], [11.23672, 60.48337]], [[11.23672, 60.48337], [11.24464, 60.47629], [11.24706, 60.46845], [11.24201, 60.44905]], [[11.2421, 60.44905], [11.24725, 60.46768], [11.24472, 60.4763], [11.23679, 60.48339]], [[11.24096, 60.43888], [11.23927, 60.43365]], [[11.23935, 60.43364], [11.24104, 60.43887]], [[10.45415, 61.12144], [10.44842, 61.12436]], [[10.66374, 60.96326], [10.65429, 60.9694]], [[10.05488, 61.55054], [10.04834, 61.54956]], [[10.06185, 61.54953], [10.05561, 61.55046]], [[9.90874, 61.56608], [9.92468, 61.56245], [9.92754, 61.55417]], [[9.61235, 61.65922], [9.59087, 61.66349]], [[9.70958, 61.66577], [9.71911, 61.66578]], [[10.03757, 62.81597], [10.03222, 62.81763]], [[10.82088, 60.91585], [10.80122, 60.91553]], [[10.69388, 60.93425], [10.70049, 60.92826]], [[10.64563, 60.98151], [10.62606, 60.98506]], [[11.27143, 60.582], [11.26928, 60.57947]], [[11.27187, 60.61405], [11.26855, 60.61821]], [[11.26928, 60.57947], [11.27151, 60.58198]], [[11.27949, 60.61089], [11.2729, 60.61314]], [[11.2772, 60.58511], [11.27151, 60.58206]], [[11.26855, 60.61821], [11.27187, 60.61405]], [[11.25048, 60.62543], [11.23111, 60.6389]], [[11.27159, 60.58203], [11.2772, 60.58511]], [[11.2773, 60.58519], [11.28518, 60.59123]], [[11.2853, 60.59136], [11.28983, 60.59633]], [[11.29323, 60.60198], [11.27999, 60.61079]], [[11.22438, 60.66421], [11.22421, 60.65692]], [[11.22421, 60.65692], [11.22438, 60.66421]], [[11.22438, 60.66421], [11.21543, 60.67632]], [[11.18707, 60.72703], [11.18626, 60.72998]], [[11.15195, 60.7413], [11.13763, 60.74768]], [[11.13763, 60.74768], [11.15195, 60.7413]], [[11.13717, 60.74786], [11.10794, 60.75859]], [[11.10785, 60.75865], [11.09319, 60.7731]], [[11.17052, 60.73842], [11.15195, 60.7413]], [[10.4573, 61.11992], [10.4605, 61.11726]], [[10.76255, 60.9161], [10.74228, 60.91255], [10.72924, 60.91278]], [[10.80122, 60.91553], [10.82088, 60.91585]], [[10.87887, 60.89492], [10.84355, 60.91424]], [[10.97992, 60.83057], [10.99216, 60.82642]], [[10.52151, 61.01048], [10.51629, 61.01586], [10.50248, 61.01946], [10.49999, 61.02247]], [[10.72791, 60.91265], [10.72203, 60.91381]], [[10.70049, 60.92826], [10.69388, 60.93425]], [[10.93478, 60.8818], [10.92937, 60.88433]], [[10.69388, 60.93425], [10.6845, 60.94787], [10.67727, 60.95238]], [[10.65427, 60.96943], [10.65209, 60.97761], [10.64594, 60.98145]], [[10.59706, 60.99463], [10.57412, 61.00278]], [[10.62606, 60.98506], [10.64563, 60.98151]], [[10.93979, 60.87906], [10.935, 60.8817]], [[10.97865, 60.83105], [10.97542, 60.83673], [10.96572, 60.84073], [10.96499, 60.84494]], [[10.61898, 60.98602], [10.60432, 60.98877], [10.60033, 60.99256]], [[10.99216, 60.82642], [10.97992, 60.83057]], [[10.46075, 61.11647], [10.46134, 61.11344]], [[10.46141, 61.11322], [10.4608, 61.1166]], [[10.01297, 62.82442], [10.0131, 62.82702]], [[9.22138, 62.01268], [9.21457, 62.01729]], [[9.20728, 62.02023], [9.15957, 62.04545]], [[10.08854, 62.87346], [10.10424, 62.88557]], [[9.8082, 61.58515], [9.82798, 61.58541], [9.83981, 61.58277]], [[10.10421, 61.53572], [10.06256, 61.54936]], [[9.98762, 62.75312], [9.99594, 62.75499], [9.99573, 62.75878]], [[9.23003, 62.00241], [9.22151, 62.01261]], [[9.41749, 61.87319], [9.41859, 61.87659], [9.40346, 61.88305], [9.40539, 61.88939]], [[9.68256, 62.58805], [9.68671, 62.59034]], [[9.66642, 62.57544], [9.67409, 62.58307]], [[9.66241, 62.5715], [9.66634, 62.57536]], [[9.64094, 62.55285], [9.65032, 62.55893]], [[9.12431, 62.0662], [9.12612, 62.06932]], [[10.38071, 63.43195], [10.39217, 63.43532]], [[9.54392, 62.21732], [9.53802, 62.22247]], [[10.67715, 60.95244], [10.66584, 60.96154]], [[9.39796, 61.86717], [9.41633, 61.87225]], [[9.72062, 61.64049], [9.71907, 61.63371], [9.72379, 61.62479]], [[9.84319, 61.57996], [9.85268, 61.57662]], [[9.86247, 61.57447], [9.87068, 61.57298]], [[10.44835, 61.1244], [10.43826, 61.13099]], [[9.88117, 61.5697], [9.90028, 61.56857]], [[11.2467, 60.33929], [11.24566, 60.34855]], [[11.24734, 60.33622], [11.24635, 60.34176]], [[11.238, 60.39148], [11.23749, 60.399]], [[11.24602, 60.34236], [11.2467, 60.33833]], [[11.23621, 60.40591], [11.23706, 60.40038]], [[11.23714, 60.40042], [11.2363, 60.4059]], [[11.23741, 60.399], [11.23792, 60.39148]], [[11.24571, 60.34992], [11.24379, 60.37052]], [[11.23755, 60.38689], [11.24354, 60.3711]], [[11.24362, 60.37111], [11.23763, 60.38688]], [[11.2467, 60.33929], [11.24615, 60.34273]], [[11.24807, 60.33178], [11.24734, 60.33622]], [[9.75328, 61.5931], [9.77948, 61.58558]], [[9.69008, 61.66345], [9.6773, 61.66288]], [[11.2382, 60.50414], [11.24249, 60.51192], [11.24127, 60.52521]], [[11.24211, 60.53154], [11.24617, 60.54658]], [[11.24135, 60.52635], [11.24241, 60.51193], [11.23813, 60.50417]], [[11.24127, 60.52521], [11.24211, 60.53154]], [[11.24692, 60.55126], [11.24948, 60.55574]], [[11.24608, 60.54658], [11.24155, 60.52779]], [[11.23686, 60.40797], [11.23935, 60.43364]], [[10.27125, 63.14903], [10.28162, 63.1526]], [[10.29742, 63.19568], [10.29885, 63.2008]], [[10.29594, 61.31129], [10.28826, 61.31684]], [[10.35872, 61.2755], [10.3415, 61.27362]], [[10.27389, 61.33511], [10.26822, 61.34111], [10.2694, 61.35647]], [[10.28993, 63.03608], [10.28204, 63.04562]], [[10.45599, 61.0618], [10.46204, 61.08403]], [[10.4048, 61.16138], [10.4043, 61.16961]], [[10.22868, 63.10854], [10.23601, 63.11386]], [[10.23372, 63.09576], [10.22938, 63.10108]], [[10.2549, 63.07509], [10.23412, 63.09538]], [[10.28504, 63.15737], [10.29175, 63.16148]], [[10.35801, 63.35427], [10.36544, 63.36978]], [[10.29217, 63.27264], [10.28347, 63.27922]], [[10.2735, 63.28676], [10.27366, 63.2908], [10.27998, 63.29279]], [[10.27819, 63.24909], [10.28745, 63.25916]], [[10.28303, 63.15339], [10.28504, 63.15737]], [[10.29296, 63.26978], [10.29217, 63.27264]], [[10.27998, 63.29279], [10.31751, 63.29906]], [[10.30133, 63.20769], [10.30873, 63.21124]], [[10.24469, 63.13043], [10.27111, 63.14896]], [[9.59981, 62.30071], [9.60241, 62.30469]], [[9.59119, 62.29177], [9.59325, 62.29777], [9.59968, 62.30065]], [[9.58876, 62.50483], [9.59493, 62.50929]], [[9.58614, 62.49154], [9.58876, 62.50483]], [[9.89788, 62.66502], [9.91393, 62.6699]], [[9.67425, 62.58317], [9.68256, 62.58805]], [[9.71598, 62.59799], [9.74122, 62.6081]], [[9.57381, 62.45278], [9.57375, 62.47431], [9.5796, 62.48223]], [[9.47262, 62.18479], [9.49723, 62.19504], [9.55143, 62.20891]], [[9.41891, 62.17668], [9.4299, 62.17588]], [[9.56659, 62.26515], [9.5731, 62.26657]], [[9.17289, 62.09905], [9.18806, 62.09856]], [[9.59812, 62.4405], [9.59123, 62.44251]], [[9.65545, 62.56444], [9.66236, 62.57139]], [[9.55143, 62.20891], [9.55436, 62.21117]], [[9.54641, 61.68766], [9.54875, 61.69477]], [[10.17511, 62.9599], [10.17607, 62.96445]], [[10.19859, 62.97432], [10.20695, 62.97794], [10.21927, 62.97901]], [[10.23587, 63.00649], [10.24207, 63.01313]], [[10.2412, 63.01406], [10.23862, 63.01669], [10.24193, 63.01889]], [[9.15679, 62.04739], [9.14354, 62.05249]], [[9.13989, 62.05348], [9.12881, 62.05978]], [[9.13037, 62.07393], [9.13402, 62.07658]], [[10.29899, 63.16566], [10.30838, 63.18338]], [[10.28335, 63.27931], [10.27924, 63.28241]], [[9.59673, 62.50944], [9.60726, 62.51391]], [[9.60737, 62.51399], [9.61128, 62.52099]], [[9.54831, 61.69568], [9.54841, 61.70462], [9.53715, 61.71143]], [[10.11846, 62.90298], [10.12841, 62.90692]], [[10.10522, 62.88773], [10.11116, 62.89709]], [[10.02962, 62.81711], [10.02382, 62.81653], [10.01953, 62.8186]], [[10.13185, 62.90795], [10.14974, 62.92185]], [[10.17986, 62.95144], [10.17632, 62.95682]], [[10.23931, 62.98758], [10.23992, 62.9938]], [[10.23466, 62.99577], [10.23079, 63.00013], [10.23448, 63.00497]], [[10.27106, 63.03326], [10.28712, 63.03509]], [[10.28478, 63.0501], [10.2872, 63.05735]], [[9.70667, 62.59599], [9.71578, 62.59795]], [[9.78643, 62.62958], [9.83791, 62.64525], [9.87368, 62.64851], [9.8854, 62.6549]], [[9.99589, 62.75994], [9.99031, 62.76881]], [[9.9897, 62.77121], [9.98906, 62.77494]], [[9.98918, 62.77858], [10.00676, 62.7899], [10.0181, 62.79232]], [[10.0189, 62.79243], [10.0276, 62.79304], [10.02937, 62.79881], [10.04047, 62.8018], [10.03503, 62.81051], [10.03708, 62.81422]], [[10.01953, 62.8186], [10.01328, 62.82414]], [[9.98428, 62.74695], [9.98536, 62.75092]], [[9.63496, 62.4132], [9.63449, 62.41631]], [[9.58108, 62.48376], [9.58611, 62.49145]], [[9.61128, 62.52099], [9.61383, 62.52742]], [[9.63248, 62.53264], [9.63573, 62.53765]], [[9.65045, 62.55901], [9.65423, 62.56261]], [[9.58171, 62.27679], [9.58558, 62.27916]], [[9.30416, 62.13889], [9.33859, 62.159]], [[9.15067, 62.09706], [9.15811, 62.09605]], [[9.27399, 62.11725], [9.27879, 62.12069]], [[9.43736, 62.17535], [9.46196, 62.17916], [9.47252, 62.18472]], [[9.67572, 61.6629], [9.64128, 61.66341]], [[9.59072, 61.6635], [9.58394, 61.66431]], [[9.53734, 61.72648], [9.54795, 61.73588]], [[9.53797, 61.77057], [9.53713, 61.77767]], [[9.42025, 61.83741], [9.41052, 61.84066]], [[9.39066, 61.89661], [9.37184, 61.90189], [9.35637, 61.91523]], [[9.3501, 61.91806], [9.33661, 61.91978]], [[9.33652, 61.91981], [9.31441, 61.92708]], [[9.31052, 61.92825], [9.30578, 61.93083]], [[9.3049, 61.93198], [9.30269, 61.94066]], [[9.30136, 61.943], [9.29309, 61.94805], [9.27664, 61.95151]], [[9.25652, 61.98683], [9.24489, 61.99799]], [[10.56869, 61.004], [10.56428, 61.00558]], [[10.49986, 61.02257], [10.49089, 61.02511], [10.4912, 61.03083]], [[11.09319, 60.7731], [11.09667, 60.77722]], [[11.18068, 60.73598], [11.17052, 60.73842]], [[11.18623, 60.73005], [11.18068, 60.73598]], [[11.18968, 60.72397], [11.18707, 60.72703]], [[11.2092, 60.69576], [11.20861, 60.69882]], [[11.21309, 60.68716], [11.2092, 60.69576]], [[11.21397, 60.68046], [11.21309, 60.68716]], [[11.21541, 60.67635], [11.21397, 60.68046]], [[11.23111, 60.6389], [11.22421, 60.65692]], [[11.26191, 60.62001], [11.25048, 60.62543]], [[11.2899, 60.59641], [11.29284, 60.59966]], [[11.0107, 60.81356], [11.00694, 60.81578]], [[10.94463, 60.87442], [10.94, 60.87893]], [[10.96497, 60.84502], [10.95636, 60.85423]], [[10.55613, 61.00874], [10.53966, 61.00815], [10.52151, 61.01048]], [[10.56428, 61.00558], [10.55629, 61.0087]], [[10.57412, 61.00278], [10.56869, 61.004]], [[10.80122, 60.91553], [10.76255, 60.9161]], [[10.83531, 60.91634], [10.82088, 60.91585]], [[10.84355, 60.91424], [10.83531, 60.91634]], [[10.88558, 60.89235], [10.87887, 60.89492]], [[10.91066, 60.88899], [10.89954, 60.88713], [10.88558, 60.89235]], [[10.46411, 61.08932], [10.46636, 61.09598]], [[10.46204, 61.08403], [10.46368, 61.08777]], [[10.46445, 61.04596], [10.45894, 61.05475]], [[10.47976, 61.04029], [10.46445, 61.04596]], [[10.48976, 61.03516], [10.47976, 61.04029]], [[10.49184, 61.03144], [10.48976, 61.03516]], [[10.41006, 61.17598], [10.41673, 61.18357], [10.41517, 61.18768]], [[10.41044, 61.19516], [10.42914, 61.20766]], [[10.41533, 61.15239], [10.40508, 61.15586], [10.40477, 61.16131]], [[10.43529, 61.13249], [10.4291, 61.13453]], [[10.46063, 61.11646], [10.46134, 61.11344]], [[9.60303, 62.30514], [9.60741, 62.30842]], [[9.54392, 62.21732], [9.53802, 62.22247]], [[9.18806, 62.09856], [9.20361, 62.10075]], [[9.15811, 62.09605], [9.17275, 62.09903]], [[9.09204, 62.11102], [9.08711, 62.1127], [9.0886, 62.11539]], [[9.99732, 62.7255], [9.99646, 62.72876]], [[9.95592, 62.70103], [9.95959, 62.70684]], [[9.93886, 62.69155], [9.94481, 62.69711], [9.95573, 62.70093]], [[9.88549, 62.65497], [9.89788, 62.66502]], [[9.74935, 62.61201], [9.78622, 62.62952]], [[10.28513, 63.05144], [10.2872, 63.05735]], [[10.2585, 63.02918], [10.2708, 63.0332]], [[10.23992, 62.9938], [10.23489, 62.99568]], [[10.21927, 62.97901], [10.23906, 62.98743]], [[10.17793, 62.96761], [10.19859, 62.97432]], [[10.18246, 62.93545], [10.17986, 62.95144]], [[10.14974, 62.92185], [10.15362, 62.92394]], [[10.11116, 62.89709], [10.11846, 62.90298]], [[10.06375, 62.86531], [10.07136, 62.86452], [10.08068, 62.86682]], [[10.04054, 62.86965], [10.06375, 62.86531]], [[10.02987, 62.86751], [10.04054, 62.86965]], [[10.02247, 62.84236], [10.02351, 62.86015], [10.02987, 62.86751]], [[10.01455, 62.8278], [10.02167, 62.83354], [10.02247, 62.84236]], [[9.62374, 62.53018], [9.62942, 62.53065]], [[10.22938, 63.10108], [10.2283, 63.1048]], [[10.29175, 63.16148], [10.29899, 63.16566]], [[10.29885, 63.2008], [10.30027, 63.20611]], [[10.29742, 63.19568], [10.29885, 63.2008]], [[10.33603, 63.31824], [10.33948, 63.32572]], [[10.34691, 63.34288], [10.35242, 63.34527]], [[10.33719, 63.30835], [10.33622, 63.31767]], [[10.33231, 63.30341], [10.33719, 63.30835]], [[10.37105, 63.38887], [10.37852, 63.39202]], [[10.36303, 63.38603], [10.37054, 63.38871]], [[10.14139, 61.51353], [10.14101, 61.51726]], [[10.1675, 61.48116], [10.16472, 61.49292]], [[10.28748, 63.25922], [10.29296, 63.26978]], [[9.77972, 61.58553], [9.79279, 61.58405]], [[10.28413, 61.29699], [10.29589, 61.30819]], [[10.28812, 61.31696], [10.28039, 61.32034]], [[9.9675, 61.54708], [9.95603, 61.54697]], [[10.41955, 61.14516], [10.41648, 61.15115]], [[10.15936, 61.49983], [10.15421, 61.50425]], [[10.12329, 61.53113], [10.10435, 61.53569]], [[10.14346, 61.52855], [10.13079, 61.52973]], [[10.14997, 61.50657], [10.14162, 61.51301]], [[10.14881, 61.52419], [10.14642, 61.52799]], [[9.13432, 62.09555], [9.12426, 62.10089]], [[9.26325, 61.95979], [9.25382, 61.96628]], [[10.17626, 62.95691], [10.17511, 62.95985]], [[10.18721, 61.44252], [10.18372, 61.45141], [10.17344, 61.45349]], [[10.35533, 63.34774], [10.3575, 63.35091]], [[10.3392, 63.32647], [10.34048, 63.33116]], [[11.24716, 60.33559], [11.24759, 60.3327]], [[10.62508, 60.98531], [10.61925, 60.98601]], [[10.41987, 61.25485], [10.40279, 61.26622], [10.37653, 61.27392]], [[10.95679, 60.85504], [10.95702, 60.86264]], [[11.24798, 60.33177], [11.24736, 60.33547]], [[11.23792, 60.39148], [11.23759, 60.38728]], [[11.23767, 60.38728], [11.238, 60.39148]], [[11.23927, 60.43365], [11.23928, 60.4295]], [[11.24371, 60.37051], [11.24553, 60.35102]], [[9.74134, 62.60814], [9.74935, 62.61201]], [[9.54545, 61.67538], [9.54197, 61.67829]], [[11.24615, 60.34273], [11.24578, 60.34666]], [[11.2467, 60.33833], [11.24716, 60.33559]], [[11.24561, 60.34665], [11.24602, 60.34236]], [[9.24295, 61.99881], [9.23003, 62.00241]], [[9.21422, 62.01757], [9.20728, 62.02023]], [[9.25656, 61.98024], [9.25684, 61.98565]], [[9.53833, 61.77878], [9.54583, 61.78881]], [[9.54583, 61.78885], [9.54549, 61.79476]], [[9.4368, 61.83545], [9.42037, 61.83738]], [[9.45582, 61.83247], [9.4368, 61.83545]], [[9.4103, 61.84078], [9.41043, 61.84382]], [[9.40539, 61.88939], [9.39207, 61.89624]], [[9.27664, 61.95151], [9.26779, 61.95593]], [[9.35581, 61.91575], [9.3501, 61.91806]], [[9.53715, 61.71143], [9.53347, 61.71513]], [[9.53347, 61.71513], [9.53732, 61.72643]], [[9.54795, 61.73588], [9.55004, 61.73868]], [[9.70242, 61.66491], [9.70958, 61.66577]], [[9.69073, 61.66352], [9.70242, 61.66491]], [[9.64113, 61.66339], [9.61235, 61.65922]], [[9.79295, 61.58404], [9.80809, 61.58514]], [[9.84006, 61.58263], [9.84319, 61.57996]], [[9.85268, 61.57662], [9.86059, 61.57455]], [[9.74149, 61.60268], [9.74189, 61.59853]], [[9.73048, 61.64687], [9.72062, 61.64049]], [[9.72379, 61.62479], [9.72249, 61.61983], [9.73306, 61.61245]], [[9.72725, 61.66263], [9.73426, 61.65775]], [[9.73259, 61.64979], [9.73048, 61.64687]], [[9.73426, 61.65775], [9.73259, 61.64979]], [[10.04834, 61.54956], [10.03982, 61.54781]], [[10.03982, 61.54781], [10.00072, 61.54812]], [[9.9986, 61.54832], [9.9675, 61.54708]], [[9.92754, 61.55417], [9.9301, 61.55164]], [[9.9301, 61.55164], [9.95603, 61.54697]], [[10.4043, 61.16961], [10.41006, 61.17598]], [[10.41517, 61.18768], [10.41044, 61.19516]], [[10.42962, 61.20786], [10.43675, 61.21187]], [[10.42639, 61.24611], [10.41987, 61.25485]], [[10.37247, 61.27463], [10.35872, 61.2755]], [[10.3415, 61.27362], [10.31856, 61.27204], [10.29623, 61.27729]], [[10.29623, 61.27729], [10.27857, 61.28804], [10.27785, 61.29365]], [[10.2779, 61.29372], [10.28413, 61.29699]], [[10.27636, 61.32882], [10.27389, 61.33511]], [[10.28026, 61.3204], [10.27636, 61.32882]], [[10.2694, 61.35647], [10.26354, 61.36096], [10.26428, 61.36784], [10.25353, 61.37489]], [[10.25353, 61.37489], [10.2308, 61.38295]], [[10.2308, 61.38295], [10.21794, 61.38893]], [[10.21794, 61.38893], [10.21416, 61.39441]], [[10.21411, 61.3945], [10.2123, 61.39941]], [[10.2123, 61.39941], [10.20251, 61.40801], [10.20436, 61.42086]], [[10.20422, 61.42095], [10.18919, 61.42752]], [[10.18919, 61.42752], [10.18846, 61.43158]], [[10.18846, 61.43163], [10.18721, 61.44252]], [[10.17004, 61.45442], [10.16711, 61.4611]], [[10.16711, 61.4611], [10.16581, 61.47037]], [[10.16564, 61.4729], [10.1675, 61.48116]], [[10.16472, 61.49292], [10.15941, 61.49977]], [[10.15415, 61.50428], [10.14997, 61.50657]], [[10.14323, 61.51959], [10.14881, 61.52419]], [[10.45894, 61.05475], [10.45678, 61.0609]], [[10.08068, 62.86682], [10.08849, 62.87337]], [[11.2463, 60.54802], [11.24692, 60.55126]], [[11.10106, 60.78042], [11.10015, 60.78315]], [[9.13407, 62.07667], [9.13636, 62.08139]], [[9.14334, 62.0896], [9.1344, 62.09549]], [[9.12419, 62.10092], [9.1201, 62.1032]], [[9.11999, 62.10327], [9.11606, 62.10568]]]}}, {"type": "Feature", "properties": {"navn": "Kongsvingerbanen", "rang": 9, "kilde": "osm", "km": 116.8}, "geometry": {"type": "MultiLineString", "coordinates": [[[11.37718, 60.0552], [11.38465, 60.05821]], [[11.31075, 60.01551], [11.31829, 60.02326]], [[11.16682, 59.92816], [11.17444, 59.92864]], [[12.02313, 60.18821], [12.02927, 60.1881]], [[11.20522, 59.96927], [11.21617, 59.97771], [11.2322, 59.98247]], [[11.05347, 59.95414], [11.06324, 59.95223]], [[11.07405, 59.94972], [11.0898, 59.94597]], [[12.12016, 60.08402], [12.13178, 60.07398]], [[12.1231, 59.98231], [12.11534, 59.98636]], [[12.11742, 59.99519], [12.11534, 59.98636]], [[11.09077, 59.94574], [11.11367, 59.94009], [11.12341, 59.93465]], [[11.14428, 59.92199], [11.15854, 59.92433]], [[11.25216, 59.98448], [11.26071, 59.98456]], [[11.16437, 59.9277], [11.15899, 59.92466]], [[11.16437, 59.9277], [11.15899, 59.92466]], [[11.19953, 59.96439], [11.1935, 59.95554]], [[11.18072, 59.9322], [11.1935, 59.95554]], [[11.38842, 60.06618], [11.3925, 60.06911]], [[11.30442, 60.00732], [11.29749, 60.00328]], [[11.29749, 60.00328], [11.30442, 60.00732]], [[11.33554, 60.0325], [11.34305, 60.03537]], [[11.32096, 60.02495], [11.32965, 60.03011]], [[11.46862, 60.12658], [11.4641, 60.12233]], [[11.46989, 60.12732], [11.46409, 60.12228]], [[11.28891, 60.00012], [11.29749, 60.00328]], [[11.32784, 60.02939], [11.32096, 60.02495]], [[11.35268, 60.03971], [11.36969, 60.05147]], [[11.48066, 60.14474], [11.50436, 60.15793]], [[11.42034, 60.08548], [11.46069, 60.1135], [11.46387, 60.12078]], [[11.69521, 60.2532], [11.72093, 60.243]], [[11.63518, 60.20778], [11.64486, 60.20962]], [[11.56944, 60.17334], [11.56378, 60.16797]], [[11.56378, 60.16797], [11.56944, 60.17334]], [[11.6489, 60.2109], [11.67064, 60.2208]], [[11.67433, 60.23734], [11.67407, 60.24676]], [[11.57615, 60.18218], [11.62253, 60.20483], [11.63452, 60.20767]], [[11.67098, 60.22103], [11.67511, 60.22693]], [[11.67566, 60.24986], [11.68701, 60.25483]], [[11.67865, 60.25281], [11.68547, 60.25472]], [[11.57029, 60.17464], [11.57602, 60.18212]], [[11.50574, 60.15846], [11.51721, 60.1634], [11.54127, 60.16645]], [[11.63518, 60.20778], [11.64486, 60.20963]], [[11.74638, 60.23832], [11.8047, 60.22759]], [[11.99965, 60.18792], [12.01949, 60.18811]], [[11.81792, 60.22296], [11.86307, 60.20318]], [[11.81788, 60.22298], [11.80494, 60.22754]], [[11.88326, 60.19729], [11.87607, 60.19781]], [[11.73728, 60.24], [11.74249, 60.23904]], [[11.87607, 60.19781], [11.88213, 60.19719]], [[11.80494, 60.22754], [11.81788, 60.22298]], [[11.95334, 60.20597], [11.98294, 60.19288]], [[11.46525, 60.12426], [11.46989, 60.12732]], [[11.24106, 59.98583], [11.24742, 59.98562]], [[11.07399, 59.94973], [11.06359, 59.9522]], [[11.26757, 59.98745], [11.28202, 59.99612]], [[11.06355, 59.95215], [11.07399, 59.94973]], [[11.89409, 60.19993], [11.90945, 60.20519], [11.92593, 60.20742], [11.95281, 60.20609]], [[12.12923, 60.03823], [12.12538, 60.02912]], [[12.13262, 60.07265], [12.13461, 60.06566]], [[12.13803, 59.97613], [12.16522, 59.96756], [12.19742, 59.95295]], [[12.12538, 60.02912], [12.12123, 60.02104]], [[12.11851, 60.08704], [12.11993, 60.08423]], [[12.11368, 60.11304], [12.11583, 60.10836]], [[12.11534, 59.98636], [12.12213, 59.9827]], [[12.2066, 59.94917], [12.19742, 59.95295]], [[12.12123, 60.02104], [12.12538, 60.02912]], [[12.19742, 59.95295], [12.2066, 59.94917]], [[12.13185, 60.04467], [12.12933, 60.03848]], [[12.11675, 60.10637], [12.12009, 60.09438]], [[12.11931, 60.09083], [12.11851, 60.0871]], [[12.24342, 59.93186], [12.2066, 59.94917]], [[12.11583, 60.10836], [12.11368, 60.11304]], [[12.05085, 60.15088], [12.08167, 60.13557]], [[12.10848, 60.12124], [12.11219, 60.11626]], [[12.09898, 60.13045], [12.10828, 60.12148]], [[12.0461, 60.17799], [12.05271, 60.17048]], [[12.03652, 60.18698], [12.04509, 60.17935]], [[12.0521, 60.16449], [12.04937, 60.15199]], [[12.12997, 60.05689], [12.13187, 60.04472]], [[11.12352, 59.93456], [11.13824, 59.92394]], [[11.47071, 60.12791], [11.4804, 60.13721]], [[11.38465, 60.05821], [11.38837, 60.0661]], [[11.34313, 60.03541], [11.34861, 60.03755]], [[11.33076, 60.0306], [11.33554, 60.0325]], [[11.28349, 59.99679], [11.28891, 60.00012]], [[11.2608, 59.98458], [11.26757, 59.98745]], [[11.98294, 60.19288], [11.99194, 60.18926]], [[11.88475, 60.19742], [11.89409, 60.19993]], [[11.86307, 60.20318], [11.87321, 60.19874]], [[11.68868, 60.25478], [11.69521, 60.2532]], [[11.67511, 60.22693], [11.67431, 60.2372]], [[11.54127, 60.16645], [11.55226, 60.16502]], [[11.55226, 60.16502], [11.56347, 60.16768]], [[11.4804, 60.13721], [11.48066, 60.14474]], [[11.40726, 60.07617], [11.41908, 60.0846]], [[12.12673, 59.98085], [12.13803, 59.97613]], [[12.13461, 60.06566], [12.13374, 60.0616]], [[12.13374, 60.0616], [12.1304, 60.05773]], [[12.11997, 60.01841], [12.11742, 59.99519]], [[12.05273, 60.17044], [12.0521, 60.16449]], [[12.08167, 60.13557], [12.09791, 60.13121]], [[12.12009, 60.09438], [12.11932, 60.09089]], [[11.7211, 60.24297], [11.73728, 60.24]], [[11.39476, 60.07], [11.40714, 60.0761]], [[11.30447, 60.00737], [11.31068, 60.0154]], [[11.23226, 59.98249], [11.23704, 59.98492]], [[11.20003, 59.96537], [11.2051, 59.9692]], [[12.24342, 59.93186], [12.2066, 59.94917]]]}}, {"type": "Feature", "properties": {"navn": "Gj\u00f8vikbanen", "rang": 8, "kilde": "osm", "km": 118.3}, "geometry": {"type": "MultiLineString", "coordinates": [[[10.78521, 59.9055], [10.77345, 59.90696]], [[10.87015, 60.0804], [10.86306, 60.08474]], [[10.86561, 60.0582], [10.8561, 60.06147]], [[10.64502, 60.77303], [10.65224, 60.78283]], [[10.58571, 60.62008], [10.59448, 60.62655]], [[10.77966, 59.94265], [10.78112, 59.93946]], [[10.69634, 60.79448], [10.69412, 60.79802]], [[10.6602, 60.78434], [10.67848, 60.78431]], [[10.57467, 60.59615], [10.58514, 60.60998]], [[10.62678, 60.75201], [10.6319, 60.75748]], [[10.62339, 60.28252], [10.61696, 60.28455]], [[10.76692, 59.95436], [10.76904, 59.9594]], [[10.78862, 59.9704], [10.78829, 59.97787], [10.79642, 59.98269]], [[10.80723, 60.01201], [10.81276, 60.01658], [10.80971, 60.02577]], [[10.66674, 60.26204], [10.66192, 60.26767]], [[10.59339, 60.29474], [10.58723, 60.29791], [10.58472, 60.30543]], [[10.5974, 60.63046], [10.59823, 60.63379]], [[10.49849, 60.4812], [10.50834, 60.49781]], [[10.69621, 60.79479], [10.6943, 60.79805]], [[10.57973, 60.31059], [10.58055, 60.31478]], [[10.58459, 60.30702], [10.57988, 60.31047]], [[10.78134, 59.96567], [10.7864, 59.96713]], [[10.77966, 59.94283], [10.78136, 59.93913]], [[10.78144, 59.93913], [10.77966, 59.94283]], [[10.7746, 59.90672], [10.79054, 59.90527]], [[10.79442, 59.90633], [10.79439, 59.90889]], [[10.77793, 59.94663], [10.77606, 59.9506], [10.76835, 59.95265]], [[10.78243, 59.92489], [10.78402, 59.93346]], [[10.78396, 59.93344], [10.78234, 59.92489]], [[10.78299, 59.93575], [10.78154, 59.93892]], [[10.78146, 59.93891], [10.7829, 59.93575]], [[10.7915, 59.9102], [10.78695, 59.91247]], [[10.78689, 59.91245], [10.79144, 59.91018]], [[10.78225, 59.91637], [10.7855, 59.91348]], [[10.78556, 59.91351], [10.78232, 59.91638]], [[10.6104, 60.71543], [10.61363, 60.72213]], [[10.62012, 60.73869], [10.62431, 60.74931]], [[10.72487, 60.2283], [10.71485, 60.23271]], [[10.8633, 60.08747], [10.86289, 60.08478]], [[10.62341, 60.28253], [10.61696, 60.28455]], [[10.61696, 60.2845], [10.62333, 60.28248]], [[10.65224, 60.78283], [10.6602, 60.78434]], [[10.69718, 60.78555], [10.69694, 60.79002]], [[10.68256, 60.78135], [10.68752, 60.77835], [10.69331, 60.77991]], [[10.67857, 60.78424], [10.68256, 60.78135]], [[10.69606, 60.79519], [10.69439, 60.79806]], [[10.69634, 60.79448], [10.69421, 60.79802]], [[10.54631, 60.40324], [10.54004, 60.41174]], [[10.5403, 60.41658], [10.5362, 60.42218]], [[10.52168, 60.51165], [10.5295, 60.51493]], [[10.53339, 60.42632], [10.52998, 60.43124]], [[10.56636, 60.38199], [10.55975, 60.39056]], [[10.57031, 60.36608], [10.56112, 60.37358], [10.56125, 60.37707]], [[10.52503, 60.43822], [10.5175, 60.44392]], [[10.55928, 60.57411], [10.57059, 60.59043]], [[10.56967, 60.36071], [10.57062, 60.36584]], [[10.60848, 60.699], [10.61017, 60.71518]], [[10.61829, 60.67664], [10.61481, 60.68058]], [[10.63702, 60.76847], [10.64502, 60.77303]], [[10.61829, 60.67664], [10.61485, 60.68557]], [[10.61471, 60.68592], [10.61163, 60.68837]], [[10.58436, 60.61633], [10.58558, 60.61999]], [[10.59823, 60.63379], [10.59635, 60.62917]], [[10.66281, 60.26937], [10.6616, 60.27225]], [[10.66674, 60.26204], [10.66397, 60.25799]], [[10.66406, 60.25799], [10.66674, 60.26204]], [[10.70979, 60.23546], [10.71485, 60.23271]], [[10.7188, 60.1677], [10.72164, 60.16414]], [[10.72164, 60.16414], [10.7188, 60.1677]], [[10.61038, 60.28642], [10.59354, 60.29466]], [[10.55233, 60.39506], [10.54639, 60.40319]], [[10.61696, 60.2845], [10.62333, 60.28248]], [[10.57497, 60.32308], [10.57266, 60.33438]], [[10.68489, 60.25162], [10.66958, 60.25363]], [[10.72205, 60.20572], [10.72904, 60.21979]], [[10.72413, 60.19917], [10.72195, 60.2056]], [[10.70479, 60.23775], [10.69934, 60.24282]], [[10.65997, 60.2736], [10.65657, 60.27633], [10.62836, 60.2818]], [[10.78532, 60.13696], [10.77586, 60.14387]], [[10.85863, 60.09913], [10.84563, 60.10658]], [[10.71878, 60.16783], [10.72245, 60.17843]], [[10.72623, 60.1839], [10.72579, 60.18766]], [[10.76102, 60.14979], [10.77586, 60.14387]], [[10.82598, 60.119], [10.83286, 60.11617]], [[10.86299, 60.0848], [10.8633, 60.08747]], [[10.77586, 60.14387], [10.76102, 60.14979]], [[10.73768, 60.15173], [10.72763, 60.15645]], [[10.72567, 60.15991], [10.72164, 60.16414]], [[10.76008, 60.15013], [10.74175, 60.15116]], [[10.83781, 60.10985], [10.83316, 60.11611]], [[10.81372, 60.12125], [10.79844, 60.12863]], [[10.87012, 60.06183], [10.87015, 60.0804]], [[10.82043, 60.04153], [10.83609, 60.04791], [10.84435, 60.05453], [10.84818, 60.06292]], [[10.8167, 60.03949], [10.81172, 60.0365]], [[10.85834, 60.05934], [10.86711, 60.05832]], [[10.51653, 60.44747], [10.51054, 60.45128]], [[10.50836, 60.49788], [10.51337, 60.50363]], [[10.5356, 60.52778], [10.53361, 60.543]], [[10.54013, 60.55065], [10.55357, 60.56383]], [[10.59813, 60.63784], [10.60447, 60.65699]], [[10.63429, 60.75883], [10.63607, 60.76659]], [[10.71485, 60.23271], [10.70979, 60.23546]], [[10.69739, 60.24364], [10.68489, 60.25162]], [[10.70979, 60.23546], [10.70479, 60.23775]], [[10.72904, 60.21979], [10.72602, 60.22586]], [[10.72401, 60.19495], [10.72535, 60.18992]], [[10.72245, 60.17843], [10.72623, 60.18384]], [[10.72747, 60.15661], [10.72567, 60.15991]], [[10.7885, 60.13453], [10.78532, 60.13696]], [[10.82313, 60.11953], [10.81372, 60.12125]], [[10.84551, 60.10662], [10.83781, 60.10985]], [[10.86356, 60.08784], [10.86055, 60.09687]], [[10.87012, 60.06183], [10.86746, 60.05846]], [[10.80971, 60.02577], [10.81348, 60.0304], [10.81156, 60.03592]], [[10.80228, 59.99554], [10.80131, 60.00698]], [[10.79891, 59.98466], [10.80607, 59.98695], [10.80354, 59.99204]], [[10.76904, 59.9594], [10.78005, 59.9653]], [[10.61388, 60.7247], [10.61696, 60.72918]], [[10.56994, 60.35559], [10.56959, 60.35917]], [[10.80131, 60.00698], [10.80723, 60.01201]], [[10.61741, 60.6715], [10.61969, 60.67419]], [[10.60912, 60.69099], [10.60802, 60.69549]], [[10.60802, 60.69549], [10.60848, 60.699]], [[10.61702, 60.72929], [10.6183, 60.73638]], [[10.62431, 60.74931], [10.62669, 60.75194]], [[10.6937, 60.78068], [10.69718, 60.78555]], [[10.50955, 60.45291], [10.50852, 60.45735]], [[10.50852, 60.45735], [10.50088, 60.46789], [10.49849, 60.4812]], [[10.51337, 60.50363], [10.52153, 60.51156]], [[10.53095, 60.51624], [10.53539, 60.52454]], [[10.53539, 60.52454], [10.53569, 60.52772]], [[10.53361, 60.543], [10.5385, 60.55009]], [[10.55357, 60.56383], [10.55522, 60.56751]], [[10.55528, 60.56759], [10.55676, 60.57041]], [[10.55676, 60.57041], [10.55928, 60.57411]], [[10.57277, 60.59276], [10.57465, 60.59607]], [[10.58514, 60.60998], [10.58529, 60.613]], [[10.59817, 60.63427], [10.59813, 60.63784]], [[10.60447, 60.65699], [10.61018, 60.66089]], [[10.61018, 60.66089], [10.61098, 60.66745], [10.61741, 60.6715]], [[10.54087, 60.41303], [10.5403, 60.41658]], [[10.53616, 60.42224], [10.53339, 60.42632]], [[10.52998, 60.43124], [10.52516, 60.43814]], [[10.58055, 60.31488], [10.57412, 60.31893], [10.57497, 60.32308]], [[10.57266, 60.33438], [10.56756, 60.34591]], [[10.56756, 60.34591], [10.56538, 60.34852], [10.56992, 60.35547]], [[10.56125, 60.37707], [10.56674, 60.38082]], [[10.79485, 60.13071], [10.7885, 60.13453]], [[10.8487, 60.06314], [10.8561, 60.06147]], [[10.76951, 59.90761], [10.7746, 59.90672]], [[10.86751, 60.05841], [10.87012, 60.06183]], [[10.72413, 60.19917], [10.72401, 60.19495]], [[10.72358, 60.19402], [10.72413, 60.19917]], [[10.72579, 60.18766], [10.72428, 60.19151]], [[10.80354, 59.99204], [10.8023, 59.9955]], [[10.75354, 59.91013], [10.75965, 59.90882]]]}}, {"type": "Feature", "properties": {"navn": "Tr\u00f8nderbanen", "rang": 7, "kilde": "entur", "km": 142.3}, "geometry": {"type": "MultiLineString", "coordinates": [[[10.27665, 63.28437], [10.27281, 63.28805], [10.27542, 63.29177], [10.32049, 63.29963], [10.33231, 63.30341], [10.33761, 63.30888], [10.34118, 63.34049], [10.35526, 63.34737], [10.3656, 63.37021], [10.35654, 63.37552], [10.35709, 63.38395], [10.37983, 63.3926], [10.38654, 63.39934], [10.38282, 63.41865], [10.37116, 63.4267], [10.37484, 63.43041], [10.39553, 63.43612], [10.44393, 63.44071], [10.46781, 63.43624], [10.48929, 63.43601], [10.52697, 63.42646], [10.54485, 63.43043], [10.55882, 63.42969], [10.60086, 63.44205], [10.61433, 63.43736], [10.63775, 63.44254], [10.65437, 63.44121], [10.66329, 63.43742], [10.67573, 63.43761], [10.71845, 63.43096], [10.75549, 63.4327], [10.77153, 63.42792], [10.78298, 63.41329], [10.79623, 63.4118], [10.80643, 63.4143], [10.81739, 63.42225], [10.85443, 63.43366], [10.87105, 63.44208], [10.90551, 63.44699], [10.91381, 63.45233], [10.91293, 63.47796], [10.89615, 63.48905], [10.89347, 63.49784], [10.8811, 63.50245], [10.86399, 63.5024], [10.85332, 63.50579], [10.80579, 63.50972], [10.7997, 63.52389], [10.80906, 63.5306], [10.84242, 63.53626], [10.85952, 63.54265], [10.89475, 63.54495], [10.90932, 63.55282], [10.9406, 63.56356], [10.99521, 63.5772], [11.01356, 63.58664], [11.04032, 63.59488], [11.04009, 63.60467], [11.08386, 63.62387], [11.08267, 63.62746], [11.06611, 63.63729], [11.07827, 63.64848], [11.10654, 63.6605], [11.12499, 63.67655], [11.14432, 63.67972], [11.16816, 63.68877], [11.1866, 63.69279], [11.202, 63.7137], [11.21849, 63.71634], [11.25015, 63.71591], [11.26015, 63.72407], [11.2885, 63.73212], [11.29279, 63.7411], [11.32458, 63.75455], [11.34596, 63.75636], [11.37703, 63.75447], [11.42334, 63.76296], [11.43355, 63.76023], [11.45194, 63.7616], [11.46644, 63.76755], [11.47444, 63.77571], [11.47375, 63.78452], [11.48474, 63.78844], [11.48266, 63.79563], [11.47161, 63.80428], [11.45172, 63.81212], [11.44516, 63.8318], [11.41569, 63.83706], [11.4111, 63.84967], [11.40321, 63.85327], [11.40093, 63.85943], [11.40624, 63.87616], [11.4306, 63.89357], [11.43718, 63.90352], [11.42455, 63.92484], [11.41147, 63.96329], [11.42573, 63.98163], [11.46324, 63.99608], [11.49703, 64.00532], [11.49993, 64.00823], [11.49616, 64.01148]]]}}, {"type": "Feature", "properties": {"navn": "Bergensbanen", "rang": 6, "kilde": "osm", "km": 343.6}, "geometry": {"type": "MultiLineString", "coordinates": [[[5.37985, 60.38352], [5.36493, 60.37998], [5.35394, 60.38237]], [[10.1863, 60.18586], [10.17017, 60.19018], [10.16394, 60.1961], [10.15073, 60.19885]], [[10.05135, 60.21113], [10.04082, 60.21119], [10.02877, 60.2082], [9.98453, 60.20829]], [[9.91603, 60.24439], [9.90911, 60.24775]], [[9.77396, 60.27275], [9.74823, 60.28547]], [[9.65026, 60.34299], [9.64315, 60.34683], [9.64702, 60.35464]], [[9.55829, 60.39791], [9.54466, 60.39987]], [[9.49806, 60.42031], [9.48153, 60.42868]], [[9.38719, 60.43067], [9.37666, 60.43094]], [[9.2751, 60.45563], [9.26525, 60.45914]], [[9.20824, 60.49063], [9.19513, 60.48968], [9.18218, 60.49294]], [[9.09034, 60.5978], [9.07609, 60.60576], [9.0666, 60.6197]], [[8.72978, 60.66022], [8.70786, 60.65912]], [[8.68719, 60.64784], [8.65567, 60.64423], [8.62569, 60.64932]], [[8.54223, 60.62262], [8.53212, 60.61455]], [[8.36689, 60.57582], [8.35593, 60.57657]], [[8.29561, 60.55749], [8.28984, 60.55642]], [[8.14348, 60.53134], [8.13588, 60.52552], [8.12622, 60.52385]], [[7.83405, 60.51169], [7.81427, 60.53026]], [[7.72838, 60.54973], [7.70199, 60.55126]], [[7.52099, 60.59657], [7.5151, 60.59687]], [[6.84235, 60.69544], [6.83529, 60.69137]], [[6.85545, 60.69492], [6.84743, 60.69826]], [[6.76151, 60.67004], [6.75008, 60.67613]], [[6.61879, 60.67936], [6.59731, 60.67954]], [[6.4489, 60.63716], [6.44526, 60.6396]], [[6.38808, 60.62388], [6.38195, 60.62263]], [[6.09953, 60.64618], [6.06833, 60.63969], [6.04123, 60.6409]], [[5.73279, 60.54862], [5.7268, 60.54471]], [[5.47024, 60.42132], [5.46306, 60.41942]], [[5.50931, 60.42399], [5.47743, 60.42261]], [[5.80829, 60.58257], [5.80393, 60.58006]], [[5.58182, 60.43021], [5.57507, 60.42836]], [[6.43741, 60.63808], [6.42829, 60.63116], [6.42142, 60.62949]], [[5.52408, 60.42058], [5.51898, 60.4218]], [[5.54038, 60.42265], [5.52705, 60.4204]], [[5.69821, 60.45146], [5.64459, 60.44227], [5.626, 60.4302]], [[5.62441, 60.42897], [5.6286, 60.43322]], [[5.7273, 60.45422], [5.72093, 60.45257]], [[5.72432, 60.52913], [5.72443, 60.52204]], [[5.72624, 60.51161], [5.72788, 60.50497]], [[5.72907, 60.50239], [5.73161, 60.49999]], [[5.74085, 60.46361], [5.73934, 60.45938]], [[5.73982, 60.47478], [5.74345, 60.47258]], [[5.55444, 60.42268], [5.54861, 60.42273]], [[5.76181, 60.57425], [5.75957, 60.5705]], [[5.76783, 60.57728], [5.76181, 60.57425]], [[8.60913, 60.64683], [8.60123, 60.64576], [8.59173, 60.63956]], [[5.81744, 60.5932], [5.81867, 60.58909]], [[6.20551, 60.63251], [6.20188, 60.63476]], [[6.27941, 60.63161], [6.2668, 60.6322]], [[6.29229, 60.62926], [6.2802, 60.63144]], [[6.38195, 60.62263], [6.32823, 60.62872], [6.29272, 60.62921]], [[7.01996, 60.7254], [7.00427, 60.7245]], [[6.99892, 60.7216], [6.99304, 60.71601]], [[6.98537, 60.71089], [6.95921, 60.70243]], [[6.95689, 60.70187], [6.9499, 60.69955]], [[6.91755, 60.7062], [6.90665, 60.70688]], [[6.94069, 60.70387], [6.9326, 60.7068], [6.92042, 60.7064]], [[6.90665, 60.70688], [6.90145, 60.70862]], [[6.80781, 60.68231], [6.80542, 60.66964]], [[6.80237, 60.66833], [6.78814, 60.66978], [6.77184, 60.66778]], [[7.50935, 60.59954], [7.50291, 60.60234]], [[7.5091, 60.59976], [7.50223, 60.60257]], [[7.4914, 60.60365], [7.44079, 60.61449], [7.39304, 60.62913]], [[7.67167, 60.55213], [7.65371, 60.55497], [7.63233, 60.55438]], [[6.44526, 60.6396], [6.43875, 60.63914]], [[6.5435, 60.66802], [6.53789, 60.66761]], [[6.57559, 60.6794], [6.55737, 60.67316]], [[6.65859, 60.67859], [6.63045, 60.68012]], [[6.70507, 60.67179], [6.68044, 60.68098]], [[6.71379, 60.67451], [6.70507, 60.67179]], [[6.94607, 60.6996], [6.94324, 60.70181]], [[7.13542, 60.73889], [7.125, 60.73932]], [[5.79285, 60.58086], [5.78003, 60.581], [5.76817, 60.57746]], [[5.72632, 60.54425], [5.72134, 60.53921], [5.72337, 60.53348]], [[5.7339, 60.48135], [5.73748, 60.4775]], [[7.29369, 60.65504], [7.28681, 60.65337]], [[7.31023, 60.65365], [7.30372, 60.65315]], [[7.57614, 60.56804], [7.57349, 60.57155]], [[7.99024, 60.50321], [7.98186, 60.50369]], [[7.97127, 60.50351], [7.95883, 60.50201]], [[8.05698, 60.4885], [8.05038, 60.49287]], [[8.09901, 60.51273], [8.09357, 60.50325], [8.07163, 60.49654]], [[8.1111, 60.51772], [8.10694, 60.51579]], [[7.19861, 60.72067], [7.19329, 60.72402]], [[8.24356, 60.54872], [8.23757, 60.54521]], [[8.22285, 60.53713], [8.20917, 60.53549]], [[7.86486, 60.51186], [7.85421, 60.51418]], [[9.04901, 60.65068], [9.01378, 60.69107]], [[7.73749, 60.55033], [7.72838, 60.54973]], [[5.7584, 60.56968], [5.74844, 60.56066]], [[8.5672, 60.62732], [8.55945, 60.62576]], [[8.209, 60.53544], [8.19604, 60.53301]], [[8.18472, 60.53141], [8.14348, 60.53134]], [[10.24134, 60.1689], [10.2363, 60.16778]], [[5.33803, 60.38852], [5.33361, 60.39034]], [[5.45367, 60.41538], [5.3748, 60.38077]], [[6.41326, 60.62956], [6.40694, 60.62878]], [[9.67841, 60.31441], [9.67513, 60.32456]], [[6.59709, 60.67953], [6.5867, 60.67941]], [[8.28908, 60.55648], [8.26696, 60.55301]], [[8.04234, 60.49824], [8.03152, 60.49809], [8.01338, 60.50162]], [[8.12182, 60.5224], [8.1111, 60.51772]], [[10.12679, 60.20257], [10.1076, 60.2067], [10.09538, 60.20693]], [[6.26457, 60.63174], [6.24095, 60.63091]], [[6.39538, 60.62598], [6.38808, 60.62388]], [[7.63135, 60.55444], [7.61157, 60.55503], [7.59308, 60.55883], [7.57614, 60.56804]], [[7.56388, 60.58157], [7.55082, 60.58984], [7.53707, 60.59396]], [[6.01097, 60.64752], [6.00142, 60.6464]], [[5.96194, 60.63795], [5.95395, 60.63757]], [[9.63618, 60.37164], [9.61955, 60.37632]], [[9.60927, 60.38227], [9.6009, 60.38462]], [[9.67145, 60.32749], [9.65725, 60.33038]], [[9.87313, 60.25834], [9.86861, 60.2608]], [[9.86368, 60.26097], [9.85796, 60.26115]], [[9.90768, 60.24812], [9.89297, 60.24875]], [[9.85609, 60.26121], [9.84667, 60.26202]], [[6.49751, 60.64456], [6.46768, 60.63931]], [[9.47613, 60.43054], [9.46874, 60.43701]], [[9.45585, 60.44197], [9.43729, 60.44843], [9.42374, 60.44667]], [[9.32571, 60.44307], [9.31456, 60.44982]], [[6.53679, 60.66731], [6.53334, 60.66036], [6.53621, 60.6569]], [[6.53625, 60.65679], [6.53119, 60.64923], [6.50238, 60.64464]], [[6.03804, 60.6412], [6.02779, 60.64116]], [[6.17251, 60.63682], [6.15111, 60.64371]], [[5.94239, 60.63431], [5.91426, 60.62348], [5.82499, 60.60023]], [[5.96194, 60.63795], [5.9539, 60.63758]], [[5.7339, 60.48135], [5.73646, 60.47798]], [[5.73181, 60.49683], [5.73385, 60.49176]], [[5.73502, 60.45615], [5.73024, 60.45479]], [[5.81864, 60.58892], [5.81335, 60.58487]], [[5.73605, 60.55198], [5.72675, 60.54472]], [[5.5748, 60.42827], [5.57049, 60.42653]], [[5.56657, 60.42504], [5.55758, 60.42265]], [[5.58799, 60.42841], [5.58211, 60.43012]], [[5.46303, 60.41945], [5.47024, 60.42132]], [[7.17475, 60.72971], [7.16711, 60.72962]], [[7.12313, 60.73554], [7.12077, 60.73311]], [[7.11918, 60.7329], [7.11201, 60.73226]], [[7.1192, 60.73287], [7.11134, 60.7322]], [[6.73367, 60.67802], [6.71921, 60.67791]], [[6.67063, 60.6831], [6.66636, 60.68051]], [[6.99304, 60.71601], [6.99078, 60.71354]], [[7.80416, 60.53174], [7.79277, 60.52953], [7.76772, 60.53777], [7.76072, 60.54757], [7.74937, 60.55153]], [[7.90382, 60.50245], [7.88042, 60.50927]], [[7.88031, 60.50932], [7.86575, 60.51177]], [[7.85264, 60.51383], [7.84265, 60.51081]], [[8.23313, 60.54348], [8.2237, 60.53789]], [[9.5926, 60.38894], [9.57617, 60.39315]], [[9.53594, 60.39515], [9.529, 60.39397]], [[9.51596, 60.39618], [9.50827, 60.40079], [9.50728, 60.41137], [9.49819, 60.42023]], [[9.91679, 60.24422], [9.9289, 60.23978]], [[9.87859, 60.24717], [9.87241, 60.25695]], [[9.35948, 60.43259], [9.3506, 60.43287], [9.34233, 60.42947]], [[9.26385, 60.4608], [9.26134, 60.46559]], [[9.24463, 60.47673], [9.23894, 60.47557]], [[9.2315, 60.47754], [9.22171, 60.48942]], [[9.16934, 60.51945], [9.16911, 60.52709]], [[9.28449, 60.45118], [9.27637, 60.45499]], [[9.31254, 60.45081], [9.28885, 60.4494]], [[9.32831, 60.43259], [9.32595, 60.43541]], [[9.80346, 60.26894], [9.79415, 60.26559], [9.78791, 60.26596]], [[8.94012, 60.69548], [8.89122, 60.68205], [8.87548, 60.68093]], [[8.04284, 60.49796], [8.05038, 60.49287]], [[5.81864, 60.58892], [5.81335, 60.58487]], [[9.95333, 60.23252], [9.93207, 60.23843]], [[9.9289, 60.23978], [9.91603, 60.24439]], [[9.47613, 60.43054], [9.46874, 60.43701]], [[8.57238, 60.62844], [8.5672, 60.62732]], [[8.5672, 60.62732], [8.55968, 60.62568]], [[8.55707, 60.62511], [8.54443, 60.62301]], [[7.88031, 60.50932], [7.86575, 60.51177]], [[8.05038, 60.49287], [8.04284, 60.49796]], [[9.68567, 60.30035], [9.68082, 60.30514]], [[9.68526, 60.30107], [9.68052, 60.30626]], [[5.82499, 60.60023], [5.8207, 60.59606]], [[6.8917, 60.70667], [6.87676, 60.70012]], [[8.40425, 60.56983], [8.37157, 60.57543], [8.34064, 60.57707]], [[7.11134, 60.7322], [7.05133, 60.72741]], [[6.86548, 60.6955], [6.85545, 60.69492]], [[6.87394, 60.69865], [6.86594, 60.69566]], [[6.84233, 60.69544], [6.83529, 60.69137]], [[6.83072, 60.68821], [6.82403, 60.68758]], [[6.82036, 60.68717], [6.8107, 60.68487]], [[6.74919, 60.67646], [6.73741, 60.67765]], [[6.66618, 60.68048], [6.65859, 60.67859]], [[6.63045, 60.68012], [6.62234, 60.67917]], [[6.58615, 60.67942], [6.57942, 60.67951]], [[6.46768, 60.63931], [6.45272, 60.63685]], [[8.53212, 60.61455], [8.51173, 60.60593]], [[8.51173, 60.60593], [8.43973, 60.57367]], [[8.43617, 60.57234], [8.40742, 60.56941]], [[8.34064, 60.57707], [8.33081, 60.57892]], [[8.32651, 60.57884], [8.31873, 60.57561], [8.31311, 60.56904]], [[8.31311, 60.56904], [8.29853, 60.5599]], [[8.29853, 60.5599], [8.29561, 60.55749]], [[8.26696, 60.55301], [8.24356, 60.54872]], [[8.07163, 60.49654], [8.06945, 60.49249]], [[8.01189, 60.50194], [8.00515, 60.50235]], [[8.001, 60.50259], [7.99024, 60.50321]], [[7.98186, 60.50369], [7.97127, 60.50351]], [[7.9571, 60.50238], [7.92893, 60.50836]], [[7.92893, 60.50836], [7.92142, 60.50867], [7.91201, 60.50401]], [[7.91176, 60.50372], [7.90382, 60.50245]], [[7.84154, 60.51076], [7.83405, 60.51169]], [[7.7478, 60.55141], [7.7419, 60.55079]], [[7.50929, 60.59951], [7.50088, 60.60294]], [[7.53707, 60.59396], [7.52621, 60.59646]], [[7.26841, 60.65852], [7.25785, 60.66164]], [[7.25534, 60.6673], [7.2484, 60.66882]], [[7.2099, 60.69431], [7.21036, 60.70039]], [[7.21524, 60.70652], [7.21497, 60.70946]], [[7.21497, 60.70946], [7.21356, 60.71278]], [[7.16711, 60.72962], [7.14591, 60.73447]], [[7.03874, 60.72641], [7.02315, 60.72517]], [[7.05133, 60.72741], [7.03874, 60.72641]], [[5.59826, 60.4288], [5.58956, 60.42774]], [[5.7442, 60.4694], [5.74092, 60.46371]], [[5.73385, 60.49176], [5.73437, 60.4859]], [[5.7262, 60.5153], [5.72624, 60.51161]], [[5.73161, 60.49999], [5.73181, 60.49683]], [[5.73437, 60.4859], [5.73429, 60.48232]], [[5.74345, 60.55844], [5.73873, 60.55414]], [[5.80393, 60.58006], [5.79855, 60.57961]], [[5.96939, 60.64059], [5.96531, 60.63824]], [[5.977, 60.64616], [5.97068, 60.64414], [5.96939, 60.64059]], [[6.00142, 60.6464], [5.98763, 60.64504]], [[6.01633, 60.64516], [6.01097, 60.64752]], [[6.11612, 60.64608], [6.10481, 60.64693]], [[6.15111, 60.64371], [6.13381, 60.6456]], [[6.19825, 60.63539], [6.17278, 60.63679]], [[6.24095, 60.63091], [6.23174, 60.63343], [6.21779, 60.6319]], [[5.73605, 60.55198], [5.73279, 60.54862]], [[5.72363, 60.53291], [5.72432, 60.52913]], [[5.72443, 60.52204], [5.72548, 60.51883]], [[5.95048, 60.63707], [5.94239, 60.63431]], [[5.98763, 60.64504], [5.977, 60.64616]], [[6.12163, 60.64658], [6.11612, 60.64608]], [[6.21779, 60.6319], [6.20982, 60.63148]], [[5.44779, 60.4133], [5.37985, 60.38352]], [[5.46215, 60.41918], [5.45723, 60.41749]], [[5.71987, 60.45255], [5.69821, 60.45146]], [[7.22502, 60.68547], [7.22078, 60.68788]], [[7.23564, 60.6786], [7.22868, 60.68337]], [[7.23785, 60.67447], [7.23564, 60.6786]], [[10.23584, 60.16754], [10.22748, 60.16555], [10.22115, 60.16677]], [[9.46874, 60.43701], [9.4627, 60.4405]], [[6.13368, 60.6456], [6.12163, 60.64658]], [[7.25534, 60.6673], [7.24816, 60.66876]], [[7.70199, 60.55126], [7.68306, 60.55164]], [[7.70199, 60.55126], [7.68306, 60.55164]], [[7.57121, 60.575], [7.56894, 60.5779]], [[9.57557, 60.39338], [9.57165, 60.39577]], [[9.61955, 60.37632], [9.61131, 60.38177]], [[9.64698, 60.35632], [9.63901, 60.36992]], [[9.6562, 60.33118], [9.65379, 60.33453]], [[9.65299, 60.33627], [9.65026, 60.34299]], [[9.67943, 60.30817], [9.6789, 60.31174]], [[9.69115, 60.29044], [9.68717, 60.29337]], [[9.68586, 60.29602], [9.68567, 60.30035]], [[9.73738, 60.28911], [9.69898, 60.28819]], [[9.74473, 60.28734], [9.74048, 60.28915]], [[9.78791, 60.26596], [9.77396, 60.27275]], [[9.84531, 60.26257], [9.82633, 60.26875], [9.80346, 60.26894]], [[9.96927, 60.22811], [9.95374, 60.23241]], [[9.97341, 60.22583], [9.96927, 60.22811]], [[9.98453, 60.20829], [9.9804, 60.21079]], [[9.9804, 60.21079], [9.97341, 60.22583]], [[10.06358, 60.20834], [10.05261, 60.21107]], [[10.08623, 60.20611], [10.06369, 60.20831]], [[10.13845, 60.19872], [10.12709, 60.20251]], [[10.19942, 60.17789], [10.1863, 60.18586]], [[10.22115, 60.16677], [10.2111, 60.17332]], [[9.17136, 60.51682], [9.16934, 60.51945]], [[9.1747, 60.50819], [9.17136, 60.51682]], [[9.17542, 60.50317], [9.17471, 60.50809]], [[9.18128, 60.49316], [9.17672, 60.49589]], [[9.17623, 60.49627], [9.17542, 60.50317]], [[9.21417, 60.49021], [9.20874, 60.49065]], [[9.26081, 60.46635], [9.25741, 60.47258], [9.24489, 60.47672]], [[9.25812, 60.47208], [9.24606, 60.4766]], [[9.32595, 60.43541], [9.32571, 60.44307]], [[9.3316, 60.42933], [9.32831, 60.43259]], [[9.36973, 60.43053], [9.35986, 60.43248]], [[9.39384, 60.43127], [9.38719, 60.43067]], [[9.41543, 60.44318], [9.41014, 60.43815], [9.39508, 60.43215]], [[9.42374, 60.44667], [9.41543, 60.44318]], [[9.52188, 60.39375], [9.5174, 60.39519]], [[9.54448, 60.39985], [9.53594, 60.39515]], [[9.57165, 60.39577], [9.55829, 60.39791]], [[8.59173, 60.63956], [8.57389, 60.62877]], [[8.61589, 60.64835], [8.60913, 60.64683]], [[8.62569, 60.64932], [8.61607, 60.64839]], [[8.69793, 60.65546], [8.68719, 60.64784]], [[8.70786, 60.65912], [8.69793, 60.65546]], [[8.74735, 60.66076], [8.72978, 60.66022]], [[8.72978, 60.66022], [8.70893, 60.65915]], [[8.75847, 60.66564], [8.74735, 60.66076]], [[8.78229, 60.66336], [8.75847, 60.66564]], [[8.78934, 60.66452], [8.78229, 60.66336]], [[8.86398, 60.6819], [8.82798, 60.67876], [8.78934, 60.66452]], [[8.87548, 60.68093], [8.86398, 60.6819]], [[8.94562, 60.6959], [8.94012, 60.69548]], [[8.96385, 60.69796], [8.94562, 60.6959]], [[8.97874, 60.69985], [8.96563, 60.69828]], [[8.97874, 60.69985], [8.96385, 60.69796]], [[9.01378, 60.69107], [8.99735, 60.69822], [8.97874, 60.69985]], [[9.05478, 60.64467], [9.05242, 60.64817]], [[9.06193, 60.62553], [9.06376, 60.63555], [9.05478, 60.64467]], [[9.06188, 60.6224], [9.06193, 60.62553]], [[9.10266, 60.58367], [9.09034, 60.5978]], [[9.11841, 60.57347], [9.10904, 60.57954]], [[9.16474, 60.5363], [9.15455, 60.54995], [9.11964, 60.57267]], [[9.16894, 60.52732], [9.1666, 60.53398]], [[7.3763, 60.63443], [7.3266, 60.65009]], [[7.39304, 60.62913], [7.3763, 60.63443]], [[7.32136, 60.6517], [7.31551, 60.65331]], [[9.37643, 60.43093], [9.36982, 60.43054]], [[9.10904, 60.57954], [9.10276, 60.58361]], [[7.56851, 60.57832], [7.56388, 60.58157]], [[8.06937, 60.49244], [8.06117, 60.48858]], [[6.40694, 60.62878], [6.40012, 60.62757]], [[10.15064, 60.19885], [10.14304, 60.19731]], [[5.46329, 60.41921], [5.45647, 60.41662]], [[5.3748, 60.38077], [5.36313, 60.37961], [5.35381, 60.3823]], [[10.21104, 60.17336], [10.19942, 60.17789]], [[6.81059, 60.6848], [6.80787, 60.68238]], [[5.47743, 60.42261], [5.47144, 60.42164]], [[5.45723, 60.41749], [5.44779, 60.4133]], [[6.71921, 60.67791], [6.71379, 60.67451]], [[6.83529, 60.69137], [6.83099, 60.68826]], [[7.67942, 60.55171], [7.67202, 60.55209]], [[8.19189, 60.53245], [8.18472, 60.53141]], [[5.45367, 60.41538], [5.3748, 60.38077]]]}}, {"type": "Feature", "properties": {"navn": "Randsfjordbanen", "rang": 6, "kilde": "osm", "km": 48.3}, "geometry": {"type": "MultiLineString", "coordinates": [[[9.90403, 59.87996], [9.89009, 59.87188], [9.89469, 59.86196]], [[10.15354, 60.12593], [10.14917, 60.1168], [10.13666, 60.10741]], [[10.2155, 60.15226], [10.19475, 60.1416]], [[10.24293, 60.16373], [10.22875, 60.16097], [10.21931, 60.15612]], [[9.90355, 59.77131], [9.89888, 59.77399]], [[9.89415, 59.77788], [9.89756, 59.77475]], [[9.94879, 59.9269], [9.93964, 59.91413]], [[10.00096, 59.97145], [9.99626, 59.96784]], [[10.24696, 60.16906], [10.25291, 60.16718]], [[9.89604, 59.82505], [9.88797, 59.81678], [9.88515, 59.79603]], [[9.98136, 59.95238], [9.97461, 59.93886]], [[9.88515, 59.79603], [9.8942, 59.78916], [9.89411, 59.77848]], [[9.89502, 59.84325], [9.89583, 59.83836]], [[9.89616, 59.83707], [9.89673, 59.83312]], [[9.89673, 59.83312], [9.89604, 59.82505]], [[9.89595, 59.84796], [9.89499, 59.84428]], [[9.92986, 59.90106], [9.92295, 59.89805]], [[9.92295, 59.89805], [9.91488, 59.89405], [9.91229, 59.8883]], [[9.90873, 59.88496], [9.90403, 59.87996]], [[9.89506, 59.85967], [9.89595, 59.84796]], [[9.97294, 59.93679], [9.97078, 59.93366], [9.96198, 59.93113]], [[9.95933, 59.93091], [9.94879, 59.9269]], [[9.93964, 59.91413], [9.93937, 59.91125]], [[9.93937, 59.91125], [9.92986, 59.90106]], [[10.1035, 60.08195], [10.09238, 60.06643]], [[10.08698, 60.06145], [10.08207, 60.05907]], [[10.07928, 60.0556], [10.06623, 60.04822]], [[10.06623, 60.04822], [10.06016, 60.04492]], [[10.06016, 60.04492], [10.05194, 60.03936]], [[10.05038, 60.03285], [10.04336, 60.02865]], [[10.0358, 60.02542], [10.02503, 60.01174]], [[10.02503, 60.01131], [10.02488, 60.00639]], [[10.02463, 59.99381], [10.01808, 59.9881]], [[10.01808, 59.9881], [10.01454, 59.98531]], [[10.01454, 59.98531], [10.00114, 59.9716]], [[10.00096, 59.97145], [9.9958, 59.96738]], [[9.99291, 59.96526], [9.98823, 59.96276]], [[9.98674, 59.96143], [9.98136, 59.95238]], [[10.1116, 60.08501], [10.1035, 60.08195]], [[10.19475, 60.1416], [10.18558, 60.14045]], [[10.16189, 60.13259], [10.15354, 60.12593]], [[10.13666, 60.10741], [10.12832, 60.09491], [10.12324, 60.09321]], [[10.12324, 60.09321], [10.11334, 60.08527]], [[10.02484, 60.00619], [10.02563, 59.99546]], [[10.04328, 60.02862], [10.0358, 60.02542]], [[10.18185, 60.13922], [10.16195, 60.13262]], [[10.09234, 60.06639], [10.08698, 60.06145]], [[10.08207, 60.05907], [10.07932, 60.05565]]]}}, {"type": "Feature", "properties": {"navn": "Vestfoldbanen", "rang": 5, "kilde": "osm", "km": 177.1}, "geometry": {"type": "MultiLineString", "coordinates": [[[10.20611, 59.60291], [10.2019, 59.59526], [10.20339, 59.58738]], [[10.2445, 59.14066], [10.22841, 59.13508]], [[10.21119, 59.6081], [10.20704, 59.60388]], [[10.21848, 59.61778], [10.21617, 59.61372]], [[10.18828, 59.1187], [10.17672, 59.11373]], [[10.21814, 59.13613], [10.22683, 59.13501]], [[10.40611, 59.40822], [10.40619, 59.40512]], [[9.66537, 59.1352], [9.66054, 59.13775]], [[10.22635, 59.13504], [10.21814, 59.13613]], [[10.14717, 59.05794], [10.15277, 59.06308]], [[10.22536, 59.63187], [10.22678, 59.63543]], [[10.21624, 59.61371], [10.21857, 59.61779]], [[10.2127, 59.57219], [10.2298, 59.55342]], [[10.21287, 59.60972], [10.21561, 59.61285]], [[10.2267, 59.63544], [10.22529, 59.63188]], [[10.21553, 59.61286], [10.21279, 59.60973]], [[10.3815, 59.42553], [10.39505, 59.41746]], [[10.24287, 59.54222], [10.23573, 59.54825]], [[10.31383, 59.48696], [10.30748, 59.4936]], [[10.25888, 59.52946], [10.24287, 59.54222]], [[10.2428, 59.54221], [10.30735, 59.49358]], [[10.30735, 59.49358], [10.31374, 59.48694]], [[10.34874, 59.44581], [10.34215, 59.45719], [10.31383, 59.48696]], [[10.34866, 59.4458], [10.35007, 59.44305]], [[10.29347, 59.21831], [10.30231, 59.22229]], [[10.02775, 59.0505], [10.03477, 59.04951]], [[10.02685, 59.05053], [10.03439, 59.04958]], [[10.33236, 59.27983], [10.33507, 59.28307]], [[10.00601, 59.05753], [9.99068, 59.05773]], [[9.93767, 59.06496], [9.94302, 59.06367]], [[9.94305, 59.06371], [9.9377, 59.06499]], [[9.92956, 59.06675], [9.93443, 59.06573]], [[9.93446, 59.06577], [9.92959, 59.06679]], [[9.91892, 59.06829], [9.92614, 59.06734]], [[9.92617, 59.06738], [9.91895, 59.06833]], [[9.91895, 59.06833], [9.91325, 59.06898]], [[9.90186, 59.07024], [9.91277, 59.06899]], [[9.91323, 59.06894], [9.91892, 59.06829]], [[9.89399, 59.07114], [9.90079, 59.07036]], [[9.90074, 59.07041], [9.89401, 59.07117]], [[9.91279, 59.06903], [9.90191, 59.07028]], [[9.8651, 59.07664], [9.87329, 59.07422]], [[9.87332, 59.07426], [9.86523, 59.07665]], [[9.80211, 59.11053], [9.81123, 59.10743]], [[9.81128, 59.10746], [9.80214, 59.11057]], [[9.79707, 59.11187], [9.75429, 59.11734], [9.71598, 59.11763]], [[9.71597, 59.11759], [9.75432, 59.11728], [9.79702, 59.11183]], [[9.71175, 59.11754], [9.69369, 59.1193]], [[9.69366, 59.11927], [9.71175, 59.11749]], [[9.67327, 59.12973], [9.67774, 59.12639]], [[9.67781, 59.12642], [9.67336, 59.12972]], [[10.23469, 59.66082], [10.23002, 59.65439]], [[10.41738, 59.27478], [10.40661, 59.27941]], [[10.39935, 59.29335], [10.40443, 59.28822]], [[10.38585, 59.31568], [10.38748, 59.31871]], [[10.39942, 59.29337], [10.38729, 59.30729], [10.38585, 59.31568]], [[10.38741, 59.31872], [10.38577, 59.31569]], [[10.41101, 59.27102], [10.40771, 59.27461]], [[10.29347, 59.21831], [10.2843, 59.20938], [10.28554, 59.19868], [10.27772, 59.18565], [10.27643, 59.17538], [10.26487, 59.16404]], [[9.85914, 59.07918], [9.8166, 59.10509]], [[9.81654, 59.10506], [9.85908, 59.07914]], [[10.41124, 59.39559], [10.41074, 59.38974]], [[10.41057, 59.3889], [10.41109, 59.37896]], [[10.21872, 59.61815], [10.22536, 59.63187]], [[10.22529, 59.63188], [10.21863, 59.61814]], [[10.2459, 59.68437], [10.24545, 59.67714]], [[10.20711, 59.60386], [10.21126, 59.60808]], [[10.20359, 59.58741], [10.20205, 59.59526], [10.20618, 59.60289]], [[10.22678, 59.63543], [10.2264, 59.64741], [10.23084, 59.65533]], [[10.41074, 59.38974], [10.41124, 59.39559]], [[10.23158, 59.5516], [10.2428, 59.54221]], [[10.23288, 59.55051], [10.22963, 59.5537]], [[10.38748, 59.31871], [10.39121, 59.32262]], [[10.40755, 59.27565], [10.41101, 59.27102]], [[10.4189, 59.26905], [10.4205, 59.27358]], [[10.38577, 59.31569], [10.38682, 59.30792], [10.39935, 59.29335]], [[10.355, 59.28379], [10.34162, 59.28461]], [[10.21927, 59.13587], [10.22683, 59.13501]], [[10.21814, 59.13613], [10.21216, 59.13671]], [[10.30231, 59.22229], [10.29347, 59.21831]], [[10.17649, 59.11364], [10.16984, 59.11107]], [[10.24552, 59.67713], [10.24477, 59.68593]], [[10.40281, 59.41365], [10.40614, 59.4083]], [[10.40678, 59.40441], [10.41054, 59.39708]], [[10.40945, 59.36025], [10.41043, 59.35327], [10.41766, 59.34644], [10.41624, 59.34241]], [[10.40977, 59.37682], [10.40654, 59.36929], [10.40945, 59.36025]], [[10.40253, 59.33041], [10.39435, 59.32582]], [[10.41624, 59.34241], [10.41202, 59.33483], [10.40253, 59.33041]], [[10.39323, 59.32472], [10.38741, 59.31872]], [[10.40813, 59.27876], [10.40695, 59.28477]], [[10.40514, 59.28728], [10.40803, 59.27862]], [[10.36187, 59.28337], [10.35508, 59.28379]], [[10.33207, 59.27946], [10.31079, 59.24747]], [[10.31079, 59.24747], [10.31566, 59.23896], [10.30279, 59.22249]], [[10.26487, 59.16404], [10.24815, 59.14272]], [[10.16984, 59.11107], [10.16638, 59.10763]], [[10.21065, 59.13631], [10.19896, 59.12424], [10.18849, 59.11878]], [[10.16638, 59.10763], [10.16946, 59.0925]], [[10.16946, 59.0925], [10.16005, 59.07059], [10.15277, 59.06308]], [[10.1459, 59.05678], [10.14048, 59.05448]], [[10.14048, 59.05448], [10.12724, 59.05169]], [[10.09769, 59.03752], [10.08958, 59.03649]], [[10.12243, 59.04965], [10.09769, 59.03752]], [[10.08958, 59.03649], [10.08324, 59.03817]], [[10.08324, 59.03817], [10.07281, 59.04779]], [[10.06616, 59.04831], [10.04566, 59.04732]], [[10.03477, 59.04951], [10.02669, 59.05053]], [[10.23002, 59.65439], [10.2267, 59.63544]], [[10.23084, 59.65533], [10.23476, 59.66081]], [[10.35869, 59.43469], [10.38104, 59.4257]], [[10.39388, 59.2828], [10.36962, 59.28393]], [[10.40661, 59.27941], [10.40052, 59.28145]], [[10.41144, 59.27071], [10.40755, 59.27565]], [[9.98404, 59.05846], [9.94338, 59.06363]], [[10.40443, 59.28822], [10.40695, 59.28477]], [[10.22963, 59.5537], [10.21277, 59.5722]], [[10.30735, 59.49358], [10.31374, 59.48694]], [[10.31383, 59.48696], [10.30748, 59.4936]], [[10.30748, 59.4936], [10.27787, 59.51785], [10.25888, 59.52946]], [[10.31374, 59.48694], [10.34207, 59.45717], [10.34866, 59.4458]], [[10.35429, 59.43796], [10.35869, 59.43469]], [[10.15277, 59.06308], [10.14717, 59.05794]], [[10.20469, 59.58523], [10.21231, 59.57281]], [[10.21239, 59.57282], [10.20486, 59.58526]], [[10.33507, 59.28307], [10.33236, 59.27983]], [[10.24369, 59.68733], [10.24167, 59.68999]], [[10.2416, 59.68998], [10.24358, 59.68731]], [[10.18784, 59.73315], [10.2416, 59.68998]], [[10.23927, 59.69232], [10.18792, 59.73316]], [[10.01576, 59.05322], [10.00965, 59.05593]], [[9.94335, 59.06359], [9.98402, 59.05841]], [[9.69369, 59.1193], [9.68013, 59.12492]], [[9.68006, 59.12489], [9.69366, 59.11927]], [[10.40351, 59.28937], [10.39942, 59.29337]], [[10.23586, 59.66247], [10.24552, 59.67713]], [[10.24545, 59.67714], [10.23578, 59.66248]], [[10.39514, 59.41741], [10.40281, 59.41365]], [[10.12724, 59.05169], [10.12252, 59.0497]], [[10.18792, 59.73316], [10.18672, 59.73916]], [[10.18664, 59.73916], [10.18784, 59.73315]], [[10.18672, 59.73916], [10.19084, 59.74185]], [[10.19082, 59.74189], [10.18664, 59.73916]]]}}, {"type": "Feature", "properties": {"navn": "\u00d8stfoldbanen", "rang": 4, "kilde": "osm", "km": 208.2}, "geometry": {"type": "MultiLineString", "coordinates": [[[10.77198, 59.8825], [10.76637, 59.88729]], [[10.78111, 59.87121], [10.77318, 59.88136]], [[10.82396, 59.70531], [10.82792, 59.7083]], [[10.65721, 59.4198], [10.65849, 59.42309]], [[11.34972, 59.11806], [11.35872, 59.11826]], [[10.66934, 59.44683], [10.67308, 59.45658]], [[10.94197, 59.21642], [10.94573, 59.21164]], [[11.03487, 59.26584], [11.05074, 59.26557]], [[11.02944, 59.26819], [11.03389, 59.26637]], [[10.98501, 59.24085], [10.98847, 59.24398]], [[10.65937, 59.43656], [10.65544, 59.43465]], [[10.67032, 59.40182], [10.71043, 59.39549], [10.72603, 59.38882]], [[10.76388, 59.88928], [10.75555, 59.89747]], [[10.80254, 59.79508], [10.80509, 59.80554]], [[10.79299, 59.84916], [10.7866, 59.84983], [10.78518, 59.85367]], [[10.83618, 59.75765], [10.82457, 59.76174]], [[10.90566, 59.26775], [10.90417, 59.26512]], [[11.53126, 58.99401], [11.53712, 58.99098]], [[10.91175, 59.23735], [10.91675, 59.22545]], [[10.93111, 59.22043], [10.93595, 59.21881]], [[10.94747, 59.21001], [10.95329, 59.20894]], [[10.81495, 59.35379], [10.80402, 59.3565]], [[10.86145, 59.34793], [10.87036, 59.34628]], [[11.08523, 59.27375], [11.0914, 59.28053]], [[10.98073, 59.23698], [10.97854, 59.23327]], [[11.19016, 59.20728], [11.18927, 59.21256]], [[11.23655, 59.16395], [11.24168, 59.15587]], [[11.2942, 59.12431], [11.28456, 59.13044]], [[11.29638, 59.12358], [11.32187, 59.11979]], [[11.21324, 59.18002], [11.22338, 59.17692]], [[11.24787, 59.15237], [11.25416, 59.15058]], [[10.69794, 59.39753], [10.68876, 59.39895]], [[10.69028, 59.47567], [10.68729, 59.47286]], [[10.68548, 59.47074], [10.67336, 59.45696]], [[10.81451, 59.69998], [10.82051, 59.70335]], [[10.72817, 59.53705], [10.72665, 59.54072]], [[10.72657, 59.54071], [10.7281, 59.53704]], [[10.82045, 59.70338], [10.81445, 59.70001]], [[10.73056, 59.52777], [10.72459, 59.51402], [10.70099, 59.48531]], [[10.80168, 59.68891], [10.79508, 59.67261]], [[10.81445, 59.70001], [10.80239, 59.68988]], [[10.72878, 59.53539], [10.73056, 59.52777]], [[10.83774, 59.74424], [10.83996, 59.73599]], [[10.80008, 59.79165], [10.80186, 59.77936], [10.80766, 59.77189]], [[10.80055, 59.8492], [10.8022, 59.8447]], [[10.76651, 59.88717], [10.77191, 59.88248]], [[10.7843, 59.86789], [10.7853, 59.86506]], [[10.7722, 59.88212], [10.78277, 59.86963]], [[10.78553, 59.86392], [10.78724, 59.86026]], [[11.65529, 58.94223], [11.66684, 58.93769]], [[11.53983, 58.99026], [11.55111, 58.98428], [11.55092, 58.96829]], [[10.81224, 59.76652], [10.82054, 59.76344]], [[10.82056, 59.76347], [10.81232, 59.76652]], [[10.8244, 59.76185], [10.82924, 59.75949]], [[11.49222, 59.05356], [11.48213, 59.05977]], [[10.79783, 59.82038], [10.7973, 59.8394]], [[10.83996, 59.73599], [10.83786, 59.72643]], [[11.37993, 59.1193], [11.38568, 59.12072]], [[10.65517, 59.4336], [10.65807, 59.43121]], [[10.65517, 59.4336], [10.65787, 59.4312]], [[11.38435, 59.12051], [11.37585, 59.119]], [[11.12217, 59.28317], [11.1267, 59.28057]], [[10.80398, 59.35646], [10.81254, 59.35432]], [[10.74853, 59.37755], [10.76159, 59.371]], [[10.77683, 59.3637], [10.76874, 59.36748]], [[10.76868, 59.36745], [10.77681, 59.36365]], [[10.80355, 59.35662], [10.77751, 59.36344]], [[10.77749, 59.36339], [10.80351, 59.35657]], [[10.87036, 59.34628], [10.86164, 59.34792]], [[10.76214, 59.37073], [10.76827, 59.36765]], [[10.76835, 59.36767], [10.76216, 59.37078]], [[10.81495, 59.35379], [10.82752, 59.35062]], [[10.72996, 59.38685], [10.7389, 59.38237]], [[10.87036, 59.34628], [10.87734, 59.34199], [10.87935, 59.33599]], [[11.37993, 59.1193], [11.38568, 59.12072]], [[10.73897, 59.3824], [10.73168, 59.38605]], [[10.76164, 59.37104], [10.74859, 59.37758]], [[10.84084, 59.73018], [10.83996, 59.73774]], [[10.79985, 59.78853], [10.80247, 59.79485]], [[10.90596, 59.26815], [10.9065, 59.27399]], [[10.90477, 59.27585], [10.90596, 59.26815]], [[11.18777, 59.22089], [11.18915, 59.21334]], [[10.76567, 59.90642], [10.76271, 59.90847]], [[10.79722, 59.83942], [10.79695, 59.81805]], [[10.80228, 59.84469], [10.80059, 59.84923]], [[10.7853, 59.85405], [10.78654, 59.8498], [10.7938, 59.84929]], [[10.78732, 59.86025], [10.78552, 59.8648]], [[10.78724, 59.8602], [10.78542, 59.85423]], [[10.78548, 59.85417], [10.78732, 59.8602]], [[10.72665, 59.54072], [10.72287, 59.55529]], [[10.72279, 59.55528], [10.72657, 59.54071]], [[10.72236, 59.55788], [10.72498, 59.57147], [10.73927, 59.59207]], [[11.49222, 59.05356], [11.4988, 59.05037]], [[11.48213, 59.05977], [11.49222, 59.05356]], [[11.43106, 59.12697], [11.43834, 59.1281]], [[11.5151, 59.0231], [11.52954, 59.00161]], [[11.44367, 59.1262], [11.44937, 59.1242], [11.46424, 59.12582]], [[11.39097, 59.12172], [11.42755, 59.12679]], [[11.66761, 58.93737], [11.66982, 58.9349]], [[11.64774, 58.9427], [11.65529, 58.94223]], [[11.65529, 58.94223], [11.66684, 58.93769]], [[11.58857, 58.95766], [11.59711, 58.95141]], [[11.60037, 58.95039], [11.62544, 58.94158]], [[11.5509, 58.96818], [11.55369, 58.9652], [11.58759, 58.95804]], [[11.18959, 59.20396], [11.19284, 59.19938]], [[11.19016, 59.20728], [11.18962, 59.20408]], [[11.18927, 59.21256], [11.19016, 59.20728]], [[11.24168, 59.15587], [11.23655, 59.16395]], [[11.28386, 59.13086], [11.28827, 59.12778]], [[11.33519, 59.11925], [11.34141, 59.11739]], [[11.2068, 59.18074], [11.21206, 59.18014]], [[11.14624, 59.26316], [11.1626, 59.25013], [11.16543, 59.24113]], [[10.75548, 59.89746], [10.76288, 59.88979]], [[10.76063, 59.89448], [10.76291, 59.90088]], [[10.76393, 59.88941], [10.76063, 59.89448]], [[11.36218, 59.11873], [11.37179, 59.12028]], [[11.32187, 59.11979], [11.33158, 59.11931]], [[11.24201, 59.15541], [11.24762, 59.15241]], [[11.25416, 59.15058], [11.28386, 59.13086]], [[11.28827, 59.12778], [11.2942, 59.12431]], [[11.22338, 59.17692], [11.23655, 59.16395]], [[11.20218, 59.18388], [11.20635, 59.18084]], [[11.19284, 59.19938], [11.19928, 59.1949], [11.20218, 59.18388]], [[11.14297, 59.26944], [11.14606, 59.26334]], [[11.11763, 59.28656], [11.12217, 59.28317]], [[11.13522, 59.27552], [11.1417, 59.27121]], [[11.11005, 59.29021], [11.11639, 59.28739]], [[11.08705, 59.27435], [11.09118, 59.27798]], [[11.0914, 59.28053], [11.09432, 59.28577], [11.11005, 59.29021]], [[11.11317, 59.2895], [11.11752, 59.28664]], [[11.05136, 59.26578], [11.08523, 59.27375]], [[11.01636, 59.26375], [11.02011, 59.26631]], [[10.98093, 59.23716], [10.98483, 59.24069]], [[10.98847, 59.24398], [11.01636, 59.26375]], [[10.97854, 59.23327], [10.98073, 59.23698]], [[10.96533, 59.21903], [10.97775, 59.22761], [10.97861, 59.23255]], [[10.95961, 59.21364], [10.96429, 59.21852]], [[10.95566, 59.20946], [10.95898, 59.21264]], [[10.95486, 59.20922], [10.94747, 59.21001]], [[10.95329, 59.20894], [10.95898, 59.21264]], [[10.91675, 59.22545], [10.92074, 59.22316]], [[10.92074, 59.22316], [10.93085, 59.22052]], [[10.9064, 59.25795], [10.91173, 59.23743]], [[10.90337, 59.27838], [10.90477, 59.27585]], [[10.88409, 59.31131], [10.88736, 59.3076]], [[10.88736, 59.3076], [10.90404, 59.29145], [10.90337, 59.27838]], [[10.88145, 59.33124], [10.88409, 59.31131]], [[10.87935, 59.33599], [10.88065, 59.33287]], [[10.83341, 59.34851], [10.84002, 59.34752]], [[10.84002, 59.34752], [10.85993, 59.34797]], [[10.82752, 59.35062], [10.83341, 59.34851]], [[10.66048, 59.40509], [10.67022, 59.40183]], [[10.65721, 59.4198], [10.66048, 59.40509]], [[10.67301, 59.4566], [10.66923, 59.44786]], [[10.66936, 59.44546], [10.66822, 59.4424]], [[10.70099, 59.48531], [10.69336, 59.47901]], [[10.73942, 59.5926], [10.74073, 59.59894], [10.74722, 59.60311]], [[10.73918, 59.59207], [10.7249, 59.57148], [10.72228, 59.55788]], [[10.75634, 59.60751], [10.77131, 59.61607], [10.79615, 59.64409], [10.79649, 59.65982]], [[10.74717, 59.60314], [10.74066, 59.59895], [10.73933, 59.5926]], [[10.79403, 59.66437], [10.79517, 59.6726]], [[10.79641, 59.6598], [10.79608, 59.64411], [10.77123, 59.61609], [10.75696, 59.60787]], [[10.79508, 59.67261], [10.79394, 59.66435]], [[10.79517, 59.6726], [10.80176, 59.6889]], [[10.80247, 59.68986], [10.81451, 59.69998]], [[10.82785, 59.70832], [10.8239, 59.70534]], [[11.11667, 59.28718], [11.12132, 59.28373]], [[11.4708, 59.10564], [11.48053, 59.09361], [11.47761, 59.08729]], [[11.63373, 58.94114], [11.64774, 58.9427]], [[11.62544, 58.94158], [11.63361, 58.94113]], [[11.52954, 59.00161], [11.53085, 58.99473]], [[11.49888, 59.0503], [11.5151, 59.0231]], [[11.47715, 59.06377], [11.48213, 59.05977]], [[11.47761, 59.08729], [11.47278, 59.07655], [11.47561, 59.06798]], [[11.47602, 59.11956], [11.46715, 59.109], [11.4708, 59.10564]], [[11.46424, 59.12582], [11.47589, 59.12153]], [[10.73927, 59.38219], [10.74572, 59.37895]], [[10.74579, 59.37899], [10.73933, 59.38222]], [[10.75014, 59.60451], [10.75634, 59.60751]], [[10.75696, 59.60787], [10.75008, 59.60455]], [[11.16543, 59.24113], [11.16865, 59.23854]], [[10.65808, 59.43129], [10.65531, 59.43441]], [[10.65808, 59.43129], [10.65849, 59.42309]], [[10.65807, 59.43121], [10.65866, 59.42405]], [[11.17063, 59.23695], [11.18776, 59.22094]], [[10.8411, 59.73021], [10.83851, 59.74116]], [[10.76302, 59.9011], [10.76428, 59.90385]], [[10.83318, 59.71556], [10.83433, 59.71888]], [[10.82924, 59.75949], [10.83539, 59.75816]], [[10.75555, 59.89747], [10.75949, 59.90081]], [[10.75774, 59.90026], [10.75548, 59.89746]], [[10.76288, 59.88979], [10.76651, 59.88717]], [[10.79937, 59.84954], [10.79299, 59.84916]], [[10.7938, 59.84929], [10.79934, 59.8495]], [[10.80216, 59.84463], [10.79777, 59.84155]], [[10.79734, 59.8403], [10.80224, 59.84462]], [[10.79831, 59.81443], [10.79783, 59.82038]], [[10.79695, 59.81805], [10.79794, 59.81475]], [[10.80381, 59.80932], [10.80534, 59.80675]], [[10.80487, 59.80517], [10.80246, 59.79509]], [[10.80239, 59.79486], [10.80008, 59.79165]], [[10.80105, 59.78404], [10.80026, 59.78713]], [[10.80772, 59.77191], [10.80113, 59.78264]], [[10.80953, 59.77067], [10.81224, 59.76652]], [[10.81232, 59.76652], [10.81024, 59.77032]], [[10.83539, 59.75816], [10.83686, 59.75032]], [[10.83694, 59.75032], [10.83618, 59.75765]], [[10.83679, 59.75016], [10.83774, 59.74424]], [[10.83782, 59.74425], [10.83687, 59.75015]], [[10.83902, 59.7274], [10.8411, 59.73021]], [[10.84102, 59.73022], [10.83894, 59.72741]], [[10.83996, 59.73599], [10.84102, 59.73022]], [[10.83851, 59.74116], [10.83782, 59.74425]], [[10.90429, 59.26269], [10.90625, 59.25826]], [[10.80509, 59.80554], [10.80469, 59.80866]], [[11.66761, 58.93737], [11.66982, 58.9349]]]}}, {"type": "Feature", "properties": {"navn": "J\u00e6rbanen", "rang": 3, "kilde": "entur", "km": 72.1}, "geometry": {"type": "MultiLineString", "coordinates": [[[5.73255, 58.96646], [5.75608, 58.93945], [5.7529, 58.9292], [5.7297, 58.92191], [5.72591, 58.91866], [5.73997, 58.90441], [5.74864, 58.88558], [5.74072, 58.87363], [5.7443, 58.85881], [5.73505, 58.85104], [5.73187, 58.84072], [5.72075, 58.82701], [5.70279, 58.80906], [5.7071, 58.79235], [5.69529, 58.78048], [5.67809, 58.77162], [5.67843, 58.75872], [5.64942, 58.7347], [5.64562, 58.71569], [5.65805, 58.70313], [5.65961, 58.69392], [5.63685, 58.66091], [5.63418, 58.65164], [5.65391, 58.59939], [5.67716, 58.57373], [5.71914, 58.55885], [5.74526, 58.54196], [5.80319, 58.51976], [5.80617, 58.51612], [5.8017, 58.50587], [5.81245, 58.49956], [5.85391, 58.48917], [5.87281, 58.49142], [5.8927, 58.48841], [5.90941, 58.47746], [5.93667, 58.47199], [5.96628, 58.47169], [5.98842, 58.46575], [5.99455, 58.46169], [6.00233, 58.46129]]]}}, {"type": "Feature", "properties": {"navn": "Gardermobanen", "rang": 2, "kilde": "osm", "km": 177.9}, "geometry": {"type": "MultiLineString", "coordinates": [[[10.83349, 59.92323], [10.8264, 59.91215]], [[10.95078, 59.94342], [10.9554, 59.94142]], [[11.16435, 60.28375], [11.18838, 60.29709]], [[10.9179, 59.94875], [10.90977, 59.95111]], [[10.8945, 59.95358], [10.90973, 59.95108]], [[10.87016, 59.94347], [10.88165, 59.9473]], [[10.85832, 59.94018], [10.86993, 59.9434]], [[10.83452, 59.9311], [10.84161, 59.9373]], [[10.82647, 59.91213], [10.83357, 59.92323]], [[11.18453, 60.16509], [11.19566, 60.18086]], [[11.11013, 60.22702], [11.1103, 60.2314]], [[11.06332, 59.9609], [11.05407, 59.95561]], [[10.84153, 59.93732], [10.83434, 59.93112]], [[11.01473, 59.9563], [11.02335, 59.95301]], [[10.93996, 59.9461], [10.94741, 59.94443]], [[10.79023, 59.90592], [10.76951, 59.90773]], [[10.94699, 59.94459], [10.94186, 59.94568]], [[11.16345, 60.13102], [11.17648, 60.14075]], [[10.86993, 59.94346], [10.85832, 59.94022]], [[10.8417, 59.93733], [10.85795, 59.94011]], [[11.09364, 60.18758], [11.09731, 60.19328]], [[11.09652, 60.19341], [11.09353, 60.18754]], [[11.04747, 59.95361], [11.04064, 59.95245]], [[11.05014, 59.95449], [11.03843, 59.95261]], [[11.05416, 59.95554], [11.06344, 59.96084]], [[11.05412, 59.95558], [11.06338, 59.96087]], [[11.14021, 60.08603], [11.14248, 60.10423], [11.15913, 60.12356], [11.15557, 60.1362]], [[11.15848, 60.12014], [11.16243, 60.12959]], [[11.09309, 60.17848], [11.09302, 60.1865]], [[11.10109, 60.20084], [11.09813, 60.19606]], [[11.09364, 60.18758], [11.09702, 60.19332]], [[10.9978, 59.94678], [11.00339, 59.95069]], [[11.04176, 59.95282], [11.0488, 59.95406]], [[10.88176, 59.94737], [10.87016, 59.94352]], [[10.81723, 59.90797], [10.82517, 59.91107]], [[10.79385, 59.90589], [10.80289, 59.90593]], [[10.82511, 59.91109], [10.81721, 59.908]], [[11.24645, 60.32161], [11.2432, 60.31837]], [[11.25134, 60.3162], [11.25932, 60.32336]], [[11.21043, 60.28994], [11.2164, 60.29564]], [[11.23982, 60.31463], [11.25072, 60.31611]], [[11.11345, 60.23944], [11.12418, 60.25013]], [[11.12472, 60.25056], [11.13575, 60.2594]], [[10.77218, 59.90723], [10.79335, 59.90589]], [[10.8029, 59.90597], [10.79393, 59.90593]], [[11.21833, 60.29748], [11.23917, 60.31365]], [[11.09679, 60.19336], [11.09353, 60.18754]], [[11.10175, 60.20142], [11.10433, 60.20631]], [[11.12475, 60.16625], [11.11719, 60.16703]], [[10.90977, 59.95111], [10.89447, 59.95362]], [[11.2164, 60.29564], [11.21043, 60.28994]], [[10.85795, 59.94015], [10.84162, 59.93736]], [[11.18834, 60.29712], [11.16429, 60.28378]], [[11.22656, 60.31055], [11.2216, 60.30839]], [[11.21221, 60.30476], [11.20736, 60.3032]], [[11.23537, 60.31439], [11.22674, 60.31063]], [[11.20262, 60.30168], [11.19575, 60.2995]], [[11.00852, 59.95496], [11.0132, 59.95627]], [[10.9978, 59.94678], [11.00339, 59.95069]], [[11.21825, 60.30698], [11.21342, 60.30517]], [[11.14384, 60.26629], [11.14912, 60.27079]], [[11.14905, 60.27081], [11.14377, 60.26631]], [[11.13869, 60.26189], [11.14311, 60.26566]], [[11.14304, 60.26569], [11.13862, 60.26191]], [[11.11896, 60.0206], [11.11278, 60.01554]], [[11.11284, 60.01552], [11.11904, 60.02058]], [[11.09188, 60.00329], [11.10634, 60.01175]], [[11.10628, 60.01178], [11.09182, 60.00332]], [[11.127, 60.03705], [11.11956, 60.02122]], [[11.11964, 60.02121], [11.12708, 60.03704]], [[11.07571, 59.98505], [11.06588, 59.96441]], [[11.06364, 59.96112], [11.06598, 59.9644]], [[11.11162, 60.01478], [11.10806, 60.01271]], [[11.10813, 60.01268], [11.11168, 60.01475]], [[11.09156, 60.00315], [11.08603, 59.99949]], [[11.08607, 59.99945], [11.09162, 60.00313]], [[11.07997, 59.99169], [11.08282, 59.99623]], [[11.13914, 60.07233], [11.13967, 60.08079]], [[11.13967, 60.08079], [11.13914, 60.07233]], [[11.10492, 60.02365], [11.1008, 60.0204]], [[11.07997, 59.99169], [11.07598, 59.98514]], [[11.13967, 60.08079], [11.1395, 60.10631]], [[11.10238, 60.01577], [11.1008, 60.0204]], [[11.1008, 60.0204], [11.10493, 60.02365]], [[11.09093, 60.00217], [11.09762, 60.00656]], [[11.07606, 59.98512], [11.07997, 59.99169]], [[11.13203, 60.04461], [11.12704, 60.03736]], [[11.06363, 59.96102], [11.07267, 59.98044]], [[11.10308, 60.01081], [11.10244, 60.01501]], [[11.20558, 60.25256], [11.20614, 60.26363]], [[11.11654, 60.02686], [11.12449, 60.03051], [11.12689, 60.03706]], [[11.24976, 60.32827], [11.25516, 60.32616]], [[11.04028, 59.95234], [11.04657, 59.95326]], [[10.93703, 59.94679], [10.9179, 59.94875]], [[10.90973, 59.95108], [10.91788, 59.94871]], [[10.91788, 59.94871], [10.93627, 59.9469]], [[10.9419, 59.94579], [10.94743, 59.94453]], [[11.05014, 59.95449], [11.03843, 59.95261]], [[11.11044, 60.23218], [11.11326, 60.23914]], [[11.11319, 60.23915], [11.11036, 60.23219]], [[11.1555, 60.13619], [11.15912, 60.1238], [11.14227, 60.10397], [11.13997, 60.08344]], [[11.12412, 60.25015], [11.11337, 60.23946]], [[11.11007, 60.22645], [11.10626, 60.20979]], [[11.09373, 60.17745], [11.10321, 60.17025], [11.11717, 60.16699]], [[11.12565, 60.16607], [11.14142, 60.16052], [11.14822, 60.15113]], [[11.15377, 60.1386], [11.14831, 60.15114]], [[11.11022, 60.2314], [11.11005, 60.22702]], [[11.13569, 60.25942], [11.12466, 60.25059]], [[11.14462, 60.11533], [11.15339, 60.11796]], [[11.14425, 60.11516], [11.13943, 60.10653]], [[11.13943, 60.10653], [11.14425, 60.11516]], [[11.13203, 60.04461], [11.14001, 60.06109]], [[11.17648, 60.14075], [11.17894, 60.14648]], [[11.17894, 60.14648], [11.17648, 60.14075]], [[11.19357, 60.18822], [11.19566, 60.18086]], [[11.19575, 60.18177], [11.19388, 60.18787]], [[11.19566, 60.18086], [11.19357, 60.18822]], [[11.17908, 60.14679], [11.18429, 60.16474]], [[11.19357, 60.18822], [11.18443, 60.21254]], [[11.18443, 60.21254], [11.18032, 60.22159]], [[11.18032, 60.22159], [11.18443, 60.21254]], [[11.19949, 60.24645], [11.20521, 60.25119]], [[11.20503, 60.2509], [11.19949, 60.24645]], [[11.18032, 60.22159], [11.18061, 60.22832], [11.19225, 60.23884]], [[11.04835, 59.95388], [11.03988, 59.95247]], [[11.01476, 59.95634], [11.02339, 59.95304]], [[11.06598, 59.9644], [11.07578, 59.98503]], [[11.06588, 59.96441], [11.06351, 59.96108]], [[11.12913, 60.04047], [11.13203, 60.04461]], [[11.14831, 60.15114], [11.14149, 60.16055], [11.12568, 60.1661]], [[11.09294, 60.18651], [11.09301, 60.17846]], [[11.10425, 60.20632], [11.10144, 60.20146]], [[11.11719, 60.16703], [11.10313, 60.17034], [11.09384, 60.17744]], [[11.10667, 60.21035], [11.11014, 60.22644]], [[11.14822, 60.15113], [11.15369, 60.13859]], [[11.09962, 60.19768], [11.10141, 60.2008]], [[11.11717, 60.16699], [11.12473, 60.16621]], [[11.25585, 60.32599], [11.25036, 60.32806]], [[11.1973, 60.29994], [11.20271, 60.3016]], [[11.24344, 60.31828], [11.24651, 60.32131]], [[11.2219, 60.30838], [11.2267, 60.31047]], [[11.20764, 60.30317], [11.21233, 60.30468]], [[11.22688, 60.31055], [11.23535, 60.31424]], [[11.21352, 60.30508], [11.21823, 60.30683]], [[10.97953, 59.94011], [10.99855, 59.94722], [11.0084, 59.95494]], [[10.95545, 59.94139], [10.97405, 59.93891], [10.99657, 59.94617]], [[11.10626, 60.20979], [11.10425, 60.20632]], [[11.21355, 60.2812], [11.21257, 60.28417]], [[11.19225, 60.23884], [11.19809, 60.24442]], [[10.81721, 59.908], [10.80311, 59.90598]], [[10.80308, 59.90594], [10.81723, 59.90797]], [[11.19957, 60.24647], [11.20455, 60.25018]], [[11.0975, 60.19413], [11.09909, 60.19696]], [[11.20624, 60.2638], [11.21253, 60.27834]], [[11.04093, 59.95242], [11.04742, 59.95354]], [[11.03925, 59.95263], [11.05018, 59.95445]], [[11.10529, 60.02376], [11.11654, 60.02686]], [[11.08635, 59.99959], [11.09093, 60.00217]], [[11.14912, 60.27079], [11.16435, 60.28375]], [[11.16429, 60.28378], [11.14905, 60.27081]], [[11.19575, 60.2995], [11.1902, 60.29771]], [[11.19024, 60.29768], [11.19579, 60.29946]], [[11.24739, 60.3228], [11.24839, 60.32658]], [[11.12723, 60.03734], [11.14025, 60.06109]], [[11.14017, 60.06109], [11.12715, 60.03735]], [[11.13997, 60.08344], [11.13962, 60.06792]], [[11.14007, 60.06492], [11.14021, 60.08603]], [[11.00339, 59.95069], [11.00852, 59.95496]], [[11.0084, 59.95494], [11.01319, 59.95631]], [[10.9555, 59.94142], [10.96813, 59.93877], [10.97953, 59.94011]], [[10.93627, 59.9469], [10.94186, 59.94568]], [[10.88808, 59.95019], [10.8945, 59.95358]], [[10.89447, 59.95362], [10.888, 59.95021]], [[10.88789, 59.95009], [10.88176, 59.94737]], [[10.88165, 59.9473], [10.88797, 59.95007]], [[11.02335, 59.95301], [11.03305, 59.9523]], [[11.02339, 59.95304], [11.03323, 59.95234]], [[11.08266, 59.99626], [11.07581, 59.98517]], [[11.07588, 59.98516], [11.08274, 59.99625]], [[11.07588, 59.98501], [11.07267, 59.98044]], [[11.07267, 59.98044], [11.07596, 59.985]], [[11.09875, 60.00789], [11.10301, 60.01072]], [[11.14025, 60.06118], [11.14007, 60.06492]], [[11.13962, 60.06792], [11.14017, 60.06118]], [[11.14001, 60.06118], [11.13914, 60.07233]], [[11.09887, 60.19686], [11.09725, 60.19417]], [[11.10433, 60.20631], [11.10667, 60.21035]]]}}, {"type": "Feature", "properties": {"navn": "Drammenbanen", "rang": 1, "kilde": "osm", "km": 92.0}, "geometry": {"type": "MultiLineString", "coordinates": [[[10.71955, 59.91697], [10.70502, 59.91954], [10.692, 59.91924]], [[10.44776, 59.84081], [10.44021, 59.83807]], [[10.45912, 59.86609], [10.46503, 59.86972]], [[10.46503, 59.86972], [10.47862, 59.8832], [10.50079, 59.88951]], [[10.50714, 59.89039], [10.51508, 59.89089]], [[10.65896, 59.91796], [10.64349, 59.91415]], [[10.44021, 59.83807], [10.43749, 59.83537]], [[10.68584, 59.92035], [10.692, 59.9192]], [[10.57018, 59.89907], [10.57593, 59.89937]], [[10.45912, 59.86609], [10.44714, 59.85676], [10.43826, 59.83787]], [[10.45906, 59.86612], [10.44707, 59.85677], [10.43819, 59.83787]], [[10.21988, 59.73754], [10.21198, 59.73719]], [[10.22412, 59.73847], [10.22847, 59.74057]], [[10.2284, 59.7406], [10.22407, 59.7385]], [[10.29176, 59.76394], [10.2848, 59.76192]], [[10.46497, 59.86975], [10.45906, 59.86612]], [[10.46515, 59.84815], [10.45641, 59.84394]], [[10.46525, 59.84812], [10.45657, 59.84388]], [[10.4673, 59.85335], [10.46756, 59.85042]], [[10.44776, 59.84085], [10.44014, 59.83809]], [[10.46737, 59.85336], [10.46774, 59.8504]], [[10.47458, 59.87156], [10.47049, 59.86982]], [[10.45971, 59.86533], [10.46109, 59.86057]], [[10.46524, 59.86897], [10.46086, 59.86682]], [[10.48406, 59.87509], [10.4758, 59.87228]], [[10.48413, 59.87501], [10.47586, 59.87225]], [[10.46523, 59.86901], [10.46075, 59.86685]], [[10.47464, 59.87154], [10.47053, 59.86978]], [[10.45958, 59.86534], [10.46084, 59.86078]], [[10.49177, 59.87661], [10.48558, 59.87538]], [[10.50354, 59.88266], [10.49962, 59.87958]], [[10.50372, 59.88251], [10.49967, 59.87955]], [[10.49179, 59.87658], [10.48561, 59.87534]], [[10.51492, 59.89102], [10.50618, 59.89054]], [[10.53713, 59.89637], [10.56638, 59.90766], [10.58454, 59.91103]], [[10.58453, 59.91107], [10.56634, 59.90769], [10.54057, 59.89747]], [[10.63933, 59.91356], [10.6332, 59.91404]], [[10.44014, 59.83809], [10.43745, 59.83538]], [[10.50746, 59.89062], [10.5026, 59.88837], [10.50363, 59.88311]], [[10.5038, 59.8829], [10.5028, 59.88844], [10.50789, 59.89062]], [[10.53669, 59.89662], [10.53067, 59.89463]], [[10.60425, 59.90724], [10.58747, 59.90226]], [[10.58747, 59.90226], [10.57706, 59.89975]], [[10.57713, 59.89966], [10.58773, 59.90223]], [[10.57589, 59.89941], [10.57018, 59.89911]], [[10.67971, 59.92208], [10.68584, 59.92035]], [[10.67497, 59.92319], [10.66215, 59.91939]], [[10.68551, 59.92054], [10.67975, 59.92212]], [[10.66162, 59.91906], [10.67342, 59.92306]], [[10.28484, 59.76188], [10.29181, 59.7639]], [[10.67449, 59.92316], [10.66269, 59.91957]], [[10.6339, 59.91375], [10.63934, 59.91342]], [[10.52279, 59.89186], [10.5321, 59.89492]], [[10.53067, 59.89463], [10.52265, 59.89199]], [[10.63317, 59.914], [10.63936, 59.9135]], [[10.55081, 59.89726], [10.54217, 59.8982], [10.52857, 59.89386]], [[10.42913, 59.82869], [10.40614, 59.81319], [10.33793, 59.77843], [10.31301, 59.77275], [10.29357, 59.76463]], [[10.58773, 59.90223], [10.60428, 59.9072]], [[10.5299, 59.89426], [10.53694, 59.89658]], [[10.62198, 59.91335], [10.60966, 59.90895]], [[10.53694, 59.89658], [10.54378, 59.89831], [10.55078, 59.89722]], [[10.60969, 59.90887], [10.62351, 59.91384]], [[10.28375, 59.76162], [10.2447, 59.74807]], [[10.24563, 59.74825], [10.28379, 59.76159]], [[10.63326, 59.91411], [10.62198, 59.91335]], [[10.64352, 59.91409], [10.65902, 59.91793]], [[10.62351, 59.91384], [10.63311, 59.91393]], [[10.52295, 59.89197], [10.5299, 59.89426]], [[10.52857, 59.89386], [10.52295, 59.89203]], [[10.50075, 59.88954], [10.47857, 59.88322], [10.46497, 59.86975]], [[10.50079, 59.88951], [10.50714, 59.89039]], [[10.43826, 59.83787], [10.43624, 59.83471]], [[10.43819, 59.83787], [10.43617, 59.83476]], [[10.23773, 59.74614], [10.22985, 59.74175]], [[10.68551, 59.92054], [10.67988, 59.92223]], [[10.29363, 59.76459], [10.31305, 59.77272], [10.33799, 59.7784], [10.40619, 59.81316], [10.42953, 59.82897]], [[10.23142, 59.74287], [10.23782, 59.74605]], [[10.55848, 59.89823], [10.56997, 59.89907]], [[10.56997, 59.89911], [10.55843, 59.89826]], [[10.50789, 59.89062], [10.51502, 59.89093]], [[10.51498, 59.89097], [10.50746, 59.89062]], [[10.49967, 59.87955], [10.49179, 59.87658]], [[10.49962, 59.87958], [10.49177, 59.87661]], [[10.45313, 59.84212], [10.44851, 59.84085]], [[10.58619, 59.91125], [10.6273, 59.91488]], [[10.6273, 59.91492], [10.58618, 59.91129]], [[10.2447, 59.74807], [10.23773, 59.74614]], [[10.23782, 59.74605], [10.24563, 59.74825]]]}}]}