{"type":"FeatureCollection","features":[{"type":"Feature","properties":{"navn":"Jernbanenett","kilde":"osm","toleranse_m":5.0,"buffer_m":40000,"biter":10052,"km":5258},"geometry":{"type":"MultiLineString","coordinates":[[[11.979952,57.70989],[11.974285,57.708915]],[[11.930582,58.353414],[11.92379,58.35411]],[[12.050399,58.338335],[12.061677,58.335793],[12.064708,58.335192],[12.06596,58.33506],[12.067674,58.335021],[12.076071,58.335539],[12.07774,58.335583],[12.078935,58.335536],[12.080579,58.335359],[12.081772,58.335134],[12.090122,58.333153],[12.091648,58.332864],[12.093241,58.332681],[12.095582,58.332703],[12.100266,58.333212],[12.10238,58.333554],[12.108629,58.335043],[12.110059,58.33521],[12.113151,58.3353],[12.115808,58.335258],[12.118469,58.335013],[12.129409,58.333243]],[[12.275377,58.359266],[12.277373,58.360359]],[[11.996976,57.711981],[11.997551,57.711194],[11.997929,57.71038]],[[12.006705,57.68061],[12.007582,57.679688],[12.009003,57.678594]],[[12.009003,57.678594],[12.011004,57.676476],[12.014376,57.673814],[12.015989,57.672269]],[[12.022468,57.665194],[12.022206,57.664861]],[[12.456029,57.70438],[12.457081,57.704258],[12.458001,57.704042],[12.458865,57.703713],[12.459574,57.703291],[12.460325,57.702513],[12.460705,57.700913],[12.461143,57.700213],[12.462047,57.699532],[12.463303,57.69903]],[[7.524015,58.196546],[7.522054,58.197782],[7.520825,58.198716],[7.518711,58.200935]],[[5.379853,60.383519],[5.374776,60.381931],[5.36972,60.380619],[5.367346,60.380181],[5.364935,60.379984],[5.362223,60.380037],[5.360891,60.380172],[5.359008,60.380494],[5.356432,60.38124],[5.35394,60.382365]],[[5.35394,60.382365],[5.353491,60.382584]],[[11.998888,57.718683],[11.995071,57.716447]],[[11.995071,57.716447],[11.99364,57.715604]],[[12.022206,57.664861],[12.020469,57.663462],[12.020026,57.662618],[12.020016,57.662098],[12.020274,57.661456],[12.020661,57.660997],[12.021295,57.660538],[12.022179,57.660125],[12.023315,57.659798],[12.030994,57.658471],[12.032488,57.658045],[12.034449,57.657346]],[[10.793133,59.909512],[10.792922,59.909591]],[[10.785211,59.905496],[10.778774,59.906115],[10.773449,59.906962]],[[12.27337,58.358015],[12.273895,58.358469],[12.275377,58.359266]],[[12.272922,58.357449],[12.272635,58.356912]],[[12.276093,58.362871],[12.273108,58.357756]],[[12.272635,58.356912],[12.271501,58.354995]],[[12.271501,58.354995],[12.269811,58.352114],[12.2688,58.350005],[12.26256,58.333237],[12.261997,58.331521],[12.261674,58.330003],[12.261362,58.325078]],[[10.753538,59.910128],[10.757742,59.909123],[10.75965,59.908823]],[[10.754037,59.911318],[10.752621,59.911553]],[[10.753799,59.910408],[10.758463,59.909292],[10.76054,59.908967]],[[10.750955,59.911771],[10.753827,59.911093]],[[10.756489,59.910618],[10.761112,59.909507]],[[10.642838,59.913985],[10.64352,59.914087]],[[10.794122,59.909053],[10.793133,59.909512]],[[10.792425,59.905524],[10.793632,59.90589],[10.794424,59.906334]],[[10.785228,59.905166],[10.785588,59.905157]],[[10.793775,59.906075],[10.790226,59.905916]],[[12.394216,58.608689],[12.392501,58.606027]],[[12.261362,58.325078],[12.261753,58.319713],[12.262405,58.316825],[12.263172,58.314767],[12.263942,58.313202],[12.264976,58.311325],[12.266703,58.308977],[12.267924,58.307549],[12.269903,58.305514],[12.279923,58.298328],[12.282905,58.296507]],[[10.803773,63.413517],[10.805237,63.413944]],[[10.758275,59.909846],[10.756228,59.910339]],[[10.833485,59.923228],[10.827603,59.913651],[10.826399,59.912146]],[[10.950775,59.943416],[10.955396,59.941417]],[[11.164347,60.283749],[11.168304,60.286925],[11.170922,60.288843],[11.174132,60.291047],[11.176181,60.292252],[11.179145,60.293733],[11.18155,60.294756],[11.184497,60.295828],[11.188384,60.297088]],[[10.753507,59.910093],[10.757714,59.909087],[10.759635,59.908783]],[[10.771982,59.882496],[10.771056,59.884489],[10.770474,59.885245],[10.769826,59.885757],[10.769034,59.88619],[10.766369,59.887293]],[[10.781113,59.871215],[10.779417,59.873869],[10.777993,59.875575],[10.77565,59.878953],[10.774424,59.880306],[10.773177,59.881358]],[[10.760932,59.908923],[10.762226,59.908698]],[[10.763357,59.908816],[10.7589,59.909868]],[[10.761519,59.90866],[10.762462,59.908593]],[[10.756719,59.910858],[10.76119,59.909786]],[[10.767508,59.908085],[10.766312,59.908353],[10.764102,59.909073],[10.762166,59.909551]],[[10.831951,59.712969],[10.83208,59.713133]],[[10.829464,59.709936],[10.830196,59.710835]],[[10.82234,59.704372],[10.823959,59.705314]],[[10.823959,59.705314],[10.826188,59.70683],[10.827918,59.708296]],[[10.657208,59.419804],[10.657074,59.420507],[10.65721,59.421354],[10.657648,59.422123],[10.658492,59.423092]],[[10.935951,59.218807],[10.938788,59.217856]],[[5.645998,58.721341],[5.646093,58.721697]],[[5.677034,58.76821],[5.676973,58.768394]],[[6.004174,58.461315],[5.997153,58.461456]],[[10.719548,59.916973],[10.712615,59.918561],[10.705019,59.919542],[10.703194,59.919652],[10.701669,59.919657],[10.69503,59.919205],[10.691999,59.91924]],[[12.097263,57.739482],[12.097873,57.739634]],[[11.88466,58.352502],[11.884044,58.352607]],[[11.898016,58.354427],[11.893821,58.353436]],[[11.905753,58.356015],[11.903332,58.355656],[11.898016,58.354427]],[[11.884044,58.352607],[11.880964,58.35335]],[[11.879349,58.353723],[11.877974,58.353973]],[[11.880964,58.35335],[11.879349,58.353723]],[[11.173199,58.930633],[11.172168,58.931],[11.171215,58.931584],[11.170575,58.932348],[11.170349,58.933147],[11.170438,58.933509],[11.170852,58.934082],[11.173195,58.936281]],[[11.34972,59.118055],[11.354897,59.11835],[11.358716,59.118263]],[[11.372418,59.120051],[11.374195,59.119406]],[[11.985074,57.728722],[11.984758,57.72858]],[[12.394016,58.608687],[12.392501,58.606027]],[[12.351009,58.702537],[12.350586,58.703433],[12.350483,58.70429],[12.351261,58.706448],[12.352479,58.709],[12.354352,58.710794],[12.355155,58.712122],[12.355306,58.712964],[12.354998,58.715339],[12.355282,58.716257],[12.355984,58.717401],[12.356196,58.717982],[12.356528,58.720616]],[[12.236761,58.759822],[12.234434,58.76025]],[[12.234434,58.76025],[12.233605,58.760442]],[[12.015978,57.665008],[12.016633,57.663577],[12.01799,57.658494],[12.019285,57.654662],[12.020032,57.652822],[12.021285,57.650864]],[[11.997973,57.710248],[11.999091,57.70639],[11.999342,57.705328],[11.999372,57.70459],[11.999125,57.703687],[11.99882,57.703092],[11.996515,57.699609],[11.996178,57.69835],[11.99646,57.696979],[11.998011,57.693782],[11.99847,57.691003]],[[10.81837,60.040354],[10.820431,60.041533]],[[11.920265,58.197248],[11.919753,58.197973]],[[11.918099,57.864348],[11.918928,57.866442]],[[11.912809,57.844833],[11.913847,57.846255]],[[10.669337,59.44683],[10.669404,59.449399],[10.670514,59.452659],[10.671548,59.454701],[10.673081,59.456578]],[[12.129409,58.333243],[12.130698,58.333037]],[[11.377179,60.055195],[11.382222,60.056732],[11.383534,60.057378],[11.384651,60.058205]],[[10.941018,59.216955],[10.941971,59.216419]],[[10.941971,59.216419],[10.943098,59.215602],[10.944101,59.214606],[10.94478,59.213556],[10.94573,59.211641]],[[10.946704,59.210493],[10.947246,59.210132]],[[10.947246,59.210132],[10.947473,59.210006]],[[10.186305,60.18586],[10.184878,60.186119],[10.183666,60.186518],[10.181786,60.187699],[10.180366,60.188243],[10.179302,60.188455],[10.175994,60.188864],[10.173913,60.18921],[10.171427,60.189756],[10.170175,60.190184],[10.168598,60.191144],[10.166896,60.192531],[10.166161,60.193373],[10.165669,60.194847],[10.165437,60.195181],[10.164945,60.195605],[10.163941,60.196098],[10.155541,60.198251],[10.153167,60.198646],[10.150728,60.198851]],[[6.209817,60.631485],[6.208749,60.631527],[6.207529,60.631714],[6.206271,60.632107],[6.205506,60.632509]],[[10.051348,60.21113],[10.044569,60.211413],[10.042726,60.211367],[10.04082,60.211195],[10.039017,60.210903],[10.037284,60.210495],[10.035785,60.210015],[10.033189,60.208997],[10.031925,60.208627],[10.030312,60.208332],[10.028768,60.208201],[10.026483,60.208223],[10.010891,60.208768],[10.009024,60.208706],[10.006269,60.208412],[10.004687,60.208357],[10.003286,60.208428],[10.000604,60.208751],[9.99898,60.208829],[9.988853,60.208251],[9.986289,60.208214],[9.984526,60.208286]],[[9.91603,60.244393],[9.914235,60.245046],[9.911192,60.246929],[9.909107,60.247754]],[[9.773962,60.272754],[9.770228,60.275197],[9.768714,60.276057],[9.764945,60.277733],[9.759971,60.280351],[9.75124,60.284316],[9.748225,60.285471]],[[9.740485,60.289153],[9.737377,60.289108]],[[9.650265,60.342995],[9.649614,60.343682],[9.648355,60.34441],[9.647248,60.344788],[9.645205,60.345278],[9.644406,60.345598],[9.643613,60.346133],[9.643149,60.346832],[9.643133,60.347444],[9.643603,60.348196],[9.644288,60.348686],[9.646316,60.349678],[9.647146,60.350568],[9.647303,60.351065],[9.647246,60.351645],[9.646613,60.352718],[9.646456,60.353303],[9.64656,60.353868],[9.647025,60.354641]],[[9.558292,60.397911],[9.555193,60.39883],[9.551885,60.39948],[9.547994,60.399874],[9.545979,60.399932],[9.544658,60.399869]],[[9.498062,60.420311],[9.492914,60.42302],[9.48595,60.427511],[9.48489,60.427962],[9.483935,60.428256],[9.481535,60.428678]],[[9.387186,60.43067],[9.384907,60.431122],[9.38296,60.431257],[9.37666,60.430939]],[[9.275103,60.455635],[9.273904,60.4561],[9.270529,60.456994],[9.268877,60.457511],[9.266898,60.458314],[9.265249,60.459136]],[[9.208242,60.490634],[9.204521,60.490894],[9.20284,60.490883],[9.201164,60.490667],[9.197333,60.489746],[9.19625,60.489646],[9.19513,60.489678],[9.194185,60.48982],[9.193441,60.490021],[9.190694,60.491328],[9.188324,60.492115],[9.185749,60.492606],[9.18218,60.49294]],[[9.090336,60.597795],[9.089761,60.598794],[9.088967,60.599704],[9.087829,60.600622],[9.0865,60.601434],[9.083894,60.602583],[9.079968,60.603742],[9.078609,60.604231],[9.077182,60.604956],[9.076094,60.605755],[9.074525,60.607412],[9.073058,60.609608],[9.072332,60.611317],[9.071448,60.614631],[9.070561,60.616226],[9.069791,60.617168],[9.068825,60.618103],[9.066605,60.619704]],[[8.729775,60.660224],[8.725503,60.6603],[8.722459,60.660215],[8.712061,60.659291],[8.707861,60.659115]],[[8.687187,60.647843],[8.67687,60.646079],[8.664956,60.644644],[8.660065,60.644271],[8.65567,60.64423],[8.651301,60.644467],[8.647481,60.64492],[8.644453,60.645572],[8.639041,60.647354],[8.636216,60.648066],[8.633895,60.648441],[8.62569,60.649315]],[[8.542234,60.622616],[8.541209,60.622268],[8.540379,60.621846],[8.537731,60.619623],[8.535485,60.61812],[8.534541,60.61726],[8.532117,60.614546]],[[8.295606,60.557486],[8.294428,60.556829],[8.293208,60.556485],[8.291731,60.55633],[8.28984,60.55642]],[[8.143482,60.531341],[8.141623,60.53084],[8.140569,60.530384],[8.139731,60.529871],[8.138948,60.529151],[8.137783,60.527763],[8.136994,60.526269],[8.136548,60.525886],[8.135881,60.525524],[8.134942,60.525208],[8.134037,60.525033],[8.127907,60.524344],[8.126865,60.524092],[8.126216,60.523845]],[[8.013383,60.501617],[8.011892,60.501941]],[[7.83405,60.511693],[7.831812,60.512737],[7.829409,60.514198],[7.828323,60.515038],[7.824316,60.518605],[7.823749,60.519281],[7.82342,60.519969],[7.823192,60.52258],[7.822938,60.523261],[7.822524,60.523855],[7.82013,60.525825],[7.818886,60.52774],[7.81798,60.528626],[7.816447,60.529499],[7.814269,60.530264]],[[7.728385,60.549729],[7.725648,60.549743],[7.723018,60.549871],[7.715359,60.550688],[7.711486,60.550981],[7.70199,60.551257]],[[7.520987,60.596569],[7.51686,60.596662],[7.515101,60.59687]],[[6.842353,60.695436],[6.840416,60.694065],[6.836803,60.692293],[6.835293,60.691366]],[[6.855448,60.694915],[6.854055,60.695214],[6.853075,60.695627],[6.852396,60.696118],[6.851478,60.697177],[6.850479,60.697743],[6.849039,60.698138],[6.847429,60.698256]],[[6.761512,60.670035],[6.760095,60.670594],[6.757903,60.67181],[6.755068,60.672718],[6.754074,60.673153],[6.753347,60.673636],[6.751121,60.675555],[6.750081,60.676134]],[[6.678891,60.681782],[6.677703,60.682988]],[[6.618787,60.679355],[6.617189,60.679537],[6.613559,60.679738],[6.60989,60.680379],[6.607693,60.680525],[6.606495,60.6805],[6.605052,60.680366],[6.601105,60.679659],[6.597311,60.67954]],[[6.557723,60.672271],[6.558177,60.67167]],[[6.4489,60.637158],[6.447724,60.637726],[6.446264,60.639064],[6.445256,60.639601]],[[6.388077,60.623879],[6.385257,60.623175],[6.381951,60.622629]],[[6.099532,60.646175],[6.093522,60.644942],[6.081051,60.641738],[6.078059,60.641067],[6.073405,60.640264],[6.068333,60.639688],[6.062613,60.639385],[6.059141,60.639374],[6.056315,60.639461],[6.051615,60.639799],[6.041227,60.640903]],[[11.130468,59.277661],[11.131356,59.277094],[11.133548,59.276092]],[[11.133548,59.276092],[11.134668,59.275689]],[[11.134668,59.275689],[11.135216,59.275517]],[[10.917902,59.948746],[10.915836,59.949017],[10.914029,59.949449],[10.912468,59.949968],[10.909772,59.951107]],[[10.947427,59.944528],[10.947764,59.944424]],[[10.947764,59.944424],[10.949169,59.943994]],[[10.949114,59.943964],[10.949276,59.943913]],[[11.053473,59.955414],[11.050997,59.954696]],[[11.050766,59.954173],[11.050404,59.95416]],[[12.914085,58.300455],[12.914404,58.300125]],[[10.673428,59.456935],[10.674433,59.457938],[10.68556,59.470725]],[[10.431358,63.439777],[10.432692,63.440001]],[[10.278844,63.282716],[10.274064,63.2863]],[[10.440507,63.436251],[10.441121,63.436849]],[[10.442349,63.438029],[10.443544,63.439039],[10.444809,63.439605]],[[10.444809,63.439605],[10.445303,63.439754]],[[10.430706,63.439652],[10.431358,63.439777]],[[10.406267,63.436979],[10.408428,63.437036]],[[10.420433,63.437455],[10.422397,63.437666],[10.423857,63.437925],[10.427906,63.439013]],[[10.39423,63.435891],[10.396137,63.436331],[10.398069,63.436503]],[[10.410468,63.437088],[10.410532,63.43709]],[[10.414307,63.437191],[10.415272,63.437225]],[[10.443407,63.440719],[10.447689,63.440496],[10.451108,63.4401],[10.454413,63.439518],[10.458355,63.438529]],[[10.44329,63.44072],[10.443407,63.440719]],[[10.469456,63.436138],[10.469762,63.436122]],[[10.472369,63.436072],[10.473554,63.436135]],[[10.473554,63.436135],[10.478339,63.436564],[10.482311,63.436592],[10.484905,63.436505],[10.48682,63.436362],[10.48888,63.436078],[10.490957,63.435671]],[[10.470075,63.436106],[10.472369,63.436072]],[[10.445303,63.439754],[10.44664,63.440017],[10.44783,63.440122]],[[10.435198,59.833853],[10.433729,59.832706],[10.43256,59.83162]],[[10.447765,59.840809],[10.445119,59.840624],[10.444092,59.840425],[10.442967,59.840085],[10.441405,59.839295],[10.440855,59.838847],[10.440208,59.838074]],[[10.429574,59.829014],[10.43113,59.830399]],[[10.530536,63.426917],[10.531227,63.427069]],[[10.432235,59.827494],[10.43185,59.825539],[10.431065,59.823906],[10.431057,59.823217],[10.431322,59.822644],[10.433196,59.820175],[10.43358,59.819282],[10.433958,59.817556],[10.435093,59.815809],[10.43527,59.81437],[10.436058,59.812185],[10.435649,59.810043],[10.435865,59.808059],[10.436083,59.807251],[10.436976,59.805436],[10.437689,59.802013],[10.438452,59.800198]],[[10.870147,60.080401],[10.869456,60.081523],[10.868815,60.08229],[10.8682,60.08278],[10.866957,60.08331],[10.865445,60.083629],[10.864436,60.08394],[10.86359,60.084335],[10.863055,60.084739]],[[11.034871,59.265838],[11.036238,59.265295],[11.038201,59.264853],[11.039689,59.264713],[11.043646,59.264612],[11.045471,59.264642],[11.047228,59.264801],[11.049103,59.265131],[11.05074,59.265571]],[[11.029436,59.268185],[11.030446,59.267993],[11.031486,59.267656],[11.033889,59.266367]],[[11.034703,59.26592],[11.034871,59.265838]],[[11.024624,59.267965],[11.026802,59.268205]],[[12.931333,58.28233],[12.949844,58.262853],[12.959658,58.251633]],[[12.959854,58.251407],[12.959658,58.251633]],[[7.123377,60.838875],[7.122332,60.840633],[7.122498,60.842334],[7.122169,60.842734],[7.120856,60.843692],[7.120237,60.844389],[7.119837,60.84525],[7.119489,60.846954],[7.118791,60.847465],[7.116711,60.848222],[7.115706,60.848899],[7.112416,60.852378],[7.112105,60.852986],[7.11177,60.854795],[7.111482,60.855355],[7.108499,60.857831],[7.10828,60.858763],[7.107856,60.859455],[7.107742,60.859918],[7.107968,60.861441],[7.108253,60.861821],[7.108786,60.862147]],[[10.415272,63.437225],[10.420173,63.437438]],[[10.420173,63.437438],[10.420433,63.437455]],[[12.0046,57.729155],[12.004056,57.727119]],[[12.0046,57.729155],[12.004767,57.730379]],[[11.994387,57.715892],[12.001175,57.719925]],[[11.919176,57.86678],[11.922006,57.869789],[11.922567,57.870571],[11.922792,57.871093],[11.922939,57.871849],[11.922765,57.873063],[11.92168,57.875721],[11.920751,57.877068],[11.919731,57.877888],[11.915183,57.880624],[11.910832,57.882857],[11.908863,57.883969],[11.907699,57.884952],[11.906902,57.886352],[11.906781,57.887384],[11.906871,57.887991],[11.90745,57.889151],[11.909124,57.891051],[11.90955,57.891734],[11.909791,57.892602],[11.909729,57.893701],[11.90919,57.894852],[11.908539,57.895606],[11.907396,57.896511],[11.904953,57.898192]],[[10.865612,60.058204],[10.863757,60.058194],[10.862084,60.05831],[10.860791,60.058509],[10.85969,60.058805],[10.858681,60.059227],[10.857758,60.059803],[10.856097,60.061471]],[[5.732786,60.548617],[5.731622,60.547804],[5.728155,60.545815],[5.726805,60.544711]],[[10.76082,59.909299],[10.758275,59.909846]],[[10.758271,59.909675],[10.760685,59.909159]],[[10.758242,59.909809],[10.760685,59.909159]],[[10.76082,59.909299],[10.758375,59.909948]],[[10.761927,59.909025],[10.76082,59.909299]],[[12.097873,57.739634],[12.113269,57.743238],[12.116704,57.743865],[12.147669,57.747368]],[[12.157129,57.747534],[12.157551,57.747522]],[[12.157551,57.747522],[12.16157,57.7475],[12.16513,57.747878],[12.166951,57.748269],[12.170704,57.749428],[12.174961,57.750097],[12.176833,57.75052]],[[12.176833,57.75052],[12.178408,57.750913],[12.179969,57.751177]],[[12.23131,57.753651],[12.233553,57.754156],[12.235587,57.754506]],[[12.179969,57.751177],[12.181535,57.751287],[12.185829,57.751183]],[[12.227283,63.315786],[12.226555,63.315752]],[[12.094732,63.317272],[12.092561,63.317741],[12.08887,63.31826]],[[10.441924,63.437626],[10.442349,63.438029]],[[10.413754,63.414527],[10.415805,63.415189],[10.417523,63.41612],[10.428241,63.424539],[10.440507,63.436251]],[[10.441121,63.436849],[10.441177,63.436902]],[[10.441177,63.436902],[10.441924,63.437626]],[[12.242149,63.312692],[12.239562,63.312694],[12.238006,63.312876],[12.236794,63.313106],[12.23521,63.313637],[12.232988,63.314909],[12.231739,63.315393],[12.2298,63.315754],[12.228726,63.315815],[12.227283,63.315786]],[[12.63458,63.362432],[12.633891,63.36263]],[[12.633891,63.36263],[12.632287,63.363107]],[[10.984825,59.240686],[10.985009,59.240854]],[[10.985009,59.240854],[10.988468,59.243982]],[[12.084222,57.467373],[12.086384,57.465969]],[[12.086384,57.465969],[12.087819,57.465225],[12.089927,57.4643],[12.093969,57.462783],[12.095747,57.462195],[12.098531,57.461432],[12.100389,57.461019],[12.103239,57.46051],[12.106141,57.460088]],[[12.166058,57.422555],[12.165847,57.42125]],[[12.165847,57.42125],[12.165233,57.419184],[12.164368,57.41732],[12.163091,57.415321],[12.16145,57.413356],[12.135751,57.389349],[12.134437,57.387891],[12.133305,57.386399],[12.132341,57.384867],[12.131554,57.383278],[12.130819,57.381164],[12.130383,57.378566],[12.130422,57.376099],[12.130947,57.373551],[12.131954,57.370997],[12.136581,57.361477],[12.137347,57.360034],[12.138749,57.3579]],[[12.165716,57.427149],[12.166144,57.423977]],[[12.166144,57.423977],[12.166058,57.422555]],[[11.980568,57.710163],[11.977886,57.709868],[11.973588,57.709131]],[[11.918928,57.866442],[11.919176,57.86678]],[[10.383107,63.409522],[10.383136,63.409676]],[[10.393638,63.412432],[10.397329,63.412703]],[[10.397329,63.412703],[10.398819,63.412814]],[[10.399333,63.412852],[10.400717,63.412955]],[[10.400717,63.412955],[10.40102,63.412978]],[[10.40102,63.412978],[10.404181,63.413242],[10.407596,63.413646]],[[11.853495,63.390558],[11.857059,63.38899],[11.858589,63.388489],[11.868311,63.386407],[11.870664,63.386089],[11.872082,63.386056],[11.873615,63.386151],[11.874758,63.386318],[11.876953,63.386808],[11.878342,63.387005],[11.882423,63.387148],[11.886958,63.387565],[11.888684,63.38756],[11.890256,63.387425],[11.896492,63.386289],[11.897863,63.386131],[11.899162,63.386085],[11.900612,63.386148],[11.901784,63.386288],[11.902892,63.386513],[11.905362,63.387207],[11.906652,63.387412],[11.908168,63.387486],[11.910009,63.387354],[11.911911,63.386908],[11.91329,63.386261],[11.913962,63.385697],[11.915135,63.384081],[11.916287,63.383337],[11.917976,63.382791],[11.921196,63.382367],[11.923027,63.381869],[11.924114,63.38131],[11.926107,63.379678],[11.927033,63.37915],[11.928396,63.378557]],[[11.995939,57.713101],[11.997108,57.711936],[11.997646,57.711161]],[[10.373057,63.429637],[10.374706,63.430441]],[[10.374706,63.430441],[10.375478,63.4307]],[[10.379278,63.431608],[10.380271,63.43185]],[[10.380271,63.43185],[10.380708,63.431952]],[[10.392927,63.435531],[10.392227,63.435334]],[[10.382231,63.419172],[10.381788,63.41969]],[[12.29009,58.292818],[12.291091,58.292232]],[[10.531227,63.427069],[10.535642,63.428156],[10.541228,63.429674]],[[10.497858,63.432943],[10.498471,63.432815]],[[10.490957,63.435671],[10.491395,63.435574]],[[10.428066,63.439055],[10.430706,63.439652]],[[10.427906,63.439013],[10.428066,63.439055]],[[10.495293,63.433912],[10.49551,63.433795]],[[10.49551,63.433795],[10.496563,63.433326],[10.497858,63.432943]],[[10.491395,63.435574],[10.492422,63.435316],[10.493554,63.434908],[10.495293,63.433912]],[[10.520008,63.427295],[10.520253,63.427225]],[[10.520253,63.427225],[10.522684,63.42669],[10.525282,63.426445],[10.527624,63.426506],[10.530536,63.426917]],[[10.498471,63.432815],[10.49917,63.4327]],[[5.502623,60.427951],[5.501333,60.429123],[5.500745,60.42985],[5.499976,60.431369],[5.499147,60.433818],[5.498418,60.434543]],[[12.00268,57.725164],[12.002395,57.725579]],[[12.002395,57.725579],[12.002189,57.725833]],[[10.398819,63.412814],[10.399333,63.412852]],[[11.933385,58.353132],[11.932272,58.35324]],[[11.937515,58.35291],[11.935349,58.352959],[11.933385,58.353132]],[[11.940354,58.352557],[11.938891,58.352838],[11.937515,58.35291]],[[11.945756,58.34673],[11.946315,58.347479],[11.94645,58.34816],[11.946141,58.349193],[11.945672,58.349723],[11.944646,58.350663],[11.94345,58.351437],[11.941508,58.352215],[11.940354,58.352557]],[[11.937695,58.353082],[11.940064,58.353454],[11.950601,58.355536]],[[11.915979,58.333915],[11.915577,58.335245],[11.915441,58.336559],[11.915658,58.337218],[11.916324,58.337901]],[[11.927048,58.326573],[11.925541,58.327234],[11.922488,58.329358],[11.919495,58.330753],[11.917993,58.331562],[11.916797,58.332623],[11.915979,58.333915]],[[11.912395,58.116696],[11.916027,58.117728]],[[11.916027,58.117728],[11.918256,58.118324],[11.920907,58.118845]],[[11.920907,58.118845],[11.922092,58.119186],[11.924147,58.119924]],[[11.924147,58.119924],[11.925881,58.12056]],[[11.925881,58.12056],[11.927939,58.121324]],[[11.927939,58.121324],[11.930048,58.122133],[11.933036,58.122957]],[[11.933036,58.122957],[11.9347,58.123691],[11.935772,58.124498]],[[11.934424,58.146559],[11.93219,58.148876],[11.928127,58.152172],[11.927129,58.153228],[11.926594,58.154408],[11.926341,58.158374],[11.924924,58.160893],[11.924463,58.162254],[11.924538,58.164017],[11.92493,58.166685],[11.924758,58.167638],[11.92434,58.1686],[11.923401,58.170485],[11.922538,58.171566],[11.918091,58.175002],[11.917104,58.176006],[11.915365,58.179473],[11.914933,58.180614],[11.913675,58.182785],[11.913593,58.183764],[11.913927,58.18554],[11.91375,58.187409],[11.913976,58.188165],[11.915032,58.189634],[11.918838,58.192613],[11.920037,58.193792],[11.920483,58.194595],[11.920657,58.195302],[11.920655,58.19614],[11.920265,58.197248]],[[9.538349,61.768142],[9.538336,61.769202]],[[9.266145,61.957387],[9.265438,61.958387]],[[9.253799,61.966456],[9.253153,61.973274],[9.253239,61.974577],[9.253693,61.976028],[9.254624,61.977977],[9.255312,61.978935],[9.256562,61.98024]],[[9.126996,62.070683],[9.127,62.070691]],[[9.136402,62.081467],[9.137225,62.082936],[9.138532,62.084076],[9.140344,62.084984],[9.142995,62.085898],[9.144124,62.086618]],[[9.088599,62.115392],[9.089902,62.11582],[9.091497,62.116015],[9.093464,62.115946],[9.095104,62.115581],[9.096117,62.115166],[9.096815,62.114652],[9.097238,62.114059],[9.097741,62.112908],[9.098461,62.112246]],[[9.103132,62.111086],[9.107512,62.110808],[9.110843,62.110348],[9.1172,62.109044],[9.122243,62.107747],[9.142916,62.100839],[9.146483,62.09936],[9.148153,62.098526],[9.150177,62.097361]],[[9.6182,62.329445],[9.618841,62.33847]],[[9.636048,62.374337],[9.635922,62.375132],[9.634846,62.37675],[9.634853,62.377386],[9.635192,62.378016]],[[9.618866,62.338792],[9.618823,62.339677],[9.61854,62.340362],[9.618093,62.340854],[9.616623,62.341854],[9.616155,62.342307],[9.615839,62.342926],[9.615855,62.343478]],[[9.615855,62.343478],[9.616347,62.344332],[9.617292,62.345007],[9.61879,62.345567],[9.621225,62.346109]],[[9.622725,62.346717],[9.624842,62.348051],[9.628001,62.349418],[9.629255,62.350203],[9.629778,62.350747],[9.630157,62.351511],[9.630201,62.352075],[9.63,62.352742]],[[9.628192,62.356225],[9.628059,62.35776],[9.628418,62.35923],[9.631016,62.365716],[9.631882,62.367373],[9.632934,62.368939]],[[9.632934,62.368939],[9.634778,62.371774],[9.636048,62.374337]],[[9.63466,62.392747],[9.634534,62.393765],[9.633819,62.394707]],[[9.633819,62.394707],[9.633005,62.395594],[9.632626,62.396297],[9.632678,62.398385],[9.632171,62.39958]],[[9.632171,62.39958],[9.632063,62.400766],[9.632681,62.401637]],[[9.634641,62.403927],[9.635002,62.406693],[9.63463,62.410502],[9.634874,62.412798]],[[9.577258,62.448613],[9.575544,62.449495],[9.574491,62.450421],[9.573929,62.451434],[9.573811,62.452781]],[[9.613954,62.527495],[9.617261,62.52937],[9.618327,62.529817],[9.61953,62.530124]],[[9.983455,62.722847],[9.989919,62.722755],[9.993669,62.722844],[9.994393,62.722955],[9.99515,62.72322],[9.996223,62.723978],[9.996682,62.724452]],[[9.996682,62.724452],[9.996843,62.724732]],[[9.996459,62.728762],[9.994739,62.72986],[9.99312,62.731507],[9.990067,62.734063],[9.988879,62.735732],[9.988123,62.738011],[9.987638,62.738783],[9.986887,62.739484],[9.98431,62.741354],[9.983384,62.742374],[9.982944,62.743408],[9.982952,62.744441],[9.984242,62.746849]],[[10.153929,62.925543],[10.153685,62.926019]],[[10.153685,62.926019],[10.153502,62.926742],[10.153821,62.927449],[10.154566,62.928044],[10.155839,62.928559],[10.15747,62.928852],[10.160951,62.929004],[10.163316,62.929428],[10.164335,62.929536],[10.165459,62.929531],[10.167923,62.92927],[10.169318,62.929233],[10.171666,62.929378],[10.17424,62.929743],[10.175886,62.930152],[10.176934,62.930614],[10.17856,62.931772],[10.180225,62.932722],[10.180856,62.933225]],[[10.241928,63.018892],[10.243818,63.019381],[10.245277,63.019963],[10.245945,63.020334]],[[10.245945,63.020334],[10.246745,63.021397],[10.247086,63.02345],[10.247475,63.023955],[10.247983,63.024349],[10.248851,63.024796],[10.250987,63.025672],[10.252887,63.027017],[10.253833,63.02749],[10.255067,63.028006],[10.258503,63.029182]],[[10.236708,63.114019],[10.238332,63.114311]],[[10.239944,63.114754],[10.240953,63.115256],[10.241917,63.116149],[10.244592,63.121037],[10.244677,63.121612],[10.244496,63.122192],[10.242397,63.125008],[10.242037,63.125904],[10.242211,63.126589],[10.243668,63.129294],[10.244693,63.130435]],[[10.287204,63.057346],[10.287969,63.059562],[10.288189,63.060684],[10.288134,63.062033],[10.28788,63.06309],[10.287231,63.064516],[10.28661,63.065329],[10.285566,63.066239],[10.284141,63.067157],[10.282648,63.067735],[10.281029,63.068027],[10.271587,63.068297],[10.268778,63.068551],[10.260511,63.070217],[10.258432,63.070701],[10.256804,63.071342],[10.255841,63.072083],[10.255432,63.072822],[10.255407,63.074255],[10.254904,63.075088]],[[10.300272,63.206105],[10.300577,63.206769],[10.301326,63.207691]],[[10.309117,63.211383],[10.310087,63.211807],[10.310761,63.212245],[10.311238,63.212743],[10.311469,63.213235],[10.311672,63.215692],[10.31137,63.216336],[10.310758,63.216889],[10.309438,63.217515],[10.306656,63.218273],[10.305559,63.218683],[10.302967,63.220458],[10.29975,63.221845],[10.297538,63.222911],[10.29625,63.22335],[10.293432,63.224031],[10.292397,63.224445],[10.291506,63.225045],[10.290558,63.226058],[10.289858,63.226614],[10.282293,63.231307],[10.281268,63.232095],[10.280468,63.232908],[10.279901,63.233714],[10.279631,63.234533],[10.279648,63.235147],[10.280114,63.236494],[10.279967,63.237946],[10.280357,63.238709],[10.281867,63.240118],[10.282115,63.240701],[10.282121,63.24115],[10.281605,63.24208],[10.277788,63.245532],[10.276862,63.246759],[10.276735,63.247352],[10.276934,63.248003],[10.27734,63.248491],[10.278187,63.249087]],[[10.279243,63.28241],[10.278844,63.282716]],[[10.339482,63.325724],[10.339199,63.326474]],[[10.340555,63.33129],[10.341499,63.332692],[10.343134,63.334064],[10.343452,63.334845],[10.343141,63.335779],[10.341854,63.33697],[10.341337,63.337701],[10.340994,63.339682],[10.341184,63.340493],[10.341869,63.341247],[10.343079,63.341929],[10.344583,63.342418],[10.34691,63.342884]],[[10.35817,63.353809],[10.35801,63.354272]],[[10.383125,63.409676],[10.383178,63.409969]],[[10.904973,63.446918],[10.90655,63.447352],[10.908239,63.447963]],[[10.908239,63.447963],[10.909929,63.448604]],[[10.913765,63.454466],[10.913735,63.456165]],[[10.913735,63.456165],[10.913721,63.456931]],[[10.913721,63.456931],[10.913692,63.458342]],[[10.913692,63.458342],[10.913564,63.4644]],[[11.084104,63.625461],[11.083522,63.626633],[11.082161,63.627819],[11.081074,63.62835],[11.078169,63.629283],[11.076948,63.63005]],[[11.491464,64.016023],[11.491879,64.01691]],[[11.492244,64.01762],[11.492794,64.018477]],[[12.346008,64.483871],[12.346036,64.485274]],[[12.453043,64.547018],[12.452973,64.548537]],[[13.053878,64.859986],[13.056284,64.861945],[13.057807,64.863667]],[[13.400206,65.492],[13.397126,65.4933],[13.396266,65.493844],[13.395779,65.494417],[13.394922,65.496115],[13.393023,65.497538],[13.39234,65.498269],[13.392053,65.499189],[13.392317,65.501324],[13.391953,65.502883],[13.392668,65.505363],[13.39242,65.506135],[13.391756,65.506904],[13.390426,65.507735],[13.388687,65.508372],[13.381892,65.509784],[13.37791,65.510732]],[[13.371511,65.516996],[13.372005,65.51743]],[[13.157401,65.893842],[13.158458,65.894525],[13.161088,65.895811],[13.162561,65.896853],[13.166709,65.900872],[13.16714,65.901623],[13.167189,65.902373]],[[13.188789,65.956729],[13.190274,65.957067],[13.194745,65.958401],[13.196966,65.958925],[13.199608,65.959381],[13.204397,65.959986],[13.206016,65.960309],[13.207861,65.960834],[13.209515,65.961509],[13.210623,65.962136],[13.213634,65.964587],[13.21482,65.965337],[13.216339,65.966044],[13.218603,65.966918]],[[13.464802,66.076744],[13.465492,66.079678],[13.466154,66.080531],[13.467537,66.081486],[13.478055,66.085779],[13.505149,66.098575]],[[13.556284,66.101516],[13.557479,66.102238],[13.558419,66.102666],[13.562048,66.103582],[13.563303,66.104055],[13.564441,66.104875],[13.564818,66.105667]],[[13.570504,66.124866],[13.5746,66.126678],[13.575689,66.127406],[13.576315,66.128442],[13.57603,66.130415],[13.576275,66.130962],[13.576901,66.131603],[13.578774,66.132599],[13.582358,66.133982]],[[13.625512,66.15526],[13.629614,66.15639],[13.634181,66.157392],[13.636127,66.157927]],[[13.60899,66.148882],[13.610633,66.149355],[13.611743,66.14984],[13.612595,66.150368],[13.614265,66.151708]],[[13.678242,66.159768],[13.683488,66.159659],[13.684832,66.159556],[13.686381,66.159321]],[[13.719998,66.16353],[13.721107,66.163863],[13.722186,66.164077],[13.726404,66.164442]],[[13.754852,66.169504],[13.756901,66.169201],[13.758725,66.168689],[13.759619,66.168315],[13.761623,66.167213],[13.76349,66.166535],[13.765268,66.166173],[13.769334,66.165623],[13.771369,66.164985],[13.772436,66.164407],[13.772929,66.16399],[13.773517,66.163242],[13.774274,66.161704],[13.77542,66.160698],[13.777213,66.159905],[13.781278,66.158811]],[[13.793679,66.206167],[13.79516,66.206735],[13.798891,66.207828],[13.803083,66.209339],[13.80892,66.21087],[13.80992,66.211282],[13.812685,66.212786],[13.813876,66.2132],[13.815633,66.213609]],[[13.926425,66.235295],[13.927721,66.235718],[13.92851,66.236075],[13.931091,66.237866],[13.933026,66.23867],[13.935556,66.239201],[13.940505,66.23956],[13.943454,66.240023]],[[13.969978,66.262522],[13.970441,66.263745]],[[14.347173,66.346641],[14.348082,66.347582],[14.34829,66.348665]],[[14.406422,66.399819],[14.408109,66.400412],[14.410382,66.400924],[14.412813,66.401214],[14.415617,66.401286],[14.418058,66.401131],[14.426089,66.400259],[14.431264,66.399309],[14.432963,66.39909],[14.434837,66.398982],[14.437789,66.39901]],[[14.760646,66.416542],[14.7636,66.416882],[14.76526,66.417166],[14.770323,66.418388],[14.775128,66.419967],[14.777821,66.421368],[14.779383,66.421994],[14.786534,66.424051],[14.789081,66.424903],[14.791927,66.426056],[14.792928,66.426666],[14.793561,66.427286],[14.794831,66.429185],[14.795823,66.429857],[14.797453,66.430549],[14.799868,66.431159]],[[14.966332,66.504924],[14.968045,66.505446],[14.969521,66.505754],[14.971087,66.505972],[14.973156,66.506109],[14.974992,66.506101],[14.976633,66.505999],[14.979576,66.505722],[14.981856,66.505358]],[[15.389554,66.797093],[15.387128,66.798405],[15.384814,66.799262],[15.376825,66.801481],[15.367696,66.803607],[15.364227,66.804685],[15.358589,66.807455],[15.357496,66.808352],[15.356809,66.809502]],[[15.292826,66.946898],[15.292645,66.94869],[15.292795,66.949503],[15.293527,66.950407],[15.296101,66.952437],[15.297669,66.954364],[15.298593,66.956235],[15.298214,66.958161],[15.298351,66.958881],[15.300014,66.961395],[15.301755,66.963201],[15.302233,66.96429]],[[15.448517,67.097285],[15.451169,67.095837],[15.452875,67.095233],[15.454465,67.09488],[15.45565,67.094715],[15.457021,67.094604],[15.458477,67.094583],[15.461247,67.094786],[15.464748,67.095475],[15.467824,67.096372],[15.470829,67.097635]],[[15.441639,67.098948],[15.444359,67.098525],[15.445956,67.098185]],[[15.471098,67.102111],[15.468846,67.103534]],[[15.452106,67.117458],[15.454493,67.119369]],[[15.450853,67.148418],[15.452321,67.149226],[15.453847,67.149755],[15.456624,67.150463],[15.461459,67.151403],[15.463108,67.151942],[15.464298,67.152553]],[[15.467577,67.192869],[15.466749,67.193375],[15.465345,67.194003],[15.463165,67.194705],[15.461336,67.19508],[15.450944,67.196747],[15.44937,67.1971],[15.44844,67.197408]],[[15.479178,67.179601],[15.479719,67.180307],[15.48185,67.182075],[15.482257,67.182807],[15.482268,67.183523]],[[15.483257,67.161701],[15.483719,67.161934]],[[15.429437,67.243671],[15.427421,67.247302]],[[10.659368,59.43656],[10.656534,59.435534],[10.655872,59.435119],[10.655437,59.434648]],[[10.659822,59.436806],[10.659368,59.43656]],[[10.692486,59.478021],[10.691514,59.476934]],[[10.691756,59.476875],[10.692696,59.477932]],[[10.894498,59.953584],[10.895915,59.953758],[10.897338,59.953814],[10.898679,59.953762],[10.900177,59.953583],[10.902238,59.953113],[10.909726,59.951076]],[[10.870155,59.943468],[10.873249,59.944433],[10.878811,59.946549],[10.881648,59.9473]],[[10.858319,59.940178],[10.860655,59.940727],[10.869928,59.943402]],[[10.83452,59.931096],[10.836457,59.933939],[10.837456,59.935018],[10.839294,59.936278],[10.841613,59.937302]],[[10.834242,59.926634],[10.834315,59.925511],[10.833949,59.924244]],[[10.833949,59.924244],[10.833629,59.923527]],[[10.833629,59.923527],[10.833485,59.923228]],[[10.833571,59.92323],[10.834029,59.924246]],[[10.826466,59.912128],[10.827683,59.913641],[10.833571,59.92323]],[[8.842955,62.118998],[8.833616,62.120312],[8.828041,62.120964]],[[9.126115,62.069324],[9.126689,62.070673]],[[11.393396,62.786764],[11.391873,62.786346],[11.389747,62.786081],[11.38751,62.786065],[11.385379,62.786318],[11.383984,62.786685],[11.382924,62.787126],[11.382087,62.787645],[11.380511,62.788938],[11.37881,62.789676],[11.374601,62.790585],[11.370758,62.791566],[11.369319,62.791734],[11.367769,62.79174],[11.36638,62.791584],[11.365215,62.791315],[11.364109,62.790901],[11.363142,62.790298],[11.362541,62.789584],[11.361319,62.786864],[11.359285,62.784855]],[[11.352592,62.568392],[11.350908,62.568668],[11.344127,62.570052],[11.342954,62.570212],[11.34178,62.570257],[11.340006,62.570116],[11.338386,62.569723],[11.337014,62.569057],[11.336252,62.568281]],[[11.394861,62.635276],[11.393966,62.634695],[11.392907,62.634259],[11.391725,62.63397],[11.387039,62.633159],[11.385685,62.632755],[11.384569,62.63225]],[[5.515291,60.423127],[5.513509,60.423625]],[[5.470242,60.421319],[5.463061,60.419418]],[[5.509312,60.423986],[5.47743,60.422615]],[[11.184294,60.16474],[11.184527,60.165094]],[[11.184527,60.165094],[11.186043,60.167178],[11.189171,60.17091],[11.192873,60.174851],[11.194188,60.176414],[11.194741,60.17728],[11.195157,60.178239],[11.195521,60.179581],[11.195662,60.180859]],[[10.928265,63.446815],[10.932348,63.447735],[10.936554,63.448374],[10.941276,63.448726],[10.943991,63.448766],[10.946335,63.448711],[10.950531,63.448391],[10.9538,63.447931],[10.963139,63.445913],[10.964989,63.445574],[10.968105,63.445263],[10.971239,63.445239]],[[12.40447,57.831252],[12.405545,57.831485]],[[12.357147,57.808333],[12.35946,57.809151],[12.361552,57.81014],[12.366046,57.813365],[12.370605,57.816071],[12.373245,57.818099],[12.374274,57.818648],[12.376955,57.819813],[12.378165,57.820525],[12.378824,57.821056],[12.379488,57.821791],[12.38068,57.823898],[12.381111,57.824443],[12.382256,57.82542],[12.383404,57.826073],[12.385806,57.826965],[12.389063,57.827992],[12.391587,57.828679],[12.394589,57.829328],[12.40447,57.831252]],[[7.761487,62.494651],[7.761683,62.494746]],[[7.765939,62.496559],[7.7673,62.497463],[7.768266,62.498419],[7.768869,62.499412],[7.769758,62.501561]],[[15.391825,67.267474],[15.388918,67.268682]],[[15.221616,67.292236],[15.220032,67.292942],[15.217778,67.293578],[15.204024,67.296109],[15.201057,67.296761],[15.188285,67.300718]],[[10.912522,61.67974],[10.907842,61.670627],[10.907201,61.669796],[10.905967,61.66854],[10.905442,61.667786],[10.905036,61.666822],[10.904502,61.664811],[10.904116,61.663996],[10.903401,61.663054],[10.900009,61.659731],[10.897224,61.655046],[10.896927,61.654108],[10.896892,61.653332],[10.897357,61.650868],[10.897312,61.649439],[10.897654,61.644604]],[[10.886231,62.335715],[10.883131,62.334263],[10.878963,62.332797],[10.877396,62.332116],[10.87542,62.330994],[10.872864,62.3291],[10.871259,62.327538],[10.868768,62.323185],[10.865776,62.319539]],[[11.093748,60.791319],[11.094851,60.792026],[11.096597,60.793759]],[[11.352075,61.061975],[11.356922,61.056771],[11.357985,61.056135],[11.360857,61.054953],[11.361642,61.054462],[11.362262,61.053923],[11.362948,61.052865],[11.363283,61.050925],[11.363823,61.049876],[11.367493,61.04527],[11.368143,61.044746],[11.370039,61.043554],[11.371639,61.041937],[11.37321,61.039701],[11.373766,61.038582],[11.374209,61.037244]],[[11.085902,60.790821],[11.085183,60.790835]],[[11.085183,60.790835],[11.084639,60.790839]],[[9.874969,61.571357],[9.877928,61.570319],[9.879589,61.569922]],[[9.900277,61.568571],[9.904689,61.566923],[9.906138,61.566544],[9.908345,61.566138]],[[9.540635,61.681051],[9.541365,61.682009],[9.542022,61.682646],[9.545164,61.685041],[9.545876,61.686013],[9.546273,61.687178]],[[9.733062,61.612452],[9.733011,61.610092],[9.733582,61.608992],[9.734526,61.608224],[9.73756,61.606685],[9.739529,61.605407],[9.741176,61.603894],[9.741484,61.603358],[9.741486,61.602676]],[[9.719114,61.665779],[9.721272,61.665342],[9.723403,61.664509]],[[9.550035,61.738728],[9.549876,61.73953],[9.54956,61.740114],[9.548438,61.741453],[9.547824,61.742003],[9.546626,61.742685],[9.544318,61.743527],[9.543466,61.743944],[9.539346,61.746903],[9.538469,61.747954],[9.537486,61.749687],[9.535705,61.75134],[9.534974,61.75249],[9.534802,61.753279],[9.534855,61.753983],[9.535607,61.755635],[9.535742,61.756225],[9.535273,61.757984],[9.535316,61.758894],[9.535672,61.759674],[9.537662,61.762532],[9.538156,61.763603],[9.538374,61.764791],[9.538349,61.768142]],[[11.110126,60.227021],[11.110092,60.229228],[11.1103,60.231396]],[[11.110139,60.226437],[11.110126,60.227021]],[[10.282758,63.046333],[10.282953,63.046551]],[[11.310749,60.015514],[11.311732,60.01709],[11.312789,60.018347],[11.314915,60.020384],[11.317009,60.022069],[11.318285,60.023259]],[[10.207036,59.603879],[10.206106,59.60291]],[[10.206106,59.60291],[10.204631,59.601203],[10.203341,59.599242],[10.202458,59.597352],[10.201895,59.595263],[10.201729,59.593255],[10.201912,59.591316],[10.202378,59.589597],[10.203394,59.587382]],[[10.398657,59.282232],[10.398048,59.282401]],[[10.398048,59.282401],[10.395994,59.282703]],[[10.366415,59.283714],[10.365234,59.28357]],[[10.367325,59.283828],[10.366415,59.283714]],[[10.338939,59.284508],[10.338273,59.284389]],[[10.244947,59.140839],[10.244499,59.140664]],[[10.21216,59.136712],[10.211671,59.136615]],[[10.211671,59.136615],[10.210647,59.136307]],[[10.244499,59.140664],[10.231752,59.135773],[10.23006,59.135329],[10.228408,59.13508]],[[10.067057,59.048271],[10.066159,59.048308]],[[10.037183,59.048361],[10.036076,59.049054]],[[12.339085,64.461342],[12.344304,64.46925],[12.345436,64.47162],[12.345807,64.473631],[12.346008,64.483871]],[[13.37791,65.510732],[13.377393,65.510865]],[[13.176575,65.955652],[13.179215,65.956038],[13.185877,65.956342],[13.188789,65.956729]],[[13.445231,66.066153],[13.446147,66.067193],[13.448501,66.068582]],[[13.528461,66.093968],[13.52991,66.093519],[13.53131,66.093254],[13.532812,66.093107],[13.534357,66.093083],[13.540747,66.093603],[13.542915,66.094043],[13.544235,66.094518]],[[13.599987,66.147443],[13.60126,66.147823],[13.602545,66.148085],[13.605972,66.148446]],[[13.638301,66.158627],[13.641311,66.159602],[13.643215,66.160049]],[[13.745579,66.16903],[13.746411,66.169042],[13.75168,66.169597],[13.753341,66.169608],[13.754852,66.169504]],[[13.790023,66.203324],[13.790903,66.20433],[13.793679,66.206167]],[[13.919151,66.234672],[13.921661,66.234671],[13.923313,66.234755],[13.924797,66.234942],[13.926425,66.235295]],[[13.970518,66.259978],[13.97001,66.261208],[13.969978,66.262522]],[[14.035359,66.278594],[14.037118,66.279608],[14.039212,66.280426]],[[14.25943,66.32302],[14.260242,66.324456],[14.260984,66.325154],[14.266318,66.328043],[14.26739,66.328778],[14.268105,66.329618],[14.268752,66.331007],[14.269422,66.331695],[14.271022,66.332596],[14.272975,66.333259],[14.274374,66.333507],[14.275685,66.333615],[14.287539,66.333752],[14.289451,66.333703],[14.293925,66.333358],[14.296412,66.333259],[14.299754,66.33331],[14.301712,66.333486],[14.303802,66.333894],[14.313565,66.336578],[14.315333,66.336881],[14.319792,66.337338],[14.321644,66.337647],[14.323111,66.337986],[14.324799,66.338508],[14.326482,66.339224],[14.329428,66.341098]],[[14.399006,66.38447],[14.399117,66.386206],[14.403389,66.397424],[14.404402,66.398656],[14.405249,66.399236],[14.406422,66.399819]],[[14.753928,66.415226],[14.757726,66.416117],[14.760646,66.416542]],[[14.962008,66.502541],[14.964754,66.50422],[14.966332,66.504924]],[[15.422651,66.793793],[15.41972,66.794455],[15.416763,66.794768],[15.413474,66.794774],[15.411691,66.794635],[15.409723,66.794372]],[[15.302233,66.941399],[15.300207,66.942219]],[[15.430836,67.099432],[15.436886,67.09934],[15.441639,67.098948]],[[15.445956,67.098185],[15.447369,67.097761],[15.448517,67.097285]],[[15.471122,67.097787],[15.472384,67.098713],[15.472893,67.0997]],[[15.452943,67.113381],[15.451852,67.11422],[15.451216,67.115219],[15.451184,67.116165],[15.451601,67.117015]],[[15.48181,67.169691],[15.480614,67.171048],[15.47988,67.172545],[15.478977,67.17832],[15.478957,67.178948],[15.479178,67.179601]],[[15.470265,67.189792],[15.469279,67.190598],[15.468286,67.192165],[15.467577,67.192869]],[[15.44844,67.197408],[15.446636,67.198275],[15.445982,67.198749],[15.445303,67.199511],[15.444997,67.200534],[15.445172,67.20273],[15.444784,67.203612]],[[15.419686,67.213996],[15.418801,67.215031],[15.418634,67.215565],[15.418695,67.216282],[15.422959,67.2261],[15.423189,67.227023]],[[10.802368,59.927749],[10.806975,59.927176]],[[10.801897,59.927808],[10.802368,59.927749]],[[10.801524,59.927854],[10.801897,59.927808]],[[10.800405,59.927991],[10.801524,59.927854]],[[11.164877,59.927852],[11.165764,59.92805],[11.166822,59.928163]],[[11.166822,59.928163],[11.174442,59.928638]],[[10.55401,60.3941],[10.554278,60.393953]],[[10.645024,60.773025],[10.645706,60.774251],[10.647337,60.776463],[10.647688,60.777336],[10.647931,60.778551],[10.648217,60.779127],[10.648703,60.779681],[10.650818,60.781452],[10.652238,60.782833]],[[10.58571,60.620084],[10.590493,60.62272],[10.59178,60.623553],[10.592969,60.624609],[10.594483,60.626554]],[[10.611628,60.688369],[10.610894,60.68897]],[[11.386643,62.571994],[11.386646,62.571896]],[[11.385939,62.573074],[11.38645,62.572539],[11.386643,62.571994]],[[11.385722,62.573228],[11.384641,62.573719],[11.383321,62.574022]],[[11.385939,62.573074],[11.385722,62.573228]],[[9.996519,59.968107],[9.997792,59.969396],[9.999686,59.970749]],[[11.248392,60.329032],[11.248269,60.329862]],[[9.83286,59.716835],[9.825568,59.716947],[9.823735,59.716708],[9.822118,59.716238]],[[9.872148,59.738864],[9.871482,59.738445]],[[7.980584,58.301242],[7.980434,58.301122]],[[9.795665,59.69775],[9.794863,59.696965]],[[7.372566,58.313474],[7.371977,58.314054],[7.369705,58.315755]],[[7.051361,58.342508],[7.050767,58.342555]],[[7.365321,58.321243],[7.364215,58.322496],[7.362964,58.323262]],[[7.362964,58.323262],[7.361918,58.323661],[7.360841,58.323932],[7.359858,58.324082],[7.358052,58.324207]],[[7.21842,58.331991],[7.215879,58.331901],[7.208242,58.331389]],[[8.228212,58.52045],[8.227344,58.519644],[8.226094,58.517936]],[[6.978811,58.37123],[6.977272,58.371405],[6.975707,58.371683],[6.972121,58.372613]],[[6.67937,58.422109],[6.67761,58.421946],[6.6762,58.421534],[6.675029,58.42085],[6.674414,58.42011]],[[6.671869,58.415056],[6.671397,58.413833],[6.671182,58.412311]],[[6.661323,58.416525],[6.65988,58.420171]],[[6.562436,58.448425],[6.560735,58.44904]],[[6.671182,58.412311],[6.670887,58.411244]],[[6.669632,58.409715],[6.668443,58.408511],[6.66756,58.407788],[6.666545,58.407277],[6.665267,58.406972],[6.663487,58.406849],[6.661953,58.407001],[6.661078,58.40724],[6.660252,58.407572],[6.659061,58.408392]],[[6.84415,58.384947],[6.843557,58.384881]],[[6.732798,58.410538],[6.729999,58.411251]],[[6.947679,58.38269],[6.947102,58.382703]],[[6.947102,58.382703],[6.849556,58.385134]],[[9.252597,59.393768],[9.246087,59.390332],[9.245068,59.38993]],[[9.138821,59.398919],[9.138676,59.398943]],[[9.099039,59.301676],[9.099068,59.301632]],[[7.550091,58.180916],[7.545977,58.181906],[7.54468,58.182336]],[[7.605196,58.195467],[7.604625,58.193956],[7.602938,58.191315],[7.602261,58.190523],[7.600608,58.188985],[7.600225,58.188485],[7.599966,58.187819],[7.599797,58.186557],[7.599509,58.185948],[7.598772,58.185183],[7.59764,58.184498]],[[9.345323,59.517491],[9.344644,59.517195]],[[9.341661,59.504985],[9.342108,59.50385],[9.342833,59.502577],[9.342797,59.502095],[9.342358,59.501485]],[[7.981216,58.286927],[7.981227,58.286791]],[[7.932979,58.222673],[7.932116,58.221872],[7.930853,58.22108],[7.92561,58.218698],[7.924917,58.218127],[7.924521,58.217485]],[[7.397515,58.277203],[7.396465,58.277658]],[[7.533326,58.192033],[7.532052,58.192278]],[[9.146672,58.95967],[9.145477,58.958975],[9.144767,58.958363],[9.144334,58.957749],[9.143783,58.956401],[9.143186,58.955727],[9.141961,58.955041],[9.139664,58.954296]],[[9.065561,59.097114],[9.064036,59.095688],[9.063381,59.094809],[9.062875,59.093125],[9.063122,59.092173]],[[10.022759,59.051506],[10.020871,59.052439]],[[9.103071,59.121371],[9.103414,59.119476],[9.104508,59.117485],[9.104594,59.116684],[9.104386,59.1158]],[[9.109793,59.282501],[9.109904,59.28242]],[[6.560735,58.44904],[6.559349,58.449744],[6.5584,58.45046],[6.556808,58.452026],[6.555585,58.453434]],[[6.382519,58.467427],[6.380677,58.466667],[6.379584,58.466344],[6.375649,58.465837]],[[6.538687,58.460599],[6.535221,58.460643],[6.533675,58.46083]],[[8.770281,58.464724],[8.7717,58.464017]],[[6.360328,58.516727],[6.360192,58.517649],[6.359687,58.518602],[6.357241,58.521719],[6.35595,58.523101],[6.355016,58.523743],[6.353804,58.524319],[6.350223,58.525338]],[[6.093125,58.518631],[6.091736,58.518425]],[[8.410475,58.596581],[8.409627,58.596209],[8.408912,58.595752],[8.407154,58.593947],[8.404988,58.592798],[8.404246,58.592263],[8.403696,58.591648],[8.401729,58.588625]],[[8.53439,58.62805],[8.532811,58.627476],[8.53132,58.627206],[8.529716,58.627182],[8.527888,58.627448]],[[8.56789,58.639487],[8.566956,58.63875],[8.565936,58.638262],[8.561371,58.637141],[8.560275,58.636699]],[[5.892703,58.48841],[5.891157,58.488607],[5.889791,58.488624]],[[6.010484,58.462128],[6.008531,58.461632],[6.006697,58.461371]],[[5.754081,58.538821],[5.748657,58.540591],[5.746116,58.541583]],[[5.833555,58.494945],[5.828972,58.495145],[5.825694,58.495546],[5.822975,58.496172],[5.817752,58.497833]],[[9.02085,58.878511],[9.019014,58.877339]],[[5.746116,58.541583],[5.732941,58.547919],[5.730832,58.549199],[5.729169,58.550551]],[[5.719746,58.825965],[5.720746,58.827014],[5.722648,58.829582]],[[9.90406,59.770944],[9.902871,59.771456],[9.901495,59.771738],[9.899894,59.771788],[9.898615,59.771625],[9.897259,59.771207],[9.896298,59.770633],[9.89572,59.769897],[9.895622,59.769149]],[[9.58957,59.637072],[9.587852,59.637354],[9.585914,59.637314],[9.584319,59.636984],[9.583008,59.636402]],[[9.634121,59.653464],[9.634126,59.65333]],[[9.323329,59.416894],[9.322732,59.41852],[9.319863,59.421343],[9.317948,59.423573]],[[12.023134,60.188208],[12.02601,60.18823],[12.029274,60.188101]],[[10.838038,59.714782],[10.846877,59.713812],[10.869456,59.71029],[10.872308,59.709612],[10.873746,59.709099],[10.874982,59.708528],[10.876064,59.707895],[10.877085,59.707113],[10.877792,59.706396],[10.878432,59.705459],[10.885186,59.689704]],[[11.173873,59.57929],[11.177828,59.578131],[11.181661,59.577409],[11.216817,59.573303]],[[11.340007,59.424061],[11.340456,59.42193]],[[11.218837,59.299877],[11.217712,59.299178],[11.21711,59.298516],[11.216855,59.297693],[11.216841,59.296369],[11.216541,59.29567],[11.215767,59.294941],[11.214466,59.294272],[11.211412,59.293119],[11.209219,59.292544],[11.208036,59.292435],[11.200788,59.292268],[11.198996,59.292034],[11.196853,59.291518],[11.195094,59.290836],[11.193377,59.289795],[11.192448,59.288899],[11.191335,59.287419],[11.189998,59.286433],[11.188959,59.285962],[11.187904,59.285613],[11.18412,59.28486],[11.182604,59.284262],[11.18174,59.283612],[11.181328,59.283007],[11.180618,59.279907],[11.179787,59.278416],[11.179017,59.277588],[11.178064,59.276836],[11.177308,59.276403],[11.176391,59.276035],[11.175266,59.275727],[11.173946,59.275518],[11.171003,59.275446],[11.169617,59.275294],[11.168553,59.275029],[11.166157,59.274217],[11.164344,59.273967],[11.162712,59.274008],[11.161608,59.274189],[11.160435,59.274552],[11.158333,59.275441],[11.157217,59.275695],[11.155954,59.275815],[11.154298,59.275745],[11.149368,59.274892],[11.147911,59.274739],[11.147025,59.274711],[11.144145,59.274848]],[[11.144145,59.274848],[11.136923,59.275284],[11.135668,59.275444],[11.134668,59.275689]],[[5.40282,60.340412],[5.402029,60.340501],[5.400139,60.340959],[5.39865,60.341001]],[[12.292532,58.291383],[12.302413,58.285527],[12.307986,58.282863],[12.309408,58.282068],[12.310519,58.28121],[12.311004,58.280702],[12.311552,58.279962],[12.312086,58.278858]],[[11.237492,59.985082],[11.237943,59.985225]],[[11.205222,59.969267],[11.206859,59.970227],[11.208231,59.971181],[11.213593,59.976101],[11.214674,59.976879],[11.216172,59.977713],[11.217905,59.978463],[11.219696,59.979063],[11.230367,59.981877],[11.232198,59.982467]],[[11.77779,63.403665],[11.779176,63.403137],[11.780453,63.402799],[11.781678,63.4026],[11.785537,63.402238],[11.788832,63.401437],[11.79078,63.401077],[11.796376,63.400448],[11.799844,63.399753],[11.801023,63.39966],[11.802275,63.399673]],[[10.642641,63.441521],[10.644714,63.441141],[10.646522,63.441036],[10.648053,63.441095],[10.650905,63.441425],[10.653109,63.441394],[10.65437,63.441211],[10.655473,63.440927],[10.656394,63.440561],[10.657363,63.439975]],[[10.64251,63.441557],[10.642641,63.441521]],[[11.555377,63.456167],[11.562543,63.455591],[11.564753,63.455352],[11.57608,63.453641],[11.578362,63.453185],[11.580971,63.452439],[11.582795,63.451726],[11.584203,63.451029],[11.586797,63.449432],[11.588837,63.448599],[11.602627,63.444638],[11.604499,63.444213],[11.60624,63.443964]],[[11.660178,63.444319],[11.662215,63.444425],[11.666226,63.44514],[11.672552,63.445773],[11.674418,63.445805],[11.676858,63.445501]],[[11.6241,63.44372],[11.626115,63.443708]],[[11.696975,63.444169],[11.69721,63.444136]],[[11.71574,63.437677],[11.71696,63.436993],[11.717999,63.436613],[11.719404,63.436309],[11.720742,63.43618],[11.722157,63.436188],[11.72348,63.436329],[11.728535,63.437559],[11.72978,63.437729],[11.731248,63.437776],[11.732798,63.437652],[11.7365,63.437123],[11.7421,63.436762],[11.743612,63.436455],[11.74468,63.436082]],[[11.841353,63.400123],[11.841628,63.39996]],[[14.591256,67.289475],[14.590795,67.289414]],[[14.590795,67.289414],[14.580209,67.288028]],[[14.478222,67.280114],[14.477992,67.28015]],[[14.477474,67.28023],[14.470601,67.281295],[14.467743,67.28182]],[[10.686654,59.472072],[10.687352,59.47282]],[[10.68556,59.470725],[10.686654,59.472072]],[[7.980917,58.285764],[7.97868,58.280614],[7.978606,58.279707],[7.978917,58.278055],[7.978906,58.277216],[7.976774,58.268466]],[[7.976463,58.263502],[7.976351,58.263377]],[[7.976351,58.263377],[7.976173,58.263195]],[[10.670323,59.401818],[10.706801,59.396179],[10.710434,59.395492],[10.713814,59.394565],[10.716797,59.393458],[10.719806,59.392015],[10.726027,59.388818]],[[10.670221,59.401834],[10.670323,59.401818]],[[11.484796,63.788612],[11.484834,63.788904]],[[10.800061,59.90748],[10.796614,59.906256],[10.79455,59.905709]],[[10.800061,59.90748],[10.797269,59.906663],[10.794653,59.906175]],[[10.899499,63.546371],[10.899653,63.546437]],[[10.899653,63.546437],[10.901207,63.547266],[10.902344,63.548142]],[[12.405895,58.353226],[12.40615,58.353112]],[[12.40615,58.353112],[12.407905,58.352456],[12.410174,58.351879],[12.411464,58.351671],[12.41405,58.351439],[12.41632,58.351389],[12.417434,58.351462],[12.418929,58.351781],[12.420737,58.352305]],[[12.650311,58.339593],[12.651023,58.339491]],[[12.794549,58.320746],[12.823061,58.317627],[12.8253,58.317471],[12.828521,58.317419],[12.831939,58.317509],[12.834191,58.317659],[12.836633,58.317922],[12.839165,58.318308],[12.84313,58.319094],[12.850788,58.320938],[12.854953,58.321545],[12.857577,58.321707],[12.859716,58.321738],[12.861503,58.321712],[12.866069,58.321396],[12.869239,58.320976],[12.872924,58.320165],[12.892813,58.314376],[12.896289,58.313111],[12.900332,58.311417],[12.903049,58.310008],[12.904417,58.309161]],[[12.022862,60.188265],[12.024136,60.18846],[12.025818,60.188935],[12.027394,60.189528],[12.02885,60.190233]],[[11.495034,64.020691],[11.495249,64.020868]],[[11.492142,64.017431],[11.492244,64.01762]],[[11.492794,64.018477],[11.493064,64.018815]],[[12.155618,64.177099],[12.166552,64.177387],[12.170314,64.177623],[12.17319,64.177943],[12.175479,64.178297],[12.177415,64.178673],[12.179302,64.179143]],[[12.155411,64.177097],[12.155618,64.177099]],[[5.374809,60.324454],[5.374668,60.324365]],[[5.393683,60.335911],[5.392588,60.334894],[5.389198,60.332312],[5.385376,60.330305],[5.381233,60.327985],[5.376697,60.325629],[5.374809,60.324454]],[[5.39865,60.341001],[5.398423,60.340979]],[[5.398423,60.340979],[5.397153,60.340682],[5.396312,60.340231],[5.395477,60.339375],[5.394877,60.338319]],[[5.394877,60.338319],[5.394786,60.338103]],[[5.394786,60.338103],[5.394196,60.336733],[5.393683,60.335911]],[[12.158985,57.436754],[12.159426,57.436376]],[[12.159426,57.436376],[12.161355,57.434568],[12.163377,57.432102],[12.164849,57.429541],[12.165716,57.427149]],[[12.079519,57.483202],[12.079507,57.48288]],[[12.079507,57.48288],[12.078999,57.476136],[12.079093,57.474685],[12.079339,57.473618],[12.079977,57.472043],[12.080934,57.470523],[12.08221,57.469059],[12.084222,57.467373]],[[13.317588,65.255448],[13.317334,65.255559]],[[13.317334,65.255559],[13.316207,65.256052]],[[13.202036,65.842773],[13.201484,65.843282]],[[13.201484,65.843282],[13.196865,65.847518]],[[13.287176,66.010602],[13.290512,66.011077],[13.293354,66.011673],[13.297619,66.012775],[13.301789,66.014084]],[[11.03683,59.952291],[11.037876,59.952351]],[[11.054065,59.955612],[11.053473,59.955414]],[[11.063324,59.960903],[11.061499,59.959373],[11.059438,59.958033],[11.056874,59.956725],[11.054065,59.955612]],[[13.205971,65.834484],[13.20633,65.836887],[13.206065,65.838316],[13.205156,65.839827],[13.202995,65.841904]],[[13.205948,65.834349],[13.205971,65.834484]],[[11.908869,57.808645],[11.90721,57.812376],[11.906567,57.813532],[11.903311,57.817569],[11.902383,57.818947],[11.901727,57.820791],[11.901675,57.822569],[11.90225,57.824518],[11.908439,57.838868],[11.911579,57.843278],[11.912809,57.844833]],[[11.975345,57.725607],[11.973875,57.725616],[11.971858,57.725792]],[[10.72763,60.156449],[10.727474,60.156606]],[[13.120889,64.928838],[13.123556,64.930314]],[[13.12065,64.928724],[13.120889,64.928838]],[[10.383178,63.409969],[10.384011,63.413488],[10.383055,63.418158]],[[11.063385,59.960871],[11.063566,59.961051]],[[13.350443,65.143414],[13.350473,65.143555]],[[13.350473,65.143555],[13.351122,65.145233],[13.35293,65.147414],[13.353265,65.148201],[13.353561,65.149664],[13.35413,65.150656],[13.357437,65.153793],[13.358612,65.154537],[13.359823,65.155074]],[[7.503368,58.238085],[7.502896,58.238862],[7.501042,58.240284],[7.499972,58.241774],[7.4991,58.242502]],[[10.393577,63.412427],[10.39178,63.412432],[10.389919,63.412771],[10.385656,63.414293],[10.383959,63.415188]],[[13.367323,65.162952],[13.367346,65.163078]],[[10.798611,59.984502],[10.798907,59.984657]],[[10.429105,61.134534],[10.427274,61.135521],[10.423885,61.13795],[10.422046,61.139542],[10.420065,61.141517],[10.419674,61.142015],[10.419292,61.142938],[10.41955,61.145161]],[[10.438263,61.130988],[10.436128,61.132084]],[[10.464322,61.105302],[10.464508,61.106285],[10.464425,61.106838],[10.462441,61.110397]],[[10.461417,61.113186],[10.461412,61.113216]],[[10.46149,61.112773],[10.461417,61.113186]],[[12.468477,58.706275],[12.468678,58.707478],[12.468469,58.708422],[12.467845,58.709371],[12.466591,58.710475]],[[12.238279,59.023956],[12.237488,59.024272]],[[12.237488,59.024272],[12.236522,59.024715],[12.235626,59.025492],[12.235411,59.026029],[12.235387,59.027355],[12.234779,59.029224]],[[12.245793,59.002713],[12.246104,59.003335]],[[12.246259,59.003643],[12.24653,59.004415],[12.246503,59.004885],[12.245943,59.00699],[12.246122,59.00769],[12.246672,59.008446],[12.246908,59.009097],[12.246571,59.010742],[12.246969,59.012233],[12.246653,59.013875],[12.246123,59.014662],[12.244658,59.016282],[12.242961,59.019823],[12.241154,59.022278],[12.240361,59.023029],[12.239547,59.023459],[12.238279,59.023956]],[[12.410858,58.82089],[12.410774,58.821568]],[[12.410774,58.821568],[12.411039,58.822289],[12.412211,58.823521],[12.412795,58.824329],[12.413162,58.825377],[12.413204,58.826703],[12.412968,58.827728],[12.411438,58.83182],[12.40986,58.834358],[12.409909,58.835718],[12.410629,58.837616],[12.410351,58.838513],[12.409594,58.839761],[12.409514,58.842339],[12.408886,58.843339],[12.407985,58.844037],[12.407065,58.844504],[12.4045,58.845439],[12.403366,58.846114],[12.402213,58.847297],[12.401533,58.848218],[12.401029,58.849699],[12.400377,58.852776],[12.399539,58.854969],[12.399739,58.856513],[12.399673,58.856868],[12.398441,58.858975],[12.396947,58.860258],[12.396475,58.860856],[12.395675,58.86327],[12.395985,58.865235],[12.395893,58.865759],[12.395593,58.866218],[12.394069,58.86771],[12.393082,58.868935],[12.392828,58.869644],[12.39261,58.8712],[12.392052,58.872803],[12.391956,58.876294],[12.393208,58.879651],[12.393273,58.88027],[12.393069,58.880797],[12.39166,58.882631],[12.391448,58.884247],[12.392375,58.886247],[12.39271,58.8887],[12.394289,58.891195],[12.394577,58.891928],[12.394662,58.892661],[12.394418,58.893572],[12.393797,58.894619],[12.392924,58.895297],[12.391937,58.895794],[12.391057,58.896132],[12.39003,58.896395],[12.385885,58.897128]],[[12.466591,58.710475],[12.456857,58.718654]],[[12.282878,58.936273],[12.281611,58.936355]],[[12.281611,58.936355],[12.280896,58.936403]],[[12.280896,58.936403],[12.280577,58.936423]],[[12.35136,58.702036],[12.351009,58.702537]],[[11.450456,63.815633],[11.450462,63.815754]],[[11.484717,63.789506],[11.483617,63.793565]],[[10.763884,59.889283],[10.761914,59.890407],[10.759484,59.892504],[10.758033,59.894241],[10.756154,59.896112],[10.755737,59.896801],[10.755551,59.897474]],[[10.459119,59.866086],[10.465029,59.869719]],[[10.834029,59.924246],[10.83439,59.925509],[10.834308,59.926693]],[[10.834308,59.926693],[10.834176,59.927226]],[[10.834117,59.927155],[10.834242,59.926634]],[[10.841526,59.93732],[10.839234,59.936303],[10.837387,59.935035],[10.835665,59.93315],[10.834337,59.93112]],[[10.833291,59.926095],[10.834097,59.926868]],[[10.833913,59.925915],[10.834027,59.92645]],[[10.834027,59.92645],[10.834288,59.927019]],[[10.833392,59.923224],[10.833838,59.924202]],[[10.833838,59.924202],[10.833856,59.924242]],[[10.828784,59.915727],[10.829042,59.916638],[10.830446,59.918538],[10.833392,59.923224]],[[10.82879,59.915237],[10.828784,59.915727]],[[10.826562,59.912102],[10.828428,59.91416],[10.828717,59.914704],[10.82879,59.915237]],[[11.014732,59.956298],[11.016531,59.956128],[11.018431,59.955628],[11.019583,59.955088],[11.021578,59.95371],[11.023354,59.953007]],[[11.014376,59.956306],[11.014732,59.956298]],[[10.070013,59.048144],[10.067057,59.048271]],[[10.465029,59.869719],[10.467488,59.871527],[10.468879,59.872818],[10.470333,59.874496],[10.47285,59.878377],[10.474653,59.880319],[10.476098,59.88154],[10.47862,59.883197],[10.480389,59.884132],[10.482486,59.885072],[10.484677,59.885896],[10.486932,59.886604],[10.490215,59.887422],[10.500794,59.889507]],[[10.506181,59.890543],[10.503402,59.890068]],[[10.939964,59.946103],[10.941349,59.94574],[10.947408,59.944427]],[[10.252864,60.170447],[10.251307,60.169989]],[[10.249484,60.169508],[10.249332,60.169474]],[[10.782307,59.936828],[10.782129,59.937439]],[[10.792922,59.909591],[10.791974,59.909999]],[[5.470564,60.445467],[5.470422,60.446524],[5.469738,60.447446],[5.469005,60.447949],[5.468339,60.448265],[5.466566,60.448798]],[[5.472936,60.410019],[5.472461,60.408862],[5.472506,60.407498],[5.472707,60.406784],[5.473424,60.405601],[5.473542,60.405158]],[[5.455266,60.373516],[5.454614,60.372222],[5.454419,60.371246],[5.454523,60.37041],[5.455224,60.36807],[5.455265,60.367427],[5.455052,60.366669],[5.454362,60.365519]],[[5.44538,60.356671],[5.443595,60.356698]],[[10.790835,59.905285],[10.792919,59.905424],[10.794579,59.905669]],[[10.794579,59.905669],[10.796656,59.90622],[10.802712,59.908344],[10.804916,59.908839],[10.806747,59.90905],[10.808537,59.909104],[10.81532,59.908771]],[[10.753669,59.910268],[10.75781,59.909272],[10.759054,59.909044]],[[5.413339,60.347868],[5.413199,60.347743]],[[5.413199,60.347743],[5.411496,60.346104],[5.410232,60.344448],[5.409572,60.343954],[5.407974,60.343099],[5.407364,60.342661],[5.406234,60.34119],[5.405534,60.340784],[5.40495,60.340583],[5.404038,60.340423],[5.403394,60.340391]],[[5.466611,60.384918],[5.465896,60.384143],[5.465329,60.382732],[5.464791,60.38223]],[[11.100146,60.783152],[11.094422,60.78727]],[[10.296046,61.311309],[10.294777,61.312855],[10.29368,61.313834],[10.292462,61.314561],[10.289781,61.315732],[10.288263,61.316842]],[[10.767627,59.907943],[10.767938,59.907888]],[[10.790226,59.905916],[10.783442,59.905903],[10.779954,59.906088],[10.77679,59.906476],[10.769512,59.907734]],[[10.767933,59.908011],[10.767624,59.908065]],[[10.767624,59.908025],[10.767935,59.90797]],[[10.767936,59.907929],[10.767626,59.907984]],[[10.766653,59.908101],[10.766945,59.908058]],[[10.767507,59.906537],[10.768083,59.906158],[10.768595,59.905607],[10.768746,59.905211],[10.768704,59.904702]],[[10.768704,59.904702],[10.768408,59.904209],[10.767728,59.903677]],[[10.752969,59.911427],[10.753918,59.911196]],[[10.753951,59.911229],[10.752969,59.911427]],[[10.753767,59.910372],[10.758465,59.909243],[10.76054,59.908967]],[[10.750899,59.911637],[10.753553,59.910819]],[[10.750155,59.911863],[10.750899,59.911637]],[[10.759054,59.909044],[10.760179,59.908856]],[[10.753628,59.910227],[10.758427,59.909092],[10.760179,59.908856]],[[9.643904,59.67443],[9.642823,59.674279],[9.64198,59.674044]],[[9.638423,59.671001],[9.638592,59.670367]],[[9.644117,59.674444],[9.643904,59.67443]],[[9.6377,59.642684],[9.637674,59.642592]],[[9.637674,59.642592],[9.636712,59.641216]],[[9.636335,59.6564],[9.636237,59.65631]],[[9.638852,59.669993],[9.640187,59.668187],[9.64059,59.666678],[9.640491,59.665548],[9.63958,59.664226],[9.63939,59.663511]],[[9.654005,59.670288],[9.653644,59.670573]],[[9.639322,59.672322],[9.638645,59.671662],[9.638423,59.671001]],[[10.949114,59.943964],[10.948399,59.944184]],[[10.948399,59.944184],[10.947705,59.944396]],[[10.947408,59.944427],[10.947659,59.944366]],[[10.946991,59.944595],[10.941858,59.945682]],[[9.640402,59.673124],[9.639322,59.672322]],[[12.004671,57.730381],[12.004445,57.729203]],[[12.004445,57.729203],[12.003963,57.728616],[12.003441,57.728277],[12.002787,57.728],[12.001736,57.727762],[12.000444,57.727706],[11.999794,57.727771],[11.998086,57.728193]],[[12.014188,57.667595],[12.015978,57.665008]],[[11.09019,60.7906],[11.092085,60.790798],[11.093205,60.791085],[11.093748,60.791319]],[[12.00272,57.725208],[12.002536,57.725683]],[[12.002838,57.72238],[12.002915,57.722661]],[[10.227272,59.135013],[10.227049,59.135013]],[[10.36369,59.741748],[10.362216,59.74209],[10.360606,59.742343],[10.356226,59.742629],[10.348251,59.744048]],[[10.507143,59.890386],[10.511306,59.890829],[10.515077,59.890885]],[[12.359437,58.365065],[12.361961,58.364995],[12.367537,58.36528],[12.369316,58.365177],[12.371196,58.364914]],[[12.359268,58.36508],[12.359437,58.365065]],[[13.974088,66.24943],[13.975106,66.24995],[13.975927,66.250548]],[[13.976799,66.253489],[13.976125,66.254206]],[[12.006471,57.72365],[12.005348,57.723734],[12.00438,57.72397],[12.003684,57.724273],[12.003116,57.724697]],[[9.687956,59.069932],[9.689048,59.067523],[9.689455,59.066275]],[[9.686382,59.099535],[9.686124,59.099299]],[[9.686124,59.099299],[9.685702,59.098869],[9.685452,59.098359],[9.685438,59.09773],[9.68563,59.097252],[9.686171,59.096657],[9.692172,59.09164],[9.692739,59.090934],[9.694694,59.087194]],[[9.689455,59.066275],[9.689987,59.064209]],[[13.050988,64.859005],[13.052632,64.859381],[13.053878,64.859986]],[[13.331627,65.123072],[13.332697,65.125473],[13.333336,65.128665],[13.334462,65.130736],[13.335667,65.132505],[13.336756,65.133408],[13.338266,65.134168],[13.339894,65.134709],[13.343313,65.135491],[13.345559,65.136139],[13.347915,65.137043],[13.349349,65.13786],[13.35023,65.138681],[13.35072,65.139629],[13.350739,65.140459],[13.350304,65.142245],[13.350443,65.143414]],[[13.356901,65.226504],[13.353223,65.228355],[13.35081,65.229791],[13.350028,65.230563],[13.34947,65.232057],[13.348665,65.233009],[13.34336,65.236462],[13.341694,65.237248]],[[13.28574,65.621763],[13.280351,65.622536],[13.278532,65.622937],[13.27637,65.623581]],[[11.877974,58.353973],[11.876307,58.354137],[11.873826,58.354191]],[[11.873826,58.354191],[11.872272,58.354222]],[[11.315358,63.751278],[11.318833,63.752825],[11.320937,63.753604],[11.323473,63.754302],[11.32681,63.754985],[11.330744,63.755592],[11.334752,63.756015],[11.339285,63.756271],[11.344722,63.756364]],[[11.313847,63.750608],[11.315358,63.751278]],[[11.344906,63.756363],[11.351639,63.756243],[11.357757,63.755918],[11.363642,63.755404],[11.370648,63.754585]],[[11.344722,63.756364],[11.344906,63.756363]],[[11.394823,63.758624],[11.396502,63.758789]],[[11.396502,63.758789],[11.398613,63.759115],[11.402809,63.759984],[11.406272,63.760508],[11.410627,63.76103],[11.413051,63.761079]],[[5.732576,58.842373],[5.732925,58.843598]],[[5.74439,58.8593],[5.74411,58.858322],[5.743411,58.857295]],[[5.734118,58.848381],[5.734163,58.848565]],[[10.927518,60.885193],[10.924951,60.886241],[10.92255,60.887069],[10.919526,60.887924],[10.915942,60.888714]],[[11.193048,60.720057],[11.193393,60.719657]],[[11.193449,60.719593],[11.197639,60.71473]],[[5.731154,58.967305],[5.731393,58.966977]],[[5.731393,58.966977],[5.732366,58.966289]],[[9.634394,59.649034],[9.634533,59.64706],[9.634729,59.646415],[9.635422,59.64554],[9.636802,59.644547]],[[10.913519,63.46672],[10.913511,63.467191]],[[11.993096,57.715272],[11.99364,57.715604]],[[11.448231,63.825823],[11.446976,63.828777]],[[11.448281,63.825702],[11.448231,63.825823]],[[9.638666,59.659928],[9.638603,59.659825]],[[10.658965,59.917959],[10.657272,59.917238],[10.656015,59.916852],[10.654605,59.916576],[10.652077,59.916319],[10.650614,59.916077],[10.646193,59.914693],[10.643489,59.914147]],[[11.964793,60.610403],[11.96258,60.610905],[11.95946,60.611823],[11.954933,60.613342],[11.950942,60.614852],[11.946839,60.616593],[11.935889,60.621796],[11.929851,60.624272],[11.924205,60.626272],[11.896863,60.635069],[11.891367,60.636961],[11.886252,60.638962],[11.878093,60.64255],[11.875234,60.643718],[11.870851,60.645328],[11.86215,60.648231],[11.858958,60.649526],[11.856064,60.650886],[11.852372,60.652916],[11.848092,60.655628],[11.845395,60.657642],[11.843499,60.659576],[11.84233,60.661283],[11.84167,60.662748],[11.841356,60.663869],[11.841057,60.666531],[11.840757,60.667825],[11.84015,60.66934],[11.838773,60.671863]],[[12.021967,60.314732],[12.021987,60.314891]],[[6.419179,60.629511],[6.418951,60.629533]],[[6.418951,60.629533],[6.416989,60.629737],[6.415514,60.629777]],[[5.645155,58.62154],[5.645055,58.62179]],[[5.641437,58.630969],[5.635018,58.647197],[5.634331,58.650013],[5.634176,58.651641],[5.634255,58.653745]],[[13.443344,66.060322],[13.444747,66.06143],[13.445505,66.062741],[13.445557,66.063624],[13.44507,66.06544],[13.445231,66.066153]],[[13.44321,66.06024],[13.443344,66.060322]],[[10.692824,59.478404],[10.692518,59.478058]],[[9.638603,59.659825],[9.637207,59.65745],[9.636335,59.6564]],[[9.763141,59.664998],[9.762474,59.664505],[9.761513,59.663977],[9.758109,59.662765],[9.756199,59.661741],[9.754084,59.660137],[9.749402,59.655831],[9.747143,59.654388],[9.744678,59.652529],[9.740753,59.650387]],[[10.02538,59.751154],[10.024771,59.751068]],[[10.027603,59.75154],[10.02538,59.751154]],[[10.028158,59.751651],[10.027603,59.75154]],[[9.984789,59.754644],[9.983349,59.754978]],[[10.001852,59.752188],[9.997957,59.752761],[9.987963,59.754063],[9.984789,59.754644]],[[9.893819,59.763728],[9.893298,59.763059]],[[9.893298,59.763059],[9.892221,59.761186],[9.889664,59.754488],[9.888359,59.752376],[9.886864,59.750796],[9.884755,59.749137],[9.882373,59.747728],[9.879538,59.746412]],[[5.568876,60.425704],[5.566574,60.42504]],[[5.599935,60.429195],[5.599139,60.429057],[5.598258,60.428797]],[[5.618713,60.428463],[5.617493,60.428627]],[[5.745447,60.559354],[5.744414,60.559045]],[[9.90403,59.879963],[9.902343,59.879448],[9.900689,59.878821],[9.893516,59.87533],[9.891964,59.874175],[9.891008,59.873173],[9.890087,59.871879],[9.889726,59.870385],[9.88961,59.868198],[9.890013,59.866728],[9.89082,59.865453],[9.891626,59.864665],[9.894041,59.862951],[9.894693,59.861961]],[[5.734591,58.964698],[5.734753,58.964585]],[[5.808287,60.582568],[5.80484,60.580491],[5.803933,60.580056]],[[5.575072,60.428363],[5.574803,60.428268]],[[5.581822,60.43021],[5.580877,60.430436],[5.57987,60.43052],[5.579053,60.430476],[5.578151,60.430303],[5.577106,60.429841],[5.575775,60.428742],[5.575072,60.428363]],[[11.162426,60.129585],[11.163449,60.131019]],[[11.163449,60.131019],[11.164776,60.132428],[11.166312,60.133572],[11.167627,60.134319],[11.171616,60.136214],[11.173536,60.137419],[11.175279,60.139],[11.176026,60.13993],[11.176481,60.14075]],[[11.994539,57.716396],[11.994682,57.715725],[11.995518,57.713789]],[[9.68671,62.59034],[9.686967,62.590477]],[[9.689621,62.591656],[9.691351,62.592211],[9.696566,62.59364],[9.701443,62.594861]],[[12.004624,57.734664],[12.004671,57.730381]],[[12.003746,57.727738],[12.002891,57.726937]],[[5.745723,58.949134],[5.747072,58.947758],[5.751914,58.944358],[5.753096,58.943115]],[[12.004445,57.729203],[12.003746,57.727738]],[[5.727765,58.914799],[5.728307,58.914398]],[[5.728307,58.914398],[5.730726,58.912727],[5.731426,58.91208]],[[12.446245,57.864347],[12.446533,57.864459]],[[12.407387,57.831983],[12.408974,57.832512],[12.410422,57.833109],[12.41191,57.83385],[12.413062,57.834544],[12.414699,57.835789],[12.417538,57.83854],[12.418188,57.839494],[12.419961,57.844246],[12.420719,57.845546],[12.424471,57.850529],[12.427051,57.853414],[12.428341,57.855541],[12.429154,57.856409],[12.429973,57.857011],[12.430899,57.857528],[12.436921,57.860238],[12.44028,57.86235],[12.441653,57.862952],[12.443236,57.863445]],[[12.446137,57.864306],[12.446245,57.864347]],[[12.445945,57.864235],[12.446137,57.864306]],[[9.270823,59.557321],[9.270117,59.5576],[9.269177,59.557823],[9.267289,59.557955],[9.265738,59.557922]],[[9.300798,59.531261],[9.297445,59.532198],[9.295444,59.533138],[9.294676,59.533414],[9.293737,59.533607],[9.290718,59.533977],[9.28973,59.534287],[9.28885,59.534771],[9.287134,59.536068],[9.286409,59.536955],[9.286174,59.537968],[9.286771,59.539777],[9.286718,59.540404],[9.286052,59.541229],[9.285023,59.541783]],[[9.325301,59.515776],[9.323273,59.515625]],[[9.329422,59.514956],[9.326794,59.515605]],[[9.332615,59.513682],[9.331256,59.514258]],[[9.335869,59.512272],[9.332615,59.513682]],[[9.331001,59.488677],[9.330901,59.489446],[9.33161,59.490589],[9.332554,59.491446],[9.335344,59.493344]],[[9.322382,59.475999],[9.322986,59.475425],[9.32466,59.47446],[9.325265,59.473956],[9.326436,59.472387],[9.32737,59.47088],[9.327945,59.470258],[9.328922,59.469607],[9.330898,59.468683],[9.331938,59.467934],[9.332434,59.46733],[9.333022,59.46624],[9.333746,59.465435],[9.33553,59.464298],[9.337315,59.463631]],[[9.600375,59.221949],[9.599405,59.222847]],[[9.553483,59.255723],[9.552952,59.25573]],[[9.552952,59.25573],[9.552012,59.255796],[9.550811,59.256025],[9.549907,59.25633],[9.549044,59.256788],[9.548222,59.257597],[9.547792,59.258855],[9.547367,59.259483],[9.54634,59.260288],[9.544834,59.261061]],[[9.565417,59.255042],[9.564185,59.255274]],[[9.564185,59.255274],[9.562778,59.255537]],[[7.849915,58.15177],[7.848578,58.1523],[7.847444,58.15262],[7.846275,58.152815],[7.844787,58.152944]],[[6.438407,60.638901],[6.437817,60.638425]],[[6.43741,60.63808],[6.435081,60.635925],[6.43286,60.634107],[6.430815,60.632678],[6.428289,60.631161],[6.427099,60.630635],[6.425119,60.63006],[6.423243,60.629698],[6.421422,60.629495]],[[10.823243,61.740051],[10.823363,61.739868]],[[10.705453,62.075387],[10.706957,62.073825],[10.707802,62.07263],[10.708429,62.071371],[10.709297,62.068676],[10.710152,62.066806],[10.711405,62.064771],[10.712752,62.063044],[10.714481,62.061182],[10.726957,62.048662],[10.728138,62.047659],[10.729655,62.046614]],[[5.443595,60.356698],[5.439152,60.356806],[5.438041,60.356702],[5.43696,60.35644]],[[5.435127,60.355572],[5.431869,60.353859]],[[5.431869,60.353859],[5.42982,60.352747],[5.42874,60.351815],[5.427859,60.351422],[5.426985,60.351235],[5.426087,60.351172],[5.424238,60.35138]],[[5.43696,60.35644],[5.436737,60.356364]],[[5.436737,60.356364],[5.435127,60.355572]],[[5.715843,58.822155],[5.716065,58.82237]],[[5.716065,58.82237],[5.716238,58.822539]],[[5.454362,60.365519],[5.454331,60.365463]],[[5.454331,60.365463],[5.454051,60.364528],[5.454263,60.363074],[5.454183,60.36266],[5.452409,60.360513],[5.448149,60.357375],[5.446867,60.356885],[5.44538,60.356671]],[[9.687341,59.62427],[9.685977,59.626363],[9.68493,59.627136]],[[5.73915,58.905309],[5.739039,58.90539]],[[5.731426,58.91208],[5.731937,58.911095]],[[5.739075,58.905287],[5.739972,58.90441],[5.740362,58.903411],[5.739998,58.901304],[5.7401,58.89973],[5.74035,58.898712],[5.741581,58.896522],[5.745081,58.891604]],[[5.745081,58.891604],[5.745219,58.891416]],[[5.745219,58.891416],[5.747564,58.887967],[5.748489,58.885994],[5.748699,58.885256],[5.748606,58.884436],[5.747377,58.881772],[5.746829,58.878972],[5.746524,58.878342],[5.746098,58.877845]],[[9.677294,59.630944],[9.677189,59.631009]],[[9.677189,59.631009],[9.673812,59.633076],[9.672918,59.633508],[9.67207,59.633783],[9.671118,59.633979],[9.66856,59.634206],[9.667224,59.634453],[9.665814,59.634989],[9.664891,59.635635]],[[5.470645,60.445039],[5.470621,60.445112]],[[5.524076,60.420581],[5.521607,60.421001],[5.518977,60.421795]],[[5.540375,60.422651],[5.53834,60.422292],[5.534536,60.421266],[5.532611,60.420855],[5.529707,60.420494],[5.527051,60.420404]],[[5.557022,60.422655],[5.55444,60.422679]],[[12.242931,57.683251],[12.243831,57.683476]],[[12.243831,57.683476],[12.250315,57.685169],[12.251793,57.685471],[12.253412,57.685623],[12.257761,57.685712],[12.260041,57.685993]],[[11.097308,60.193278],[11.097597,60.193785]],[[11.366342,61.129893],[11.367706,61.131274],[11.368424,61.132204],[11.370476,61.136728]],[[5.698206,60.451456],[5.691522,60.450519],[5.652397,60.44405],[5.649039,60.443419],[5.644593,60.442272],[5.641634,60.441273],[5.63883,60.440141],[5.636384,60.438869],[5.634144,60.437487],[5.63219,60.436003],[5.625999,60.430204]],[[9.636397,59.640819],[9.636044,59.640018],[9.636257,59.638579],[9.636189,59.637976],[9.635127,59.636216]],[[9.619422,59.630004],[9.618049,59.629688],[9.617095,59.629585],[9.615256,59.629615],[9.614204,59.629754]],[[5.620848,60.428272],[5.619349,60.428398]],[[5.625595,60.429851],[5.624777,60.429209]],[[5.720933,60.452573],[5.719871,60.452554]],[[5.727299,60.454224],[5.724122,60.452954],[5.722574,60.452659],[5.720933,60.452573]],[[11.006503,60.816144],[11.006051,60.816834],[11.00606,60.817467],[11.006374,60.817988],[11.00749,60.81915],[11.007655,60.819698],[11.007513,60.820263]],[[5.67431,58.576107],[5.67423,58.576228]],[[5.6741,58.57643],[5.669611,58.583514],[5.667586,58.586133],[5.663395,58.590466],[5.655919,58.596864],[5.654964,58.597849],[5.654296,58.598731],[5.653659,58.599914],[5.646918,58.617055]],[[5.804402,58.503831],[5.802982,58.504538],[5.802034,58.505367]],[[5.813057,58.499339],[5.81145,58.500054],[5.810741,58.500565],[5.809343,58.501841],[5.807825,58.502529]],[[5.931138,58.472925],[5.921635,58.4749]],[[5.939875,58.471802],[5.938093,58.47187],[5.935916,58.472089],[5.931138,58.472925]],[[6.656341,58.424412],[6.655593,58.424751]],[[6.657185,58.423823],[6.656341,58.424412]],[[6.681477,58.421879],[6.680546,58.422039],[6.67937,58.422109]],[[6.794201,58.40509],[6.792247,58.405471],[6.791396,58.405514],[6.790291,58.40546],[6.770255,58.402557],[6.76882,58.402439]],[[6.801154,58.39806],[6.799963,58.39958],[6.797468,58.401678],[6.795881,58.404068],[6.795223,58.404593],[6.794201,58.40509]],[[6.821317,58.382386],[6.820209,58.382304],[6.819241,58.38233]],[[6.835611,58.383991],[6.835375,58.383966]],[[7.010826,58.372536],[7.009791,58.372593],[7.008761,58.372557]],[[7.030895,58.361745],[7.028318,58.362011],[7.026533,58.362288],[7.024334,58.362794],[7.023151,58.363214],[7.021775,58.364035],[7.018881,58.366783]],[[7.367045,58.286265],[7.365889,58.286466],[7.364598,58.286898],[7.363628,58.287463],[7.362947,58.288164]],[[7.372426,58.285535],[7.370805,58.285947],[7.367045,58.286265]],[[7.85954,58.150909],[7.858088,58.150822],[7.853513,58.150999],[7.852266,58.151131],[7.851077,58.151386]],[[7.870166,58.155096],[7.868799,58.154003],[7.8674,58.153301],[7.861784,58.151384],[7.860508,58.151053],[7.85954,58.150909]],[[7.972664,58.150127],[7.970897,58.15114],[7.969447,58.151766],[7.968007,58.152141],[7.966294,58.15226]],[[9.589731,59.637026],[9.58957,59.637072]],[[9.621261,59.630511],[9.619422,59.630004]],[[9.62145,59.630564],[9.621261,59.630511]],[[5.724321,60.529126],[5.724864,60.527342],[5.72439,60.525625],[5.724922,60.52419],[5.724457,60.522886],[5.724433,60.522037]],[[10.701035,60.927717],[10.70057,60.928182]],[[10.70057,60.928182],[10.700487,60.928259]],[[5.726241,60.511609],[5.726693,60.510282],[5.727883,60.504968]],[[5.729065,60.50239],[5.730993,60.501191],[5.73146,60.500586],[5.731612,60.499987]],[[5.738933,60.476335],[5.739825,60.474783]],[[5.738654,60.476659],[5.738895,60.47638]],[[5.738895,60.47638],[5.738933,60.476335]],[[5.74085,60.463614],[5.739544,60.46166],[5.739339,60.459378]],[[5.740918,60.463706],[5.74085,60.463614]],[[10.696546,60.794151],[10.696376,60.794421]],[[10.696342,60.794477],[10.694427,60.797529]],[[10.694427,60.797529],[10.694121,60.798016]],[[10.696939,60.790021],[10.696918,60.790204]],[[10.696918,60.790204],[10.696993,60.792674]],[[10.660198,60.784339],[10.667451,60.784448],[10.668995,60.78468],[10.67184,60.785431],[10.673737,60.785604],[10.675172,60.785516],[10.676559,60.785233],[10.677711,60.784789],[10.678477,60.78431]],[[5.617493,60.428627],[5.615544,60.428829]],[[5.608237,60.429009],[5.606773,60.429221]],[[5.611769,60.428716],[5.611257,60.428698]],[[5.606342,60.429253],[5.600988,60.429276]],[[9.614204,59.629754],[9.613597,59.629878]],[[5.739825,60.474783],[5.740501,60.474118],[5.742514,60.473214],[5.743448,60.472581]],[[5.743782,60.472329],[5.744417,60.471791]],[[5.541974,60.422765],[5.540375,60.422651]],[[5.548611,60.422734],[5.54825,60.422738]],[[5.547396,60.422742],[5.541974,60.422765]],[[5.54825,60.422738],[5.54801,60.42274]],[[5.55444,60.422679],[5.548611,60.422734]],[[5.610341,60.428686],[5.609754,60.428725]],[[5.611257,60.428698],[5.610501,60.428683]],[[5.610501,60.428683],[5.610341,60.428686]],[[5.609754,60.428725],[5.608237,60.429009]],[[5.761814,60.574253],[5.761549,60.573732],[5.761239,60.572031],[5.760804,60.571487],[5.759567,60.570504]],[[5.767832,60.577276],[5.766512,60.576616],[5.762856,60.575052],[5.762195,60.574632],[5.761814,60.574253]],[[12.223597,58.05177],[12.218956,58.048624],[12.208073,58.041671],[12.196629,58.035114],[12.189672,58.031339]],[[9.303606,59.403002],[9.299523,59.402492],[9.297569,59.402177]],[[9.304011,59.403046],[9.303606,59.403002]],[[10.693309,60.779913],[10.693682,60.780642]],[[10.693682,60.780642],[10.693699,60.780675]],[[5.648433,58.730651],[5.64848,58.730833]],[[5.647319,58.726397],[5.647349,58.726507]],[[5.647349,58.726507],[5.648353,58.73034]],[[5.639121,58.664009],[5.6393,58.66424]],[[5.639595,58.664622],[5.642365,58.668225]],[[5.642544,58.668455],[5.642557,58.668471]],[[5.642557,58.668471],[5.643636,58.669876]],[[5.647115,58.674397],[5.647215,58.674533]],[[5.647215,58.674533],[5.653391,58.682558]],[[9.565564,59.629716],[9.563811,59.629324],[9.56197,59.629264],[9.55522,59.630262],[9.553346,59.63036],[9.551555,59.630124],[9.548594,59.629253],[9.546702,59.629096],[9.545736,59.629151],[9.54457,59.629351],[9.54242,59.630097]],[[5.648583,58.731217],[5.649251,58.734125],[5.649856,58.735744]],[[11.477305,63.785992],[11.481386,63.786759]],[[11.481386,63.786759],[11.482748,63.787082],[11.483688,63.787475],[11.484412,63.787996],[11.484796,63.788612]],[[10.696993,60.792674],[10.69689,60.793444]],[[10.69689,60.793444],[10.696546,60.794151]],[[8.616066,60.648394],[8.615888,60.648353]],[[8.60913,60.646829],[8.60716,60.646525],[8.603409,60.646348],[8.602096,60.646073],[8.601232,60.645761],[8.600301,60.645224],[8.597148,60.642504],[8.595758,60.641768],[8.593032,60.640694],[8.592361,60.640238],[8.59173,60.639564]],[[10.800588,59.849232],[10.799365,59.84954]],[[10.802542,59.795079],[10.802914,59.797414],[10.80429,59.800488],[10.804473,59.803618],[10.805086,59.80554]],[[12.235587,57.754506],[12.237899,57.754611],[12.241982,57.754367],[12.244283,57.754313],[12.246524,57.754534],[12.248014,57.754849],[12.249424,57.755286],[12.251119,57.756125],[12.252474,57.757169],[12.257367,57.761623],[12.259592,57.763342]],[[12.259592,57.763342],[12.259994,57.763608]],[[12.305119,57.785443],[12.305637,57.785683]],[[12.286041,57.777275],[12.288537,57.778557],[12.295694,57.781438],[12.305119,57.785443]],[[12.285396,57.776897],[12.286041,57.777275]],[[12.282715,57.775362],[12.285396,57.776897]],[[12.305637,57.785683],[12.307689,57.786835],[12.316187,57.792958]],[[12.316187,57.792958],[12.319483,57.795396],[12.321487,57.796522],[12.323763,57.797394],[12.32785,57.798601]],[[12.32785,57.798601],[12.337371,57.801454],[12.339558,57.801936],[12.345039,57.802808],[12.347089,57.803342],[12.348911,57.804151],[12.353061,57.806766],[12.354292,57.80733],[12.356507,57.808116]],[[12.356507,57.808116],[12.357147,57.808333]],[[12.276788,57.771537],[12.282583,57.775277]],[[12.282583,57.775277],[12.282715,57.775362]],[[7.955749,58.154024],[7.955224,58.154131]],[[7.955224,58.154131],[7.952858,58.154449]],[[7.953561,58.156399],[7.953821,58.156705]],[[7.953821,58.156705],[7.954189,58.157643],[7.954127,58.158532],[7.952033,58.161963]],[[7.952858,58.154449],[7.951569,58.154599]],[[7.951569,58.154599],[7.948358,58.154953]],[[7.939853,58.153713],[7.93814,58.153388]],[[7.93814,58.153388],[7.937962,58.153366]],[[5.817439,60.593195],[5.817197,60.592633],[5.817216,60.591963],[5.817503,60.591372],[5.818512,60.589983],[5.81867,60.589093]],[[6.205506,60.632509],[6.203436,60.634082],[6.201882,60.634759]],[[6.266797,60.632198],[6.266036,60.632048]],[[6.279415,60.631608],[6.275752,60.632322],[6.273209,60.632587],[6.271343,60.632629],[6.269748,60.632566],[6.266797,60.632198]],[[6.292288,60.629257],[6.287763,60.629916],[6.280196,60.631444]],[[6.381951,60.622629],[6.379251,60.622381],[6.377066,60.622302],[6.374238,60.622356],[6.371537,60.622576],[6.340456,60.627422],[6.334346,60.628181],[6.328234,60.628725],[6.322699,60.629038],[6.317043,60.629185],[6.310741,60.629146],[6.303091,60.628852],[6.300079,60.628806],[6.296614,60.628904],[6.292717,60.629209]],[[7.023147,60.725174],[7.021932,60.725158],[7.020769,60.725253]],[[7.019959,60.7254],[7.017321,60.725873],[7.015378,60.72591],[7.013901,60.725734],[7.008464,60.72468],[7.007105,60.724571],[7.004275,60.724496]],[[7.003895,60.724442],[7.002438,60.724071],[7.001165,60.723389]],[[6.998923,60.7216],[6.99708,60.720035],[6.996157,60.718486],[6.995597,60.717861],[6.993038,60.716005]],[[6.987627,60.71176],[6.986498,60.711292]],[[6.985374,60.710893],[6.974236,60.70786],[6.972902,60.707434],[6.971208,60.706585],[6.968445,60.704566],[6.967461,60.704097],[6.966007,60.703564],[6.964049,60.703052],[6.959213,60.702429]],[[6.958757,60.702335],[6.956891,60.701872]],[[6.956891,60.701872],[6.949895,60.699547]],[[6.917547,60.706201],[6.914589,60.706037],[6.912061,60.706089],[6.909205,60.706381],[6.906647,60.706881]],[[6.940689,60.70387],[6.939241,60.704841],[6.937222,60.70575],[6.934938,60.70641],[6.932604,60.706805],[6.930616,60.706959],[6.928694,60.706963],[6.920425,60.706403]],[[6.948778,60.699391],[6.947319,60.699398],[6.946071,60.699595]],[[6.899994,60.708937],[6.898517,60.709036],[6.897255,60.708965],[6.896037,60.708748],[6.894954,60.708397]],[[6.900275,60.708894],[6.899994,60.708937]],[[6.906647,60.706881],[6.904717,60.707436],[6.901451,60.708619]],[[6.901314,60.708662],[6.900275,60.708894]],[[6.845667,60.698053],[6.84479,60.697795],[6.844004,60.69742],[6.843424,60.696964],[6.843107,60.696518]],[[6.846939,60.698236],[6.846162,60.698147]],[[6.847429,60.698256],[6.846939,60.698236]],[[6.807869,60.682376],[6.807813,60.682308]],[[6.807813,60.682308],[6.807058,60.680943],[6.806845,60.678954],[6.806995,60.676503],[6.807768,60.673053],[6.807748,60.672275],[6.807503,60.671577],[6.806978,60.670829],[6.80633,60.670237],[6.805422,60.669644]],[[6.805422,60.669644],[6.805254,60.669549]],[[6.802375,60.668328],[6.800787,60.667974],[6.799751,60.667917],[6.798842,60.667963],[6.797428,60.668231],[6.795312,60.669027],[6.79359,60.669439],[6.791024,60.669715],[6.788141,60.66978],[6.785774,60.669644],[6.782472,60.669252],[6.781667,60.669243],[6.77934,60.669402],[6.778204,60.669329],[6.776778,60.66901],[6.775209,60.668306],[6.774247,60.667996],[6.773117,60.667814],[6.771843,60.667775]],[[7.93345,58.223245],[7.933311,58.223075]],[[9.636712,59.641216],[9.636397,59.640819]],[[11.280489,60.793785],[11.284411,60.794845],[11.287578,60.795561],[11.289003,60.795821],[11.292539,60.796265]],[[11.279107,60.793396],[11.280489,60.793785]],[[9.512351,59.632146],[9.510844,59.631591]],[[9.512621,59.632243],[9.512351,59.632146]],[[9.063122,59.092173],[9.063336,59.091845]],[[9.064819,59.090277],[9.065598,59.089467],[9.06599,59.088766],[9.06693,59.084816],[9.067591,59.082743],[9.067573,59.080749],[9.068159,59.079371],[9.068255,59.078841],[9.067983,59.076802],[9.068069,59.075634],[9.068591,59.073571],[9.069456,59.072335]],[[9.054088,59.398258],[9.053946,59.398104]],[[10.184466,60.140082],[10.181848,60.139218]],[[10.15354,60.125932],[10.1528,60.125078],[10.152199,60.123609],[10.150918,60.121878],[10.150538,60.120659],[10.150121,60.118479],[10.149748,60.11761],[10.149165,60.116799],[10.148659,60.116289],[10.147574,60.115577],[10.144254,60.114317],[10.143053,60.113548],[10.141851,60.111922],[10.140841,60.11084],[10.138962,60.109213],[10.136655,60.107413]],[[7.132487,60.745579],[7.13526,60.746686]],[[7.491396,60.603653],[7.48815,60.603789],[7.48438,60.604129],[7.481307,60.604559],[7.478491,60.605084],[7.475519,60.605775],[7.440787,60.614487],[7.435006,60.616119],[7.393041,60.629134]],[[11.029743,60.805135],[11.029517,60.805291]],[[10.585579,60.619989],[10.58571,60.620084]],[[10.584771,60.614299],[10.584364,60.616326]],[[10.585293,60.613],[10.584771,60.614299]],[[10.574669,60.59615],[10.575349,60.597841],[10.57807,60.601293],[10.580116,60.605081],[10.580755,60.605747],[10.583206,60.607717],[10.585138,60.60998]],[[10.626692,60.751944],[10.626784,60.752006]],[[10.626784,60.752006],[10.628658,60.75315],[10.629241,60.753686],[10.629505,60.754365],[10.629416,60.75565],[10.629819,60.756332],[10.630496,60.75684],[10.6319,60.757481]],[[10.623515,60.28243],[10.625224,60.282028],[10.627231,60.281868]],[[10.623394,60.282521],[10.618393,60.284216],[10.616957,60.284552]],[[10.580112,60.293382],[10.579817,60.29339]],[[10.573498,60.29359],[10.569104,60.293859],[10.56716,60.293771],[10.565088,60.293351],[10.560592,60.291599],[10.558899,60.291175],[10.557808,60.291047],[10.556487,60.291027],[10.555223,60.291137],[10.553432,60.29141]],[[10.593538,60.29466],[10.593395,60.294739]],[[10.664072,60.257623],[10.664051,60.257797]],[[11.043757,60.798642],[11.036188,60.800703],[11.03451,60.801307],[11.033437,60.801869],[11.032674,60.802403],[11.030959,60.80416],[11.029743,60.805135]],[[11.043988,60.798579],[11.043757,60.798642]],[[11.058675,60.794595],[11.058464,60.794652]],[[11.058464,60.794652],[11.043988,60.798579]],[[11.063703,60.793594],[11.063484,60.793615]],[[11.063484,60.793615],[11.061896,60.793823]],[[11.067274,60.793622],[11.065454,60.793508],[11.063703,60.793594]],[[11.067526,60.793645],[11.067274,60.793622]],[[11.073817,60.792099],[11.073696,60.792161]],[[11.072112,60.793073],[11.07125,60.793373],[11.07008,60.793614]],[[11.00564,60.821611],[11.00201,60.823107],[10.992164,60.826418]],[[11.007513,60.820263],[11.007454,60.820363]],[[10.956999,60.863108],[10.956563,60.864686],[10.955596,60.865881],[10.954571,60.866644],[10.951275,60.868731],[10.947896,60.872326],[10.946849,60.873112],[10.944632,60.874416]],[[10.964993,60.844937],[10.964965,60.845021]],[[7.118875,60.824283],[7.120262,60.827147],[7.120922,60.827788],[7.121627,60.828104]],[[7.106667,60.756369],[7.104997,60.756591],[7.103856,60.75694],[7.103129,60.757267],[7.101656,60.758219]],[[7.123524,60.748185],[7.122687,60.748341],[7.122069,60.748557],[7.11056,60.756025],[7.109978,60.756228],[7.109095,60.756384],[7.106667,60.756369]],[[7.101656,60.758219],[7.100551,60.759196],[7.10003,60.75949],[7.098606,60.759977],[7.097656,60.760542],[7.097189,60.761355],[7.097089,60.761908],[7.097233,60.762307],[7.097961,60.762964],[7.10257,60.764921],[7.102999,60.765283],[7.103112,60.765769]],[[7.135805,60.747299],[7.13568,60.747964],[7.135417,60.748208],[7.134596,60.748637],[7.133406,60.748844],[7.132289,60.748778],[7.131404,60.748617],[7.130213,60.748016],[7.129209,60.74779]],[[7.13526,60.746686],[7.135805,60.747299]],[[7.128069,60.742374],[7.128206,60.743064],[7.128803,60.743574],[7.12989,60.743929],[7.13121,60.743997],[7.132288,60.743805],[7.133492,60.743308],[7.134524,60.742699],[7.135877,60.741685]],[[7.102562,60.774707],[7.102392,60.775513],[7.102641,60.776263]],[[7.127952,60.741407],[7.128065,60.741923]],[[7.129209,60.74779],[7.128142,60.747791],[7.125751,60.748169],[7.123524,60.748185]],[[7.097855,60.781968],[7.098042,60.782576],[7.097543,60.783591]],[[7.097126,60.783973],[7.096618,60.784226]],[[7.118543,60.806378],[7.118948,60.806365]],[[7.123467,60.808927],[7.123575,60.809642]],[[7.118948,60.806365],[7.119911,60.806422]],[[7.123575,60.809642],[7.124525,60.811017],[7.124261,60.81185]],[[7.118704,60.823209],[7.118595,60.823605],[7.118739,60.824029]],[[7.121283,60.733325],[7.122003,60.733731],[7.122497,60.734275],[7.122642,60.734767],[7.122523,60.735572]],[[7.671675,60.552127],[7.667485,60.55276],[7.659907,60.554315],[7.656614,60.55475],[7.653709,60.554975],[7.650854,60.555059],[7.648019,60.555011],[7.640524,60.554438],[7.637619,60.554291],[7.634851,60.554282],[7.632326,60.554379]],[[7.807308,60.532917],[7.806189,60.532736],[7.805343,60.532473],[7.804756,60.532192],[7.804158,60.531743]],[[7.126132,60.743644],[7.127596,60.744793],[7.128221,60.745032],[7.128823,60.745142]],[[7.094624,60.786299],[7.094505,60.786977],[7.094932,60.787764],[7.095396,60.788051],[7.096984,60.788594]],[[7.097548,60.780514],[7.097243,60.781101],[7.097732,60.781822]],[[7.127517,60.740851],[7.127952,60.741407]],[[7.126249,60.740204],[7.127517,60.740851]],[[7.119326,60.822671],[7.119052,60.822841]],[[7.124261,60.81185],[7.124128,60.812557],[7.124203,60.813701],[7.123987,60.814669],[7.123683,60.8153],[7.122917,60.816218],[7.122773,60.816556],[7.123136,60.817767],[7.123086,60.818126],[7.12279,60.818487],[7.121758,60.819218],[7.121084,60.820046],[7.12088,60.820501],[7.120889,60.821473],[7.120714,60.821869],[7.12037,60.822173],[7.119326,60.822671]],[[7.123435,60.807555],[7.123556,60.808011],[7.123467,60.808927]],[[7.122563,60.806974],[7.123086,60.807224],[7.123435,60.807555]],[[7.108003,60.80041],[7.108446,60.800992],[7.109204,60.801477]],[[7.097852,60.790146],[7.097638,60.790708],[7.097867,60.791166],[7.100181,60.792639],[7.100544,60.792975],[7.101025,60.793763],[7.101933,60.794639],[7.102219,60.795467],[7.102381,60.796767],[7.102651,60.797194],[7.104317,60.798544],[7.107258,60.799811],[7.107665,60.80005],[7.108003,60.80041]],[[7.111709,60.802925],[7.112108,60.80394],[7.112491,60.804375]],[[7.109204,60.801477],[7.111191,60.80248],[7.111709,60.802925]],[[7.129264,60.745165],[7.130922,60.745152],[7.131531,60.745256],[7.132487,60.745579]],[[7.128823,60.745142],[7.129264,60.745165]],[[7.103438,60.777438],[7.103419,60.777544]],[[7.102641,60.776263],[7.103276,60.776913],[7.103438,60.777438]],[[7.102112,60.778518],[7.100305,60.778808],[7.099455,60.779068],[7.098933,60.779378],[7.097548,60.780514]],[[7.117832,60.806386],[7.118543,60.806378]],[[7.112491,60.804375],[7.113741,60.805273],[7.114436,60.80563],[7.116774,60.806246],[7.117832,60.806386]],[[9.904542,59.770737],[9.903938,59.771082]],[[9.822118,59.716238],[9.821904,59.71615]],[[9.872314,59.738948],[9.872148,59.738864]],[[9.779542,59.679636],[9.779392,59.679538]],[[9.739221,59.648769],[9.739176,59.648669]],[[9.659382,59.658362],[9.659304,59.658717]],[[9.659304,59.658717],[9.65881,59.659581],[9.65496,59.663722],[9.65449,59.664406]],[[10.207839,59.738982],[10.208581,59.738656]],[[9.540428,61.680736],[9.540466,61.680795]],[[9.583839,61.664333],[9.579658,61.665348],[9.576408,61.665998],[9.563479,61.66779],[9.561899,61.668069],[9.56032,61.668468],[9.551142,61.671935],[9.550068,61.67255],[9.547832,61.674268],[9.545453,61.675384]],[[10.460592,61.117274],[10.460235,61.118049],[10.459656,61.118666],[10.459022,61.119079],[10.457299,61.119922]],[[10.460674,61.116999],[10.460592,61.117274]],[[11.013197,59.956273],[11.013663,59.956297]],[[10.228465,59.740573],[10.229149,59.741107]],[[12.276387,57.771288],[12.276788,57.771537]],[[5.745288,58.891438],[5.745155,58.891624]],[[5.745155,58.891624],[5.741659,58.89654],[5.740674,58.89848],[5.740404,58.899282],[5.740235,58.900619],[5.740415,58.903587],[5.740049,58.904419],[5.73915,58.905309]],[[5.732019,58.911099],[5.731514,58.912094]],[[5.731514,58.912094],[5.730815,58.912746],[5.728383,58.914429]],[[5.728383,58.914429],[5.727829,58.914842]],[[5.753176,58.943128],[5.7519,58.944449],[5.747135,58.947782]],[[5.744169,58.867788],[5.744177,58.867583]],[[5.744177,58.867583],[5.744289,58.865703],[5.744761,58.862988]],[[5.744761,58.862988],[5.744752,58.86278]],[[5.744252,58.867584],[5.744246,58.867787]],[[5.744246,58.867787],[5.744152,58.868918],[5.743866,58.869587],[5.743268,58.870308],[5.741383,58.871834],[5.740896,58.872618],[5.74077,58.873383],[5.741022,58.874253],[5.741714,58.875093],[5.742587,58.8757],[5.744949,58.876982]],[[5.744826,58.862779],[5.744838,58.862988]],[[5.744838,58.862988],[5.744338,58.865877],[5.744252,58.867584]],[[5.743049,58.856837],[5.743538,58.857302]],[[5.743538,58.857302],[5.744161,58.858187],[5.744468,58.859293]],[[5.743411,58.857295],[5.742973,58.856869]],[[5.742973,58.856869],[5.742239,58.856307]],[[5.734239,58.848869],[5.734334,58.849241]],[[5.739825,58.854553],[5.740524,58.855038]],[[10.273817,63.286496],[10.273645,63.286636]],[[10.317509,63.299062],[10.31956,63.299413],[10.320965,63.299774],[10.322173,63.300275],[10.323784,63.301132],[10.324992,63.301578],[10.326213,63.301862],[10.329851,63.302494],[10.33104,63.302856],[10.332307,63.303407]],[[12.259994,57.763608],[12.263923,57.765981],[12.265461,57.766813],[12.268198,57.767973],[12.273263,57.769701],[12.275082,57.770508],[12.276387,57.771288]],[[5.747135,58.947782],[5.745753,58.9492]],[[5.735011,58.964488],[5.7346,58.964869]],[[5.734524,58.964936],[5.732618,58.966335]],[[12.024252,57.64698],[12.02439,57.646802]],[[12.02439,57.646802],[12.039116,57.627587]],[[12.039162,57.627527],[12.042276,57.623469],[12.043123,57.622206],[12.050643,57.605944],[12.051855,57.604426],[12.053876,57.602813]],[[12.039116,57.627587],[12.039162,57.627527]],[[7.837101,58.15552],[7.833685,58.158441]],[[12.907241,58.307015],[12.910135,58.304529],[12.911988,58.302669]],[[6.445256,60.639601],[6.444361,60.639868],[6.443593,60.640004],[6.441919,60.640059],[6.440249,60.639795],[6.439503,60.639544],[6.43875,60.639143]],[[9.260781,59.393861],[9.257945,59.394256]],[[9.257945,59.394256],[9.256054,59.394402]],[[11.269103,58.866819],[11.270862,58.868336],[11.272828,58.869628],[11.274089,58.87023],[11.284734,58.8747],[11.285859,58.87524],[11.286942,58.875893]],[[11.253083,58.802284],[11.25309,58.805263],[11.252924,58.806417],[11.250755,58.810239],[11.250297,58.811831],[11.250326,58.815888],[11.24952,58.81825],[11.249075,58.820313],[11.249061,58.821708],[11.24932,58.823217],[11.250618,58.827567],[11.251084,58.828654],[11.255191,58.835358],[11.257309,58.837625],[11.258385,58.839151],[11.261846,58.848537],[11.262076,58.849795],[11.262063,58.851045],[11.261872,58.852176],[11.261375,58.853504],[11.259887,58.856564],[11.259685,58.857261],[11.259727,58.858294],[11.260023,58.859286],[11.26063,58.86024],[11.261883,58.86149],[11.263274,58.862414],[11.269103,58.866819]],[[11.240249,58.934272],[11.239478,58.934425]],[[11.251474,58.931963],[11.249666,58.932416],[11.24334,58.933676]],[[11.253998,58.931102],[11.251474,58.931963]],[[6.536942,60.667363],[6.536788,60.667309]],[[6.543503,60.668016],[6.541748,60.667806],[6.539069,60.667748],[6.537892,60.667608]],[[6.54873,60.668679],[6.546875,60.668598],[6.544076,60.668115]],[[6.553328,60.668301],[6.551874,60.66836],[6.54873,60.668679]],[[6.556777,60.668753],[6.555123,60.668389],[6.553328,60.668301]],[[6.558177,60.67167],[6.558683,60.670671]],[[6.558683,60.670671],[6.558554,60.670036],[6.558249,60.669616],[6.557552,60.669097],[6.556777,60.668753]],[[6.579422,60.679513],[6.576236,60.679494]],[[6.575591,60.679399],[6.574621,60.67915],[6.573027,60.678466],[6.572158,60.678194],[6.571231,60.678033],[6.568997,60.677866],[6.568247,60.677733],[6.565269,60.676765],[6.562489,60.676149],[6.560809,60.675656],[6.55938,60.675079],[6.558134,60.674388],[6.557576,60.673818],[6.557367,60.673157]],[[6.658589,60.678587],[6.654548,60.678242],[6.65314,60.678252],[6.651865,60.678354],[6.64787,60.678991],[6.644057,60.680086],[6.642862,60.680307],[6.641764,60.680418],[6.640174,60.680428],[6.63375,60.679989],[6.632123,60.679999],[6.630448,60.680125]],[[6.705068,60.671786],[6.704213,60.671847],[6.703228,60.672024],[6.701922,60.672508],[6.701073,60.673157],[6.700343,60.674253],[6.699877,60.674732],[6.699063,60.675308],[6.697937,60.675844],[6.696888,60.676187],[6.693499,60.676979],[6.690689,60.677777],[6.68962,60.678185],[6.688092,60.678948],[6.686974,60.679342],[6.680441,60.680977]],[[6.713792,60.67451],[6.712777,60.673754],[6.710194,60.672832],[6.707076,60.671964],[6.70598,60.67181],[6.705068,60.671786]],[[6.941659,60.703123],[6.940689,60.70387]],[[6.943235,60.701807],[6.942636,60.702366]],[[6.946071,60.699595],[6.944908,60.699999],[6.944173,60.700456],[6.943817,60.70082],[6.943235,60.701807]],[[7.135423,60.738887],[7.127921,60.739618],[7.126552,60.739583],[7.125,60.739317]],[[7.141553,60.73808],[7.140344,60.73838],[7.138336,60.738602]],[[7.143356,60.736748],[7.142833,60.737384]],[[7.143693,60.736009],[7.143356,60.736748]],[[7.144245,60.735355],[7.143766,60.735883]],[[7.145723,60.734548],[7.144552,60.735128]],[[7.187002,60.727272],[7.184151,60.728016],[7.182798,60.728647]],[[10.792993,59.849164],[10.791378,59.848918],[10.789626,59.848961],[10.788012,59.84926],[10.786595,59.849827],[10.785744,59.850478],[10.784956,59.851347],[10.784675,59.851846],[10.784661,59.852702],[10.785176,59.853667]],[[6.017894,60.643856],[6.017615,60.644006]],[[6.022332,60.642421],[6.018966,60.643434],[6.017894,60.643856]],[[6.026555,60.641312],[6.024972,60.641642],[6.022332,60.642421]],[[6.041227,60.640903],[6.040564,60.640967]],[[5.79285,60.580859],[5.789524,60.58126],[5.786419,60.581396],[5.783474,60.581328],[5.780026,60.580998],[5.77629,60.580305],[5.771483,60.578982],[5.770065,60.578456],[5.768174,60.577459]],[[5.726319,60.544252],[5.721988,60.540279],[5.721341,60.539214],[5.721356,60.53814],[5.723371,60.533479]],[[5.733896,60.481351],[5.733938,60.480381],[5.734434,60.479516],[5.735476,60.478651],[5.737476,60.477497]],[[9.910748,59.886417],[9.909488,59.88559]],[[9.909488,59.88559],[9.909122,59.885318]],[[10.023102,59.051331],[10.022759,59.051506]],[[7.988542,58.145738],[7.983977,58.14575]],[[7.974674,58.14906],[7.977901,58.147556],[7.979568,58.146449],[7.980663,58.146049]],[[7.953327,58.156187],[7.953561,58.156399]],[[7.368847,58.316754],[7.368477,58.317218]],[[11.029517,60.805291],[11.027593,60.806376],[11.023424,60.808281],[11.019729,60.810618],[11.018695,60.811151],[11.016998,60.811765],[11.012932,60.812781],[11.010704,60.813559]],[[11.419181,62.672458],[11.419403,62.671877]],[[7.211076,60.69298],[7.210367,60.69353],[7.209904,60.694308]],[[7.210357,60.70039],[7.210715,60.700914]],[[7.21676,60.691156],[7.214864,60.691872],[7.212196,60.692534]],[[7.243353,60.670227],[7.242113,60.67066]],[[7.256562,60.662674],[7.256332,60.663439],[7.256824,60.665327]],[[7.283119,60.653794],[7.281994,60.654408]],[[7.293693,60.655043],[7.292298,60.655],[7.291182,60.654804],[7.290416,60.65456],[7.288487,60.653735],[7.286812,60.653368]],[[7.295896,60.654641],[7.294905,60.654901],[7.293693,60.655043]],[[7.310225,60.653652],[7.303723,60.653151]],[[7.573485,60.571548],[7.572074,60.573692]],[[7.576144,60.568039],[7.574988,60.569344],[7.573485,60.571548]],[[7.990236,60.503211],[7.981863,60.503688]],[[7.971268,60.503509],[7.969192,60.503209],[7.965569,60.502343],[7.963575,60.502015],[7.96117,60.501879],[7.95883,60.502006]],[[8.002546,60.502506],[8.000997,60.502595]],[[8.056985,60.488497],[8.055988,60.488773],[8.055042,60.489245],[8.053379,60.490865],[8.051412,60.492061],[8.050381,60.492869]],[[8.060417,60.488454],[8.058677,60.488321]],[[8.099006,60.512729],[8.097695,60.510054],[8.097329,60.508179],[8.097034,60.50749],[8.095618,60.505757],[8.094651,60.504181],[8.093566,60.503254],[8.092018,60.502547],[8.085313,60.500388],[8.074154,60.497661],[8.072789,60.497145],[8.071628,60.49654]],[[8.111104,60.517718],[8.109245,60.516732],[8.106945,60.515788]],[[7.198608,60.72067],[7.198088,60.721619],[7.197049,60.722478],[7.196004,60.722998],[7.193295,60.724017]],[[7.206894,60.718585],[7.206356,60.718547]],[[8.24356,60.548716],[8.24233,60.548411],[8.241375,60.547984],[8.240767,60.547505],[8.239662,60.54609],[8.238945,60.545665],[8.237566,60.54521]],[[8.222853,60.537125],[8.222327,60.536677],[8.221559,60.536254],[8.220645,60.535953],[8.219837,60.535798],[8.218825,60.53572],[8.217805,60.535747],[8.214855,60.536338],[8.213178,60.536426],[8.211645,60.536237],[8.209172,60.535492]],[[8.2237,60.537889],[8.223488,60.537697]],[[11.093007,60.178464],[11.093733,60.177454]],[[11.09353,60.18754],[11.093437,60.187381]],[[7.980434,58.301122],[7.97994,58.300577],[7.979666,58.299905],[7.979704,58.299306],[7.980006,58.298552]],[[10.939867,60.879012],[10.939786,60.879064]],[[10.940001,60.878926],[10.939867,60.879012]],[[11.989537,57.729555],[11.988451,57.7295],[11.987219,57.729338],[11.986085,57.72907],[11.985074,57.728722]],[[11.990625,57.713988],[11.991985,57.713978],[11.993138,57.71385],[11.99431,57.713597],[11.995208,57.713274]],[[12.272166,58.356239],[12.276093,58.362871]],[[12.282843,58.296472],[12.279652,58.298169],[12.269354,58.305314],[12.266708,58.308124],[12.264562,58.311068],[12.263186,58.31365],[12.26264,58.315048],[12.261971,58.317148],[12.261546,58.31974],[12.261281,58.325079]],[[12.262338,58.352571],[12.263399,58.352909],[12.26497,58.353161]],[[12.26497,58.353161],[12.266199,58.353287],[12.267865,58.353323],[12.26945,58.35365],[12.270328,58.354035],[12.270814,58.354374],[12.271696,58.355462]],[[12.290029,58.292793],[12.287273,58.294336],[12.282843,58.296472]],[[12.292473,58.291355],[12.291738,58.291784]],[[12.32849,58.214597],[12.322359,58.221843],[12.321416,58.223149],[12.32022,58.225133],[12.319533,58.226576],[12.31887,58.228401],[12.317746,58.233249],[12.31702,58.235477],[12.31563,58.238209],[12.313038,58.242437],[12.312125,58.244175],[12.311158,58.246806],[12.310758,58.248651]],[[12.261281,58.325079],[12.261339,58.327968],[12.261927,58.331525],[12.268083,58.348325]],[[12.268083,58.348325],[12.269451,58.351582],[12.271696,58.355462]],[[12.271696,58.355462],[12.272166,58.356239]],[[12.283474,58.382173],[12.281339,58.378446],[12.280897,58.377256],[12.280943,58.376186],[12.281536,58.373913],[12.281536,58.37333],[12.281315,58.3725],[12.277747,58.367396],[12.277065,58.364624],[12.276461,58.363515]],[[12.277373,58.360359],[12.277814,58.36062]],[[12.189618,58.031366],[12.196479,58.035209],[12.207843,58.04181],[12.218875,58.048659],[12.223541,58.051798]],[[12.223541,58.051798],[12.230487,58.056431],[12.23318,58.058506],[12.235295,58.060333],[12.238768,58.063826],[12.246236,58.072651]],[[5.734169,58.848874],[5.733946,58.848186]],[[12.285294,59.913577],[12.279915,59.917033],[12.278213,59.918023],[12.276397,59.918916],[12.273241,59.920119],[12.264508,59.922648],[12.259391,59.924456],[12.256445,59.925728],[12.243422,59.931855]],[[12.079932,57.490208],[12.079716,57.486627]],[[11.169617,59.580528],[11.171075,59.580162],[11.173873,59.57929]],[[11.168478,59.580754],[11.169617,59.580528]],[[5.716338,58.822635],[5.71697,58.823373],[5.719746,58.825965]],[[10.687352,59.47282],[10.69037,59.475561]],[[10.691333,59.476742],[10.690275,59.475674]],[[10.69037,59.475561],[10.691501,59.476615]],[[10.837547,59.71488],[10.838038,59.714782]],[[5.746163,58.877825],[5.746844,58.878778],[5.747433,58.881681],[5.748627,58.884259],[5.748793,58.885128],[5.748545,58.886062],[5.747628,58.888006],[5.745288,58.891438]],[[5.649974,58.735939],[5.650798,58.736927]],[[5.649856,58.735744],[5.649939,58.735872]],[[5.649874,58.735741],[5.649939,58.735872]],[[5.744895,58.877009],[5.742572,58.875754],[5.741789,58.875224],[5.740968,58.8743],[5.740689,58.873287],[5.740826,58.872611],[5.74122,58.87194],[5.741832,58.87133],[5.743006,58.870471],[5.743742,58.869652],[5.744074,58.868924],[5.744169,58.867788]],[[5.744949,58.876982],[5.746163,58.877825]],[[5.746098,58.877845],[5.744895,58.877009]],[[5.739341,58.924559],[5.7392,58.924456]],[[5.739264,58.92443],[5.739407,58.924533]],[[10.212794,59.609734],[10.21119,59.608101]],[[10.21119,59.608101],[10.207036,59.603879]],[[10.218633,59.618135],[10.21848,59.617782]],[[10.21848,59.617782],[10.217296,59.61543],[10.216169,59.613722]],[[10.188284,59.118696],[10.180106,59.115082],[10.176725,59.11373]],[[10.188486,59.118785],[10.188284,59.118696]],[[10.218136,59.136132],[10.22081,59.135587],[10.224816,59.135087],[10.226826,59.135014]],[[10.869935,59.943458],[10.860618,59.940759],[10.858325,59.940222]],[[10.841705,59.937334],[10.844584,59.938204],[10.846766,59.938668],[10.857949,59.940109]],[[10.857949,59.940109],[10.858319,59.940178]],[[10.858325,59.940222],[10.857954,59.940152]],[[10.768227,59.952722],[10.76755,59.953216]],[[10.768354,59.952649],[10.768227,59.952722]],[[9.097974,59.303366],[9.099039,59.301676]],[[6.094446,58.518828],[6.093125,58.518631]],[[6.099828,58.519382],[6.097618,58.519289],[6.094446,58.518828]],[[6.153211,58.533659],[6.151601,58.533591],[6.150257,58.533334],[6.149492,58.533073],[6.147553,58.532169],[6.146683,58.531878]],[[11.09364,60.18758],[11.095839,60.190775],[11.097308,60.193278]],[[11.096518,60.193407],[11.095098,60.190884],[11.09353,60.18754]],[[5.805157,58.513901],[5.805303,58.514162]],[[5.802034,58.505367],[5.801505,58.506434],[5.801605,58.507492],[5.805157,58.513901]],[[12.785607,58.030757],[12.747903,58.025469]],[[12.305156,57.785419],[12.294152,57.780762],[12.28858,57.778528],[12.286081,57.777251]],[[12.443212,57.863393],[12.441834,57.862956],[12.440697,57.862471],[12.437256,57.86033],[12.430882,57.857464],[12.429875,57.856882],[12.428993,57.856188],[12.428335,57.855413],[12.427284,57.853606],[12.424714,57.850734],[12.420429,57.845016],[12.419924,57.843971],[12.418266,57.839483],[12.41761,57.838519],[12.414705,57.835718],[12.412966,57.834419],[12.410518,57.833103],[12.408964,57.832465],[12.40742,57.831947]],[[12.286081,57.777251],[12.285507,57.776867]],[[12.282802,57.775328],[12.282615,57.775213]],[[12.27645,57.771266],[12.275176,57.77047]],[[12.275176,57.77047],[12.273295,57.769574],[12.266556,57.76726],[12.264977,57.76652],[12.26162,57.764538]],[[12.26162,57.764538],[12.260044,57.763576]],[[12.282615,57.775213],[12.276843,57.771512]],[[12.276843,57.771512],[12.27645,57.771266]],[[12.285507,57.776867],[12.282802,57.775328]],[[12.356566,57.808079],[12.354631,57.807408],[12.353333,57.806851],[12.348844,57.804053],[12.347003,57.803266],[12.344879,57.802735],[12.340049,57.801977],[12.338097,57.801587],[12.327836,57.798544]],[[12.327836,57.798544],[12.323216,57.797152],[12.321054,57.796246],[12.319236,57.795136],[12.316409,57.792984]],[[12.316409,57.792984],[12.307745,57.786818],[12.30567,57.78566]],[[12.404478,57.831218],[12.393911,57.82915],[12.391444,57.8286],[12.389504,57.828074],[12.385606,57.826851],[12.383543,57.826085],[12.382295,57.825387],[12.381298,57.824559],[12.380513,57.823504],[12.379466,57.821654],[12.378932,57.821071],[12.377957,57.820315],[12.376951,57.819755],[12.374508,57.818701],[12.373299,57.818068],[12.370674,57.816035],[12.366043,57.813297],[12.361722,57.81013],[12.359731,57.80919],[12.357183,57.808296]],[[12.30567,57.78566],[12.305156,57.785419]],[[12.357183,57.808296],[12.356566,57.808079]],[[12.40742,57.831947],[12.406416,57.831661]],[[12.446574,57.864423],[12.446294,57.864312]],[[12.446294,57.864312],[12.446191,57.864273]],[[12.446191,57.864273],[12.445984,57.864198]],[[12.157136,57.747493],[12.151199,57.747598],[12.149562,57.747525],[12.14768,57.74733]],[[12.005304,57.722692],[12.004623,57.72231],[12.0024,57.720616],[12.001519,57.72006]],[[12.079044,57.734996],[12.084034,57.736303],[12.097263,57.739482]],[[12.097299,57.739446],[12.084011,57.736251],[12.079074,57.734957]],[[12.076706,57.734475],[12.079044,57.734996]],[[12.079074,57.734957],[12.076723,57.734439]],[[12.097928,57.73959],[12.097299,57.739446]],[[12.18751,57.751196],[12.191243,57.751221]],[[12.231338,57.753608],[12.229274,57.753222],[12.227466,57.753065],[12.222026,57.753238],[12.219984,57.753185],[12.218315,57.752969],[12.214889,57.752235],[12.213052,57.75201],[12.210873,57.751986],[12.206781,57.752327],[12.204234,57.752343],[12.198753,57.752069],[12.193883,57.751332],[12.19125,57.751167]],[[12.176853,57.750495],[12.175007,57.750058],[12.171015,57.749456],[12.167026,57.748243],[12.164827,57.747793],[12.162683,57.747541],[12.161172,57.747443],[12.157568,57.747482]],[[12.157568,57.747482],[12.157136,57.747493]],[[12.185827,57.751145],[12.182252,57.75124],[12.180022,57.75114]],[[12.180022,57.75114],[12.178432,57.750896],[12.176853,57.750495]],[[12.185829,57.751183],[12.18751,57.751196]],[[12.1875,57.751141],[12.185827,57.751145]],[[12.259642,57.763314],[12.257425,57.761605],[12.252577,57.757132],[12.251208,57.75609],[12.249502,57.755254],[12.247233,57.75462],[12.245887,57.754403],[12.244597,57.754292],[12.241968,57.754324],[12.237685,57.754576],[12.235609,57.754458]],[[12.235609,57.754458],[12.231338,57.753608]],[[12.260044,57.763576],[12.259642,57.763314]],[[5.739594,58.854459],[5.739429,58.854346]],[[9.384083,59.530479],[9.382566,59.530551]],[[9.384591,59.535842],[9.387098,59.535532],[9.38783,59.535353],[9.388708,59.535021],[9.389363,59.534567],[9.389651,59.534209],[9.389856,59.533336],[9.389639,59.532183],[9.389302,59.531721],[9.38871,59.531281],[9.387798,59.530902],[9.38669,59.530659],[9.385352,59.530518],[9.384083,59.530479]],[[9.426436,59.605061],[9.423473,59.604665],[9.420276,59.604095],[9.418179,59.603642],[9.406361,59.600587]],[[9.694745,59.08709],[9.69534,59.086033],[9.696622,59.084795],[9.696874,59.083572],[9.697575,59.081973],[9.697566,59.081252]],[[9.694694,59.087194],[9.694745,59.08709]],[[11.293073,60.599924],[11.293546,60.600906],[11.293298,60.601887]],[[11.197639,60.71473],[11.193463,60.719713]],[[10.039555,59.047524],[10.03839,59.047816],[10.037183,59.048361]],[[10.03974,59.047495],[10.039555,59.047524]],[[11.932298,58.353279],[11.923819,58.354185]],[[11.933369,58.353183],[11.9359,58.352994],[11.937695,58.353082]],[[11.932298,58.353279],[11.933369,58.353183]],[[12.140885,57.973238],[12.13889,57.970809],[12.136481,57.968496],[12.133327,57.966106],[12.129706,57.963915],[12.127373,57.962734],[12.124488,57.961459],[12.107086,57.954588]],[[12.282905,58.296507],[12.287319,58.294365],[12.29009,58.292818]],[[11.037994,59.952411],[11.037929,59.952407]],[[12.291091,58.292232],[12.291794,58.291819]],[[12.291794,58.291819],[12.292532,58.291383]],[[12.291031,58.292203],[12.290029,58.292793]],[[12.291738,58.291784],[12.291031,58.292203]],[[5.802519,58.520143],[5.800305,58.521127]],[[5.800305,58.521127],[5.800229,58.521158]],[[6.804633,58.392279],[6.803607,58.392702]],[[6.803607,58.392702],[6.803384,58.392827]],[[11.218785,60.776788],[11.219292,60.776787]],[[11.227213,60.776757],[11.231208,60.776747],[11.233422,60.776868],[11.235521,60.777174],[11.237858,60.777797],[11.239247,60.778352],[11.256349,60.786476],[11.258997,60.787662],[11.261692,60.788627],[11.267866,60.790346]],[[11.060569,60.794091],[11.058675,60.794595]],[[11.060729,60.794054],[11.060569,60.794091]],[[5.634267,58.653857],[5.634563,58.655569]],[[5.634255,58.653745],[5.634267,58.653857]],[[5.462144,60.44974],[5.462035,60.449739]],[[5.458915,60.448716],[5.458633,60.448206],[5.458635,60.447845],[5.458791,60.447493],[5.459929,60.44605],[5.460133,60.445199],[5.459937,60.44469],[5.459114,60.443745],[5.458873,60.443288],[5.458918,60.441414],[5.458463,60.439842],[5.45846,60.439325],[5.458651,60.438885],[5.459263,60.438287],[5.461193,60.437371],[5.461976,60.436844],[5.462408,60.436276],[5.462541,60.435848]],[[11.17879,60.784539],[11.178866,60.784521]],[[11.178866,60.784521],[11.187755,60.782493],[11.190903,60.781634],[11.194176,60.780417],[11.199495,60.778186],[11.201213,60.777602],[11.202304,60.777329],[11.204086,60.777034],[11.206631,60.77684],[11.218785,60.776788]],[[11.031944,59.952541],[11.024763,59.952694],[11.020212,59.952499]],[[11.025548,59.95249],[11.033053,59.952303]],[[11.01992,59.952431],[11.02428,59.952647],[11.031938,59.952495]],[[11.033229,59.952339],[11.027926,59.952736],[11.024987,59.952783]],[[11.018928,59.952338],[11.01992,59.952431]],[[11.024987,59.952783],[11.020212,59.952499]],[[11.032703,59.952475],[11.035148,59.952444]],[[11.035427,59.952446],[11.036406,59.952467]],[[11.052167,59.954963],[11.052454,59.955047]],[[11.063285,59.952272],[11.059277,59.953223]],[[11.053465,59.954145],[11.055079,59.954002],[11.056937,59.953708],[11.063242,59.952225]],[[11.037994,59.952411],[11.039562,59.952512]],[[11.037941,59.952354],[11.039509,59.952351]],[[11.033053,59.952303],[11.035137,59.952243],[11.03683,59.952291]],[[11.035148,59.952444],[11.035427,59.952446]],[[11.037929,59.952407],[11.036818,59.952341]],[[11.050143,59.95449],[11.042837,59.953125],[11.040686,59.952823],[11.038433,59.952612]],[[11.037988,59.952538],[11.04176,59.952819]],[[11.04176,59.952819],[11.039562,59.952512]],[[11.037979,59.952582],[11.036402,59.952509]],[[11.036406,59.952467],[11.037824,59.952529]],[[11.035429,59.952489],[11.035144,59.952486]],[[11.035144,59.952486],[11.032707,59.952517]],[[11.036402,59.952509],[11.035429,59.952489]],[[11.037987,59.95254],[11.039247,59.952632]],[[11.048805,59.954057],[11.050252,59.954391]],[[11.039509,59.952351],[11.04093,59.952424]],[[11.050408,59.954115],[11.050769,59.954133]],[[11.050208,59.954426],[11.050616,59.954534]],[[11.050178,59.95445],[11.050601,59.95455]],[[11.050252,59.954391],[11.050655,59.954492]],[[11.050304,59.954346],[11.050686,59.954459]],[[11.063591,59.952199],[11.063285,59.952272]],[[11.054165,59.955545],[11.056985,59.956664],[11.059562,59.957979],[11.061635,59.959327],[11.063444,59.960839]],[[11.063507,59.961082],[11.063324,59.960903]],[[11.054115,59.955578],[11.056749,59.956614],[11.059313,59.9579],[11.061566,59.959349],[11.063385,59.960871]],[[11.053574,59.955346],[11.054165,59.955545]],[[11.053525,59.955379],[11.054115,59.955578]],[[11.063444,59.960839],[11.063628,59.961017]],[[11.914558,57.850426],[11.914555,57.850698]],[[11.913847,57.846255],[11.91421,57.84695],[11.914514,57.848042],[11.914558,57.850426]],[[10.836178,59.75765],[10.834782,59.758565],[10.833305,59.759096],[10.831944,59.759352],[10.828479,59.759616],[10.826779,59.76005],[10.825544,59.760702],[10.824569,59.761744]],[[10.822299,59.763138],[10.821925,59.763243]],[[5.738235,58.85344],[5.738743,58.853795]],[[5.739429,58.854346],[5.738682,58.853821]],[[5.735524,58.851564],[5.735327,58.851369]],[[5.734985,58.850819],[5.7354,58.851355]],[[5.734412,58.849798],[5.734261,58.849246]],[[5.734334,58.849241],[5.73448,58.84977]],[[5.734261,58.849246],[5.734169,58.848874]],[[5.73448,58.849983],[5.734412,58.849798]],[[5.73448,58.84977],[5.73455,58.849963]],[[5.736959,58.852616],[5.736233,58.852109]],[[5.736132,58.851967],[5.736298,58.852085]],[[5.737855,58.853243],[5.737136,58.85274]],[[5.737198,58.852716],[5.737916,58.853217]],[[5.735593,58.851544],[5.736132,58.851967]],[[5.736069,58.851991],[5.735524,58.851564]],[[5.737022,58.852593],[5.737198,58.852716]],[[5.737136,58.85274],[5.736959,58.852616]],[[5.738175,58.853467],[5.737855,58.853243]],[[5.737916,58.853217],[5.738235,58.85344]],[[5.739494,58.854321],[5.739825,58.854553]],[[5.742066,58.856188],[5.739765,58.854577]],[[5.742307,58.856284],[5.743049,58.856837]],[[5.742239,58.856307],[5.742066,58.856188]],[[5.742118,58.856152],[5.742307,58.856284]],[[5.736233,58.852109],[5.736069,58.851991]],[[5.736298,58.852085],[5.737022,58.852593]],[[5.7354,58.851355],[5.735593,58.851544]],[[5.734836,58.850703],[5.73448,58.849983]],[[11.006938,60.815778],[11.006503,60.816144]],[[11.882229,58.887943],[11.880748,58.887288],[11.878797,58.886816],[11.877015,58.886638],[11.8737,58.886486],[11.871619,58.886634],[11.869928,58.886926],[11.868173,58.887426],[11.866599,58.888078]],[[11.882496,58.888095],[11.882229,58.887943]],[[11.669817,58.934898],[11.66985,58.934796]],[[11.140215,60.086032],[11.141109,60.09977],[11.1416,60.102018],[11.142351,60.103959],[11.143916,60.106646],[11.14601,60.10919],[11.147849,60.110949],[11.154344,60.116504],[11.155688,60.117839],[11.156892,60.119279],[11.158226,60.121379],[11.15905,60.123293],[11.159548,60.125413],[11.159633,60.127321]],[[11.159633,60.127321],[11.15928,60.129631],[11.158555,60.131653],[11.157396,60.133708],[11.155571,60.136203]],[[11.158481,60.120136],[11.159635,60.121426],[11.160164,60.123012]],[[11.160164,60.123012],[11.161311,60.127225],[11.162426,60.129585]],[[11.154716,60.118307],[11.156892,60.119143],[11.158481,60.120136]],[[11.093086,60.178478],[11.092152,60.180449],[11.091828,60.182414],[11.092135,60.184545],[11.093015,60.186496]],[[11.093836,60.177437],[11.093145,60.178386]],[[11.101091,60.20084],[11.099259,60.197723],[11.098133,60.196061]],[[11.110047,60.227021],[11.110068,60.226446]],[[11.345355,60.820563],[11.347196,60.821892],[11.349517,60.824496],[11.35081,60.825612]],[[11.340216,60.817362],[11.340407,60.817495]],[[11.35081,60.825612],[11.350911,60.825696]],[[11.350911,60.825696],[11.35417,60.828357],[11.35553,60.829176],[11.356983,60.829867],[11.359079,60.830638],[11.372507,60.834825],[11.374532,60.835565],[11.409495,60.851543]],[[10.440208,59.838074],[10.43868,59.836191],[10.437489,59.835366]],[[9.127328,62.072058],[9.12812,62.073219],[9.129748,62.074984]],[[9.126689,62.070673],[9.127328,62.072058]],[[9.126115,62.069324],[9.126748,62.070308]],[[8.050468,62.360571],[8.051097,62.361396],[8.052252,62.362053],[8.05355,62.362438],[8.056143,62.362927],[8.057674,62.363537],[8.058373,62.364072],[8.058704,62.364541],[8.058829,62.36503],[8.058741,62.365521],[8.058153,62.366278],[8.057215,62.366845],[8.05605,62.367243],[8.054509,62.367498],[8.053066,62.367533],[8.051185,62.367341],[8.049775,62.366956],[8.048632,62.366333]],[[8.048448,62.366182],[8.047863,62.365338],[8.04747,62.362624],[8.047717,62.361839],[8.049181,62.359137],[8.049184,62.357058],[8.049757,62.35617],[8.053096,62.352804],[8.053548,62.352051],[8.0542,62.350236]],[[8.061046,62.342557],[8.062042,62.342038],[8.062695,62.341541],[8.063118,62.34104],[8.063289,62.340554],[8.063231,62.340018],[8.062882,62.339458],[8.062257,62.338954],[8.061521,62.338578]],[[8.056995,62.33804],[8.055128,62.338405],[8.054104,62.338822],[8.053487,62.339219]],[[10.997796,59.946784],[11.000169,59.947951],[11.002254,59.94962],[11.003388,59.95069]],[[9.070743,62.093291],[9.067459,62.093472],[9.063823,62.093461],[9.061747,62.093533],[9.053251,62.094309]],[[10.406142,59.408302],[10.406108,59.408218]],[[10.406108,59.408218],[10.405779,59.407435],[10.40568,59.406608],[10.405869,59.405729],[10.406189,59.405124]],[[11.04176,59.952819],[11.044948,59.953313],[11.048805,59.954057]],[[11.037941,59.952355],[11.039215,59.95243]],[[11.051726,59.954774],[11.051869,59.954819]],[[10.793446,59.905926],[10.790226,59.905916]],[[10.767624,59.908065],[10.767508,59.908085]],[[11.084203,60.790925],[11.076237,60.79145],[11.075286,60.791596],[11.074232,60.79191]],[[10.398069,63.436503],[10.402952,63.436873],[10.405679,63.436962]],[[10.28377,63.047724],[10.28428,63.049007]],[[9.203608,62.100752],[9.203793,62.100782]],[[9.203793,62.100782],[9.208007,62.101568],[9.215397,62.103339],[9.219177,62.103903],[9.22196,62.104101],[9.224941,62.104116],[9.22701,62.104009],[9.232325,62.103568],[9.236412,62.103531],[9.238771,62.103665],[9.240887,62.103887],[9.243019,62.104211],[9.245442,62.104701],[9.248212,62.105401],[9.251217,62.106341],[9.257649,62.10863],[9.263914,62.111085],[9.266479,62.112302],[9.268551,62.113459],[9.273991,62.117246]],[[11.01992,59.952431],[11.022402,59.952563],[11.025548,59.95249]],[[11.01891,59.95238],[11.004731,59.950449],[11.001686,59.949891],[10.998453,59.949154],[10.966413,59.940809],[10.942983,59.93455],[10.924356,59.929863],[10.852447,59.911068],[10.847608,59.909917],[10.844265,59.909302],[10.841343,59.908881],[10.838554,59.908572],[10.835566,59.90834],[10.832548,59.908205],[10.828968,59.908175],[10.822634,59.908434]],[[11.933068,58.342885],[11.933293,58.342951]],[[11.916324,58.337901],[11.917023,58.338685],[11.918055,58.339499],[11.919453,58.340259],[11.920871,58.340784],[11.922347,58.341147],[11.923422,58.341295],[11.927526,58.341503],[11.928634,58.341646],[11.930163,58.341991],[11.933068,58.342885]],[[7.864862,60.511857],[7.863726,60.512037],[7.862203,60.512465],[7.861307,60.512853],[7.859615,60.51386],[7.858289,60.514288],[7.857272,60.514433],[7.856332,60.514463],[7.855254,60.514377],[7.854214,60.514177]],[[10.905835,59.267979],[10.905664,59.267749]],[[10.905664,59.267749],[10.904612,59.26627],[10.904175,59.265117]],[[10.825878,60.119038],[10.825757,60.119081]],[[10.76755,59.953216],[10.767218,59.953595]],[[10.767218,59.953595],[10.766926,59.954311]],[[11.069909,60.793635],[11.068716,60.793712],[11.067526,60.793645]],[[11.07008,60.793614],[11.069909,60.793635]],[[10.781289,59.965704],[10.780994,59.965618]],[[10.76692,59.954363],[10.767255,59.955852],[10.766845,59.957324],[10.766944,59.957959],[10.767187,59.95834],[10.767725,59.958808],[10.76904,59.959397]],[[10.766926,59.954311],[10.76692,59.954363]],[[10.788616,59.970395],[10.788583,59.972433],[10.789023,59.975084],[10.788858,59.975651],[10.788132,59.976904],[10.788119,59.977442],[10.788289,59.977874],[10.788913,59.978545],[10.790017,59.979128],[10.791195,59.979458],[10.793563,59.979908],[10.794843,59.980414],[10.79567,59.981116],[10.796419,59.982691]],[[10.788637,59.97015],[10.788616,59.970395]],[[9.705512,59.627089],[9.70541,59.627025]],[[10.79455,59.905709],[10.792908,59.905466],[10.790769,59.905322]],[[10.767938,59.907888],[10.769512,59.907612]],[[10.786401,59.967131],[10.78559,59.966938]],[[10.807225,60.012006],[10.807617,60.012847],[10.808202,60.013457],[10.809137,60.014037],[10.810954,60.014778],[10.81167,60.01516],[10.812455,60.015874],[10.812764,60.016585],[10.812727,60.01719],[10.812441,60.017742],[10.810198,60.01999],[10.80977,60.020713],[10.809695,60.021308],[10.810064,60.023751],[10.809714,60.025775]],[[10.666742,60.262038],[10.666513,60.263916],[10.66618,60.264649],[10.665419,60.265269],[10.662824,60.266403],[10.662223,60.266937],[10.661921,60.267671]],[[10.593395,60.294739],[10.591235,60.295837],[10.588169,60.297185],[10.587229,60.297911],[10.586951,60.298439],[10.586551,60.299995],[10.585465,60.301554],[10.585074,60.302374],[10.584723,60.305435]],[[10.597403,60.630464],[10.598139,60.63207],[10.598233,60.633792]],[[10.498493,60.481198],[10.498296,60.482061],[10.498442,60.48264],[10.498862,60.483152],[10.500065,60.48414],[10.500522,60.484711],[10.500894,60.48576],[10.500855,60.487513],[10.501184,60.488008],[10.502222,60.488996],[10.502495,60.489511],[10.503367,60.492244],[10.503247,60.493671],[10.503441,60.494341],[10.503899,60.494897],[10.504509,60.495342],[10.507543,60.496822],[10.508069,60.497303],[10.508338,60.497814]],[[11.260107,58.926312],[11.259275,58.927471]],[[11.530851,58.99473],[11.531261,58.994011]],[[11.531261,58.994011],[11.531945,58.993219],[11.533432,58.992315],[11.534908,58.991651],[11.537119,58.990983]],[[7.54064,58.187455],[7.540289,58.18889],[7.539773,58.18965],[7.539227,58.190157],[7.538492,58.19065],[7.53762,58.191077],[7.536334,58.191513],[7.535226,58.191753]],[[6.364627,58.470893],[6.364094,58.471894],[6.363665,58.473641],[6.363309,58.474549]],[[6.357766,58.478709],[6.357517,58.478994]],[[7.695004,62.559497],[7.694834,62.559543]],[[7.694834,62.559543],[7.691324,62.560412],[7.688297,62.560862]],[[7.70391,62.556407],[7.703708,62.556529]],[[10.579875,60.310474],[10.579729,60.310585]],[[10.579729,60.310585],[10.579182,60.31127],[10.579101,60.31195],[10.57927,60.312385],[10.58028,60.313823],[10.580549,60.314778]],[[9.653178,59.670891],[9.652623,59.671264]],[[9.049005,60.650683],[9.047403,60.65446],[9.046618,60.655607],[9.0455,60.656837],[9.042358,60.659733],[9.041168,60.660696],[9.039678,60.661692],[9.035148,60.664305],[9.034128,60.665072],[9.033261,60.665899],[9.032468,60.666928],[9.03103,60.669648],[9.030159,60.670928],[9.027501,60.673769],[9.025365,60.676569],[9.022599,60.679665],[9.019746,60.683805],[9.013784,60.691073]],[[9.052417,60.648166],[9.051366,60.648733]],[[10.663002,59.438839],[10.662159,59.438404]],[[10.663495,59.439082],[10.663002,59.438839]],[[12.26497,58.353161],[12.266107,58.353175],[12.267307,58.352975],[12.268242,58.352583],[12.268896,58.352021],[12.269081,58.351645],[12.269087,58.351186],[12.268083,58.348325]],[[12.315861,58.37809],[12.31674,58.37791]],[[12.31674,58.37791],[12.317848,58.377692]],[[12.30962,58.378841],[12.311559,58.378884],[12.315861,58.37809]],[[12.328561,58.214614],[12.329794,58.213055],[12.331033,58.211182]],[[12.310834,58.248654],[12.311236,58.246814],[12.3122,58.244186],[12.31309,58.242478],[12.315716,58.238222],[12.317092,58.235483],[12.317828,58.233257],[12.318952,58.228407],[12.319609,58.226585],[12.320429,58.22489],[12.322429,58.221858],[12.328561,58.214614]],[[12.331033,58.211182],[12.331981,58.209392],[12.332662,58.207781]],[[6.351924,58.493319],[6.353951,58.493954]],[[6.609066,58.442265],[6.608254,58.442513],[6.60718,58.442703],[6.606057,58.442764],[6.605016,58.442705],[6.604001,58.442533],[6.603167,58.442287],[6.60158,58.44146]],[[6.357517,58.478994],[6.356829,58.479595],[6.355076,58.480585],[6.354201,58.481224],[6.352978,58.482835],[6.3516,58.48418],[6.35107,58.484972],[6.350156,58.487629],[6.349145,58.489674],[6.349015,58.490296],[6.349206,58.49102],[6.349925,58.492112],[6.350456,58.492604],[6.35118,58.493032]],[[6.533675,58.46083],[6.532774,58.461062]],[[6.549191,58.459178],[6.548932,58.459286]],[[6.60158,58.44146],[6.600824,58.441052],[6.599922,58.440711],[6.598909,58.440471],[6.597496,58.440323]],[[6.568467,58.446318],[6.568266,58.446396]],[[12.071461,63.32093],[12.070696,63.321309],[12.070028,63.321841],[12.068687,63.32424],[12.06785,63.325017],[12.066194,63.325703],[12.062814,63.326416]],[[10.584593,60.307023],[10.584413,60.307992],[10.583667,60.308792],[10.582831,60.309272],[10.580782,60.31],[10.579875,60.310474]],[[10.584598,60.306975],[10.584593,60.307023]],[[12.392501,58.606027],[12.389841,58.601363]],[[12.389841,58.601363],[12.389661,58.60105]],[[9.996843,62.724732],[9.997324,62.725501]],[[9.959594,62.706838],[9.959768,62.70786],[9.96049,62.708716],[9.96252,62.710049],[9.965218,62.711481],[9.966286,62.712387],[9.966625,62.713209],[9.96668,62.715689],[9.967035,62.717171],[9.967942,62.718827],[9.968431,62.719396],[9.96897,62.719799],[9.969848,62.720234],[9.971305,62.720652],[9.972377,62.720815],[9.975951,62.721159],[9.977799,62.721578],[9.980963,62.72259],[9.982102,62.722775],[9.983455,62.722847]],[[9.955725,62.700927],[9.955923,62.701033]],[[5.727829,58.914842],[5.727222,58.915421],[5.726665,58.916164],[5.726254,58.916955],[5.726015,58.917772],[5.725982,58.918526],[5.726112,58.919049],[5.726446,58.919622],[5.727007,58.920192],[5.729042,58.921516],[5.730271,58.922049],[5.732059,58.922485],[5.735399,58.922906],[5.736571,58.923153],[5.738057,58.923694],[5.739264,58.92443]],[[5.7392,58.924456],[5.738028,58.92374],[5.736583,58.923205],[5.735067,58.922899],[5.731635,58.922464],[5.730317,58.922132],[5.72863,58.921363],[5.72698,58.920265],[5.726458,58.919757],[5.726009,58.919018],[5.725907,58.917891],[5.726448,58.916364],[5.727051,58.915485],[5.727765,58.914799]],[[5.353491,60.382584],[5.352622,60.382998]],[[12.280577,58.936423],[12.279126,58.936521]],[[9.636237,59.65631],[9.634525,59.654739],[9.634231,59.654186],[9.634121,59.653464]],[[7.211147,60.71818],[7.209745,60.718552]],[[7.315512,60.653314],[7.313787,60.653596],[7.312049,60.653707]],[[7.214043,60.716338],[7.213489,60.716918],[7.212509,60.717513]],[[7.741895,60.55079],[7.741752,60.550774]],[[7.212509,60.717513],[7.211734,60.71792]],[[7.737494,60.550327],[7.732704,60.54987],[7.728385,60.549729]],[[5.758403,60.569679],[5.753876,60.566831],[5.753374,60.566239],[5.752688,60.564943],[5.75112,60.563582],[5.748441,60.560663]],[[10.832522,59.92575],[10.833291,59.926095]],[[12.337188,64.418464],[12.336991,64.41969],[12.338356,64.422467],[12.338553,64.425293],[12.338983,64.426302],[12.34019,64.428288],[12.340538,64.429639],[12.340471,64.43074],[12.340077,64.431862],[12.33845,64.434172],[12.338167,64.434858],[12.338126,64.435487],[12.338517,64.437216]],[[12.335661,64.456149],[12.335767,64.456309]],[[12.337238,64.41837],[12.337188,64.418464]],[[12.33625,64.457051],[12.338449,64.460391]],[[7.973881,58.261441],[7.973744,58.261351]],[[7.976173,58.263195],[7.974745,58.262]],[[7.977498,58.264908],[7.977468,58.264817]],[[7.974745,58.262],[7.973881,58.261441]],[[7.970133,58.255825],[7.969271,58.255182],[7.968792,58.25466],[7.966774,58.251288]],[[7.977468,58.264817],[7.977106,58.26421],[7.976463,58.263502]],[[10.870159,59.943523],[10.869935,59.943458]],[[10.881763,59.947369],[10.878771,59.946582],[10.873198,59.944467],[10.870159,59.943523]],[[10.869928,59.943402],[10.870155,59.943468]],[[9.721466,59.638441],[9.720298,59.638114],[9.719396,59.637706],[9.718755,59.637263],[9.718118,59.636578]],[[7.71064,62.551808],[7.709261,62.552493],[7.707326,62.554148],[7.70391,62.556407]],[[7.710882,62.551729],[7.71064,62.551808]],[[7.703708,62.556529],[7.702299,62.557253],[7.700736,62.557868],[7.695004,62.559497]],[[9.124313,62.066197],[9.125727,62.068177],[9.126748,62.070308]],[[9.144685,62.087463],[9.144707,62.087546]],[[9.116013,62.105711],[9.114178,62.106686],[9.111924,62.107647],[9.109491,62.108469],[9.10673,62.109194],[9.103869,62.109749],[9.10033,62.110241],[9.096461,62.110658],[9.092043,62.111022]],[[9.125249,62.063137],[9.124235,62.063719],[9.123969,62.063991],[9.123799,62.064779]],[[9.123799,62.064779],[9.123947,62.065683]],[[12.455627,57.704396],[12.456029,57.70438]],[[10.215505,60.152258],[10.214267,60.151586],[10.211743,60.150724],[10.210481,60.150106],[10.209414,60.149284],[10.208024,60.147751],[10.206123,60.146537],[10.197778,60.142629],[10.194753,60.141601]],[[10.219312,60.156116],[10.218327,60.15529]],[[10.780048,59.965295],[10.781046,59.965584]],[[10.781046,59.965584],[10.78134,59.96567]],[[10.78134,59.96567],[10.786401,59.967131]],[[9.696087,59.123546],[9.697865,59.124315],[9.698787,59.124474],[9.69974,59.124498],[9.700735,59.124374],[9.70164,59.124097],[9.70232,59.123719],[9.702825,59.123167]],[[9.658758,59.142252],[9.658834,59.142439]],[[9.658834,59.142439],[9.659251,59.143419]],[[7.951586,58.155257],[7.95241,58.155573],[7.953327,58.156187]],[[9.665367,59.1352],[9.661533,59.137142],[9.660542,59.137749]],[[9.66571,59.13503],[9.665367,59.1352]],[[11.091361,60.789083],[11.088968,60.790061],[11.087904,60.790403]],[[11.094422,60.78727],[11.09379,60.787719]],[[11.12441,60.797496],[11.124664,60.79749]],[[11.111284,60.797118],[11.122466,60.797486],[11.12441,60.797496]],[[11.103565,60.796762],[11.103955,60.796814]],[[11.124664,60.79749],[11.126557,60.797373],[11.128447,60.797153],[11.131239,60.796606],[11.133874,60.795814],[11.140188,60.793541],[11.142603,60.792808],[11.17879,60.784539]],[[11.07647,60.79139],[11.084203,60.790925]],[[11.08838,60.790671],[11.09019,60.7906]],[[11.074232,60.79191],[11.075274,60.791527],[11.076555,60.791283],[11.08388,60.790844]],[[5.735011,58.964488],[5.734608,58.964965]],[[5.732814,58.966441],[5.733898,58.965635],[5.734608,58.964965]],[[5.731393,58.966977],[5.732291,58.966276]],[[5.735592,58.964045],[5.734898,58.964481]],[[5.737429,58.96273],[5.739401,58.961532],[5.740225,58.960641],[5.740458,58.960136],[5.740704,58.958683],[5.741065,58.957671],[5.743244,58.954248],[5.743563,58.951852],[5.744046,58.951109],[5.745723,58.949134]],[[5.732618,58.966335],[5.73236,58.966524]],[[5.745753,58.9492],[5.743944,58.951347],[5.743663,58.951823],[5.743485,58.952493],[5.743534,58.953756],[5.743355,58.95449],[5.741063,58.958039],[5.740792,58.958726],[5.740565,58.960034],[5.740275,58.960689],[5.739375,58.96162],[5.73748,58.962759]],[[5.732699,58.96635],[5.734524,58.964936]],[[5.732581,58.966609],[5.732814,58.966441]],[[5.732291,58.966276],[5.734602,58.964679]],[[5.732423,58.966549],[5.732699,58.96635]],[[5.732366,58.966289],[5.734591,58.964698]],[[9.689548,59.121385],[9.690654,59.121375],[9.691609,59.121468],[9.692555,59.121674],[9.693407,59.121999]],[[12.137491,57.45027],[12.151448,57.442106],[12.156713,57.438463],[12.158985,57.436754]],[[12.136605,57.450745],[12.137491,57.45027]],[[11.137633,60.747679],[11.137483,60.747739]],[[11.137483,60.747739],[11.137174,60.747857]],[[11.854339,57.698548],[11.842814,57.696556]],[[10.685844,59.920346],[10.68885,59.919588],[10.690361,59.919355],[10.692004,59.919201]],[[11.94539,58.346465],[11.945756,58.34673]],[[11.944761,58.346102],[11.94539,58.346465]],[[10.392927,63.435531],[10.39423,63.435891]],[[10.38344,63.415643],[10.383149,63.41622],[10.382834,63.418142]],[[10.378516,63.392016],[10.379954,63.392678],[10.381684,63.394228],[10.383493,63.395397],[10.384031,63.396029],[10.384631,63.397433],[10.386244,63.398829],[10.386592,63.399518],[10.386666,63.400807],[10.387034,63.402089],[10.386862,63.402978]],[[10.384926,63.405156],[10.384461,63.406165],[10.383172,63.407985],[10.383032,63.408655],[10.383107,63.409522]],[[10.360772,63.385824],[10.363033,63.386026]],[[10.386862,63.402978],[10.386109,63.403775]],[[10.383959,63.415188],[10.38344,63.415643]],[[11.050601,59.95455],[11.052167,59.954963]],[[11.050655,59.954492],[11.051726,59.954774]],[[11.050686,59.954459],[11.051726,59.954774]],[[11.050616,59.954534],[11.052167,59.954963]],[[5.722721,58.82968],[5.72674,58.835127],[5.730302,58.838664]],[[5.730302,58.838664],[5.730452,58.838823]],[[5.730452,58.838823],[5.731732,58.840485],[5.732576,58.842373]],[[5.722648,58.829582],[5.722721,58.82968]],[[5.716338,58.822635],[5.716955,58.823237]],[[5.716238,58.822539],[5.716324,58.82262]],[[10.938788,59.217856],[10.941018,59.216955]],[[8.751352,58.465758],[8.75247,58.465963],[8.762697,58.467302],[8.764396,58.467247],[8.765831,58.466882]],[[8.635554,58.65468],[8.63639,58.654237],[8.637322,58.653936],[8.63844,58.653752],[8.639553,58.653728],[8.643598,58.65428],[8.648876,58.655203],[8.650719,58.655346],[8.652093,58.655256],[8.653027,58.655093],[8.65403,58.654807],[8.655089,58.654331]],[[8.710401,58.598005],[8.71055,58.597299]],[[11.527244,60.87852],[11.527829,60.878488]],[[11.541943,60.877754],[11.542972,60.877782],[11.544155,60.877949],[11.545148,60.878225],[11.545875,60.878548],[11.546575,60.879036],[11.546942,60.879469],[11.547148,60.880024],[11.547076,60.880665]],[[10.522694,59.891955],[10.520168,59.891331]],[[10.641117,59.913841],[10.639221,59.913648]],[[10.570178,59.899072],[10.573771,59.899063],[10.575927,59.899369]],[[10.43113,59.830399],[10.433234,59.832375],[10.435127,59.833876]],[[10.459119,59.866086],[10.454557,59.863298],[10.45226,59.861747],[10.45049,59.860344],[10.449004,59.858936],[10.447142,59.856756],[10.442107,59.849249],[10.439994,59.845772],[10.439428,59.844536],[10.438795,59.842278],[10.438265,59.837871]],[[10.459058,59.866117],[10.454489,59.863318],[10.452189,59.861778],[10.45042,59.860368],[10.448932,59.85896],[10.447067,59.856772],[10.441185,59.847925],[10.439906,59.845782],[10.439351,59.844551],[10.438696,59.842291],[10.438187,59.837872]],[[10.436167,59.834756],[10.435512,59.834335]],[[10.381055,63.43199],[10.386495,63.43334],[10.391519,63.435085]],[[10.375513,63.430635],[10.379316,63.431576]],[[10.373164,63.429603],[10.374842,63.430408]],[[10.379316,63.431576],[10.380313,63.431816]],[[10.392195,63.435279],[10.392947,63.435485]],[[10.392947,63.435485],[10.394639,63.435946],[10.395802,63.436154],[10.40233,63.436674]],[[10.371124,63.426521],[10.37096,63.427112],[10.371096,63.427835],[10.371511,63.428448],[10.372387,63.429201]],[[10.377822,63.431265],[10.379278,63.431608]],[[10.911726,59.237431],[10.911746,59.237355]],[[10.911746,59.237355],[10.913863,59.230416],[10.916753,59.225449]],[[10.93111,59.220433],[10.935951,59.218807]],[[10.930853,59.220521],[10.93111,59.220433]],[[11.027749,59.268274],[11.028303,59.268274]],[[11.028303,59.268274],[11.028451,59.268268]],[[11.026802,59.268205],[11.027749,59.268274]],[[10.429452,59.828992],[10.429195,59.828745]],[[10.432112,59.831055],[10.43256,59.83162]],[[10.436646,59.834787],[10.436387,59.834612]],[[10.429447,59.828993],[10.429195,59.828745]],[[10.436377,59.834621],[10.432646,59.831563]],[[11.893821,58.353436],[11.890938,58.352734],[11.889693,58.352505],[11.888706,58.352382],[11.887161,58.352316]],[[11.943369,58.345651],[11.944235,58.345913]],[[11.942321,58.345414],[11.943369,58.345651]],[[11.986545,58.349446],[11.99054,58.348514]],[[11.887161,58.352316],[11.88466,58.352502]],[[11.944235,58.345913],[11.944761,58.346102]],[[11.99054,58.348514],[11.990981,58.348412]],[[11.933293,58.342951],[11.93958,58.344854],[11.942321,58.345414]],[[7.123074,60.735222],[7.122998,60.734686],[7.122625,60.734133],[7.121933,60.733621],[7.121283,60.733325]],[[7.120705,60.733141],[7.119798,60.732969]],[[10.807188,59.927149],[10.809312,59.926886]],[[10.781396,59.938867],[10.781745,59.938283]],[[10.783349,59.933103],[10.783693,59.932732],[10.784385,59.932256]],[[10.781283,59.939119],[10.78138,59.938903]],[[10.784743,59.932047],[10.785404,59.931665]],[[10.784385,59.932256],[10.784743,59.932047]],[[10.806975,59.927176],[10.807188,59.927149]],[[10.783277,59.933212],[10.783349,59.933103]],[[10.779665,59.942834],[10.78136,59.939127]],[[10.781441,59.939134],[10.779665,59.942834]],[[10.781539,59.938919],[10.781441,59.939134]],[[10.78136,59.939127],[10.781461,59.938912]],[[10.826384,59.912051],[10.826466,59.912128]],[[10.80311,59.905981],[10.802901,59.905973]],[[10.802993,59.905842],[10.806221,59.906169],[10.81951,59.908328],[10.821094,59.908818],[10.8223,59.909322],[10.824214,59.910401],[10.8256,59.911311]],[[10.826477,59.912025],[10.826562,59.912102]],[[10.802892,59.905934],[10.803076,59.905941]],[[10.817227,59.907967],[10.81948,59.908363],[10.821362,59.908965],[10.822714,59.909591],[10.825168,59.911072]],[[10.833989,59.925395],[10.833913,59.925915]],[[10.793847,59.905889],[10.802892,59.905934]],[[10.833856,59.924242],[10.834031,59.925109]],[[10.825106,59.911093],[10.82311,59.909869],[10.821446,59.90907],[10.819415,59.908425],[10.817206,59.908002]],[[10.826399,59.912146],[10.826317,59.912065]],[[10.798663,59.905782],[10.801707,59.905801]],[[10.771009,59.905602],[10.771339,59.905667]],[[10.802738,59.90583],[10.802993,59.905842]],[[10.790982,59.905215],[10.796327,59.905699],[10.798663,59.905782]],[[10.780324,59.905422],[10.781878,59.90533]],[[10.771339,59.905667],[10.772391,59.905797],[10.773393,59.905816],[10.779969,59.905442]],[[10.790659,59.905198],[10.790982,59.905215]],[[10.781878,59.90533],[10.784918,59.905178]],[[10.78789,59.905126],[10.790659,59.905198]],[[10.774597,59.90672],[10.778406,59.906121],[10.782153,59.905714],[10.787595,59.905272],[10.790545,59.905272]],[[10.790545,59.905272],[10.790835,59.905285]],[[10.760851,59.901527],[10.76419,59.90288],[10.76753,59.9044]],[[10.759478,59.901027],[10.757819,59.900301]],[[10.767728,59.903677],[10.766962,59.903238]],[[10.834288,59.927019],[10.834598,59.927433]],[[10.834097,59.926868],[10.834483,59.927448]],[[10.947705,59.944396],[10.947419,59.94448]],[[10.947659,59.944366],[10.948399,59.944184]],[[10.212005,59.737106],[10.213711,59.736913],[10.216335,59.737081]],[[10.219877,59.737535],[10.218076,59.737313],[10.214194,59.737018],[10.212894,59.737049],[10.211982,59.737195]],[[10.219918,59.737468],[10.221907,59.737857],[10.224119,59.738466]],[[10.224119,59.738466],[10.226592,59.739444],[10.228465,59.740573]],[[10.224072,59.7385],[10.222108,59.737951],[10.220451,59.737623]],[[10.2284,59.740596],[10.226524,59.739469],[10.224072,59.7385]],[[10.432819,63.440021],[10.435123,63.440328],[10.437773,63.440573],[10.440562,63.440706],[10.44329,63.44072]],[[10.661281,63.437842],[10.661493,63.437782]],[[10.383136,63.409676],[10.383229,63.409963]],[[10.407948,63.413688],[10.411904,63.414174],[10.413754,63.414527]],[[10.383229,63.409963],[10.383622,63.410496],[10.38455,63.411082]],[[10.407596,63.413646],[10.407948,63.413688]],[[10.37105,63.388868],[10.373019,63.389485],[10.374426,63.390028],[10.377174,63.391472],[10.378516,63.392016]],[[11.01319,59.956312],[11.013657,59.956334]],[[11.013657,59.956334],[11.014405,59.956344]],[[11.013663,59.956297],[11.014376,59.956306]],[[10.949169,59.943994],[10.949334,59.943944]],[[10.95153,59.943178],[10.955444,59.941447]],[[10.435848,59.83441],[10.43552,59.834131]],[[10.43552,59.834131],[10.435198,59.833853]],[[10.435512,59.834335],[10.434574,59.833659]],[[10.762723,59.901991],[10.760822,59.901214]],[[10.779969,59.905442],[10.780324,59.905422]],[[10.750155,59.911863],[10.753654,59.910909]],[[10.794394,59.908892],[10.794122,59.909053]],[[10.794424,59.906334],[10.79497,59.906889],[10.795189,59.907584],[10.794965,59.908342],[10.794394,59.908892]],[[10.778635,59.94508],[10.778475,59.945436]],[[10.777927,59.946633],[10.777298,59.948145],[10.7769,59.949714],[10.776607,59.950148],[10.776056,59.950598],[10.77553,59.950881],[10.774606,59.951198],[10.77005,59.952034],[10.769158,59.952295],[10.768354,59.952649]],[[11.950601,58.355536],[11.953386,58.355873],[11.955813,58.35593],[11.957909,58.3558],[11.961925,58.35516],[11.965485,58.354524],[11.971229,58.353017],[11.985969,58.34958]],[[11.985969,58.34958],[11.986545,58.349446]],[[8.209172,60.535492],[8.209058,60.535457]],[[8.209002,60.535439],[8.203895,60.533804],[8.202606,60.53347],[8.201187,60.5333],[8.197866,60.533309],[8.196042,60.533009]],[[8.192329,60.532483],[8.19189,60.532452]],[[8.184721,60.531412],[8.175157,60.531466],[8.161581,60.53235],[8.155572,60.532502],[8.152476,60.532451],[8.149,60.532278],[8.147498,60.532082],[8.143482,60.531341]],[[10.812208,63.417807],[10.813386,63.41954],[10.814392,63.420517],[10.815961,63.421556],[10.817911,63.422457],[10.819826,63.423106],[10.853808,63.433436],[10.856009,63.434285],[10.857963,63.435186],[10.8672,63.440381],[10.869394,63.441426],[10.871681,63.442299],[10.873653,63.442916],[10.876451,63.443615],[10.87889,63.444085]],[[10.405018,63.436927],[10.405679,63.436962]],[[10.381009,63.420362],[10.379717,63.421355],[10.377301,63.422873],[10.37258,63.425272],[10.371851,63.425735]],[[10.541228,63.429674],[10.542084,63.429901]],[[10.371234,63.426533],[10.371067,63.427241],[10.371184,63.427729],[10.371772,63.428556],[10.372373,63.429076]],[[10.405679,63.436962],[10.406267,63.436979]],[[10.691999,59.91924],[10.689801,59.91947],[10.687993,59.919807]],[[10.436209,59.83469],[10.434574,59.833659]],[[12.008583,57.723685],[12.006922,57.723322],[12.006105,57.723043]],[[12.009013,57.723766],[12.012609,57.724372]],[[12.018478,57.724808],[12.017014,57.724951],[12.015582,57.724899]],[[9.615628,59.203817],[9.614543,59.207089],[9.609435,59.213778]],[[9.609435,59.213778],[9.607981,59.215492]],[[12.002994,57.723233],[12.002915,57.722661]],[[12.003246,57.721909],[12.002521,57.721419]],[[12.002521,57.721419],[12.002381,57.721326]],[[12.002381,57.721326],[12.001494,57.720769]],[[12.001494,57.720769],[11.998894,57.719579]],[[10.352297,59.439996],[10.35133,59.441218]],[[11.993666,57.715539],[11.993105,57.715206]],[[11.994387,57.715892],[11.993716,57.715503]],[[11.993709,57.715427],[11.993124,57.715077]],[[11.993105,57.715206],[11.987096,57.711676],[11.985552,57.71109],[11.984299,57.710759]],[[11.993124,57.715077],[11.987128,57.711592],[11.985756,57.711061],[11.984046,57.71061]],[[10.382462,63.419173],[10.381017,63.420575],[10.378217,63.422468],[10.376963,63.423203],[10.372806,63.425286]],[[10.355432,63.34773],[10.357423,63.350451],[10.358242,63.35268],[10.358258,63.353497]],[[11.997646,57.711161],[11.997929,57.71038]],[[11.995182,57.713179],[11.994302,57.713506],[11.992964,57.713792],[11.991728,57.713909],[11.99045,57.713902]],[[11.997891,57.710181],[11.997563,57.711021],[11.996962,57.711901]],[[11.986718,57.712953],[11.987747,57.713462],[11.988778,57.71376]],[[11.988778,57.71376],[11.990625,57.713988]],[[11.989021,57.713722],[11.987765,57.713361],[11.986873,57.712927]],[[11.99045,57.713902],[11.989021,57.713722]],[[11.98684,57.712905],[11.986722,57.712826]],[[11.985704,57.712037],[11.984802,57.711264],[11.98315,57.710669]],[[11.982608,57.71053],[11.98184,57.710383]],[[11.980568,57.710163],[11.979462,57.709983]],[[11.980027,57.710167],[11.977113,57.709841],[11.973464,57.709213]],[[11.979952,57.70989],[11.983217,57.710476]],[[12.012344,57.671253],[12.010806,57.67405],[12.006522,57.680347]],[[12.014102,57.667585],[12.013247,57.669046],[12.012344,57.671253]],[[12.015913,57.664976],[12.014102,57.667585]],[[12.021124,57.650864],[12.019794,57.653109],[12.018734,57.655594],[12.016756,57.662938],[12.015913,57.664976]],[[12.012412,57.671262],[12.013313,57.66905],[12.014188,57.667595]],[[12.001494,57.720769],[12.000136,57.719854],[11.998809,57.718717],[11.995071,57.716447]],[[12.002994,57.723233],[12.003031,57.724125],[12.00268,57.725164]],[[10.435921,59.834386],[10.43552,59.834131]],[[10.43552,59.834131],[10.435127,59.833876]],[[10.43256,59.83162],[10.432302,59.831379]],[[10.762162,59.908943],[10.758275,59.909846]],[[10.243768,59.68705],[10.24474,59.685838]],[[10.244771,59.685933],[10.243724,59.687271]],[[10.234759,59.660808],[10.234952,59.661087]],[[10.234875,59.6611],[10.234687,59.66082]],[[10.225362,59.631868],[10.226075,59.633266],[10.226781,59.63543]],[[10.211263,59.608082],[10.212873,59.609718]],[[10.215609,59.612847],[10.216243,59.613708]],[[10.212314,59.572812],[10.212696,59.572186]],[[10.216243,59.613708],[10.217374,59.615419],[10.218569,59.617788]],[[10.212696,59.572186],[10.21563,59.567593],[10.218652,59.563914],[10.221358,59.561236],[10.226768,59.556539],[10.229795,59.553419]],[[10.218569,59.617788],[10.218721,59.618149]],[[10.212873,59.609718],[10.215609,59.612847]],[[10.206183,59.602892],[10.207114,59.603862]],[[10.212774,59.572199],[10.212392,59.572824]],[[10.216169,59.613722],[10.215535,59.612862]],[[10.226696,59.635436],[10.226258,59.633949],[10.225286,59.631881]],[[10.215535,59.612862],[10.212794,59.609734]],[[10.351252,59.441205],[10.352226,59.439983]],[[10.352226,59.439983],[10.352476,59.439698]],[[10.381504,59.425525],[10.383824,59.424617],[10.386496,59.423223],[10.395053,59.417465]],[[10.381043,59.425696],[10.381504,59.425525]],[[10.420497,59.273581],[10.420134,59.273731]],[[10.40807,59.278358],[10.408111,59.278614]],[[10.407689,59.276539],[10.40766,59.276362]],[[10.043502,59.047148],[10.043332,59.047154]],[[10.045011,59.047223],[10.043838,59.047144]],[[10.04566,59.047323],[10.045011,59.047223]],[[10.043625,59.047143],[10.043502,59.047148]],[[10.043332,59.047154],[10.03974,59.047495]],[[10.043838,59.047144],[10.043625,59.047143]],[[12.911988,58.302669],[12.914085,58.300455]],[[11.98188,57.710305],[11.983398,57.71061]],[[12.007435,57.679166],[12.011262,57.67345],[12.012412,57.671262]],[[12.325754,58.376094],[12.330351,58.375026],[12.334325,58.373802],[12.354799,58.365956],[12.356866,58.365425],[12.359268,58.36508]],[[12.002915,57.722661],[12.003508,57.724945]],[[11.985704,57.712037],[11.986024,57.7124]],[[12.000148,57.719368],[11.998145,57.718188]],[[11.986024,57.7124],[11.986718,57.712953]],[[10.242872,59.542223],[10.239902,59.545049],[10.235729,59.548253]],[[10.258879,59.529461],[10.253301,59.532682],[10.249897,59.535113],[10.248133,59.536604],[10.246466,59.538218],[10.242872,59.542223]],[[10.242796,59.542206],[10.247385,59.53721],[10.24983,59.535088],[10.252063,59.533437],[10.256323,59.530813],[10.26171,59.527839],[10.264713,59.52601],[10.271316,59.522282],[10.277785,59.517788],[10.301891,59.498708],[10.304504,59.496423],[10.307353,59.493577]],[[10.348741,59.445809],[10.3453,59.452572],[10.343957,59.454707],[10.342149,59.457186],[10.338993,59.460812],[10.313833,59.486964]],[[10.348662,59.445795],[10.350065,59.443046]],[[12.162201,58.013834],[12.157423,58.010668],[12.154356,58.008276],[12.15125,58.005147],[12.14838,58.002072],[12.146892,58.000313],[12.145156,57.99767],[12.143911,57.994834],[12.143262,57.991937],[12.143219,57.989297]],[[12.138265,58.118333],[12.137047,58.119477]],[[12.004767,57.730379],[12.004711,57.7333]],[[10.417643,59.274682],[10.417379,59.27478]],[[10.407885,59.277693],[10.407852,59.27754]],[[10.414816,59.26917],[10.415003,59.269124]],[[10.415003,59.269124],[10.416787,59.268899],[10.418586,59.268998]],[[10.418586,59.268998],[10.418903,59.269054]],[[10.420134,59.273731],[10.417643,59.274682]],[[10.293469,59.218311],[10.296181,59.219657],[10.302313,59.222285]],[[10.40766,59.276362],[10.407549,59.275651]],[[10.036076,59.049054],[10.035699,59.049222]],[[5.778733,58.530103],[5.776017,58.531433],[5.772481,58.532838],[5.754436,58.538707]],[[5.754436,58.538707],[5.754251,58.538767]],[[10.338273,59.284389],[10.3366,59.283898],[10.33507,59.28307]],[[10.006012,59.057527],[10.004879,59.05785],[10.003846,59.058043],[10.00104,59.05833],[9.999367,59.058298],[9.994362,59.057699],[9.992017,59.057643],[9.990682,59.057729]],[[9.943018,59.063668],[9.943347,59.063592]],[[9.943378,59.063632],[9.943052,59.063707]],[[9.937701,59.064995],[9.93539,59.065562]],[[9.937667,59.064958],[9.943018,59.063668]],[[9.93443,59.065733],[9.935342,59.065521]],[[9.943052,59.063707],[9.937701,59.064995]],[[9.93539,59.065562],[9.934458,59.065772]],[[9.935342,59.065521],[9.937667,59.064958]],[[9.929555,59.066754],[9.93443,59.065733]],[[9.928901,59.066921],[9.92617,59.067384]],[[9.926144,59.067343],[9.92887,59.066881]],[[9.92887,59.066881],[9.929555,59.066754]],[[9.934458,59.065772],[9.929589,59.066794]],[[9.929589,59.066794],[9.928901,59.066921]],[[9.918923,59.068291],[9.926144,59.067343]],[[9.92617,59.067384],[9.918947,59.068331]],[[9.918947,59.068331],[9.913246,59.06898]],[[9.913246,59.06898],[9.912792,59.069033]],[[9.90186,59.070242],[9.912773,59.068991]],[[9.913229,59.06894],[9.918923,59.068291]],[[9.89399,59.071136],[9.900788,59.070359]],[[9.90074,59.07041],[9.894013,59.071175]],[[9.900788,59.070359],[9.90186,59.070242]],[[9.912792,59.069033],[9.901908,59.070278]],[[9.892408,59.071314],[9.89399,59.071136]],[[9.894013,59.071175],[9.892418,59.071358]],[[9.889481,59.07165],[9.892408,59.071314]],[[9.892418,59.071358],[9.889503,59.071689]],[[9.887193,59.071952],[9.883765,59.072361]],[[9.889503,59.071689],[9.887193,59.071952]],[[9.88374,59.072321],[9.887172,59.07191]],[[9.887172,59.07191],[9.889481,59.07165]],[[9.880213,59.072874],[9.875952,59.073666]],[[9.883765,59.072361],[9.880213,59.072874]],[[9.875917,59.073627],[9.880193,59.072831]],[[9.880193,59.072831],[9.88374,59.072321]],[[9.865104,59.076643],[9.868743,59.07545],[9.873288,59.074221]],[[9.873323,59.074259],[9.86878,59.075487],[9.865231,59.076649]],[[9.875952,59.073666],[9.873323,59.074259]],[[9.873288,59.074221],[9.875917,59.073627]],[[9.864151,59.077047],[9.860446,59.078564]],[[9.864049,59.077033],[9.865104,59.076643]],[[9.860406,59.078525],[9.864049,59.077033]],[[9.865231,59.076649],[9.864151,59.077047]],[[9.816603,59.105092],[9.812854,59.106808]],[[9.812848,59.10675],[9.816545,59.105063]],[[9.80211,59.11053],[9.807486,59.108841],[9.811225,59.107429]],[[9.811823,59.107238],[9.811275,59.107459]],[[9.811275,59.107459],[9.807565,59.108878],[9.802141,59.110569]],[[9.811225,59.107429],[9.811791,59.107196]],[[9.812854,59.106808],[9.811823,59.107238]],[[9.811791,59.107196],[9.812848,59.10675]],[[9.801415,59.110719],[9.80211,59.11053]],[[9.802141,59.110569],[9.801432,59.110762]],[[9.797495,59.111769],[9.79707,59.111872]],[[9.79707,59.111872],[9.793564,59.112662],[9.786104,59.113864],[9.7608,59.11673],[9.754293,59.117344],[9.747051,59.117664],[9.736633,59.117862],[9.728286,59.117878],[9.715979,59.11763]],[[9.797489,59.111727],[9.801415,59.110719]],[[9.715971,59.117586],[9.728292,59.117831],[9.736859,59.117807],[9.747051,59.117603],[9.75432,59.117281],[9.760768,59.116675],[9.786211,59.113792],[9.793545,59.112611],[9.797021,59.111832]],[[9.801432,59.110762],[9.797495,59.111769]],[[9.797021,59.111832],[9.797489,59.111727]],[[9.715979,59.11763],[9.71466,59.117608]],[[9.711748,59.117493],[9.713845,59.117547]],[[9.713845,59.117547],[9.714664,59.117566]],[[9.714664,59.117566],[9.715971,59.117586]],[[9.713842,59.117588],[9.711745,59.117542]],[[9.71466,59.117608],[9.713842,59.117588]],[[9.711745,59.117542],[9.706335,59.117567],[9.702097,59.117872],[9.697881,59.118442],[9.693689,59.119305]],[[9.693662,59.119266],[9.697902,59.118387],[9.702076,59.11783],[9.706346,59.117518],[9.711748,59.117493]],[[9.673266,59.12973],[9.675721,59.127762],[9.677742,59.126392]],[[9.677808,59.12642],[9.675788,59.127786],[9.673365,59.129721]],[[15.187754,67.300885],[15.187463,67.300981]],[[15.187463,67.300981],[15.185672,67.30176]],[[15.177904,67.313776],[15.171059,67.317886],[15.170304,67.318446]],[[15.170304,67.318446],[15.169678,67.319225],[15.169524,67.320033],[15.169858,67.320861],[15.170684,67.321889]],[[14.876373,67.298814],[14.866998,67.299611],[14.864906,67.299727],[14.862262,67.299699],[14.857523,67.299352]],[[14.882874,67.298062],[14.882469,67.298121]],[[14.486814,67.278884],[14.48644,67.278926]],[[14.48644,67.278926],[14.481849,67.279556]],[[7.132057,60.744969],[7.131339,60.744398],[7.131417,60.742892],[7.131269,60.742557],[7.130751,60.742141],[7.130115,60.741844],[7.129242,60.741687],[7.12841,60.741636],[7.127076,60.741831],[7.126126,60.742415],[7.125921,60.742724],[7.125917,60.743193]],[[7.134827,60.74529],[7.133636,60.745361],[7.132519,60.745167]],[[7.132519,60.745167],[7.132057,60.744969]],[[11.982828,57.727392],[11.981525,57.726711]],[[7.989872,58.305303],[7.98884,58.305025]],[[8.001656,58.312842],[8.00071,58.31241],[7.998894,58.311212],[7.996687,58.310376],[7.995789,58.309903],[7.995123,58.309309],[7.994481,58.308121],[7.993978,58.307551],[7.991222,58.305903]],[[7.991222,58.305903],[7.989872,58.305303]],[[8.006332,58.315167],[8.005464,58.314482],[8.004704,58.314027]],[[7.987711,58.304744],[7.986705,58.304447],[7.985961,58.304129],[7.980584,58.301242]],[[7.980624,58.296629],[7.980614,58.2965]],[[7.98884,58.305025],[7.987711,58.304744]],[[7.979116,58.291547],[7.978795,58.29062],[7.978898,58.289782],[7.979399,58.289082],[7.980768,58.287902],[7.981095,58.28739],[7.981216,58.286927]],[[7.94227,58.173904],[7.943648,58.171793],[7.944375,58.17095],[7.945313,58.170111],[7.948888,58.167349],[7.949518,58.166652],[7.949987,58.165873]],[[7.950136,58.165503],[7.950363,58.1649],[7.952033,58.161963]],[[10.782429,59.924895],[10.784851,59.930829],[10.784792,59.931713],[10.784023,59.933464]],[[10.782341,59.924895],[10.782202,59.924701]],[[10.783955,59.933438],[10.784715,59.931704],[10.784775,59.930832],[10.782341,59.924895]],[[10.782292,59.924701],[10.782429,59.924895]],[[5.800022,58.521243],[5.786021,58.526587],[5.783849,58.527514],[5.781023,58.528923]],[[5.691717,58.568966],[5.685474,58.570926]],[[5.685322,58.570973],[5.685246,58.570997]],[[5.717209,58.5595],[5.716961,58.559576]],[[5.703668,58.563962],[5.703582,58.564]],[[5.691876,58.568916],[5.691717,58.568966]],[[5.703582,58.564],[5.697123,58.567127],[5.695139,58.567877],[5.691944,58.568894]],[[5.881604,58.488999],[5.876652,58.490876],[5.874893,58.491252],[5.872812,58.491423],[5.871575,58.491396],[5.870229,58.491258],[5.857409,58.489162],[5.85581,58.489073],[5.853908,58.489171],[5.851947,58.489527],[5.849583,58.490244],[5.848435,58.490507],[5.844265,58.490984],[5.842479,58.491386],[5.840617,58.492137],[5.838508,58.493512],[5.837618,58.493962],[5.836329,58.49443],[5.834552,58.494823]],[[5.685246,58.570997],[5.679812,58.5727]],[[5.781023,58.528923],[5.778733,58.530103]],[[5.834552,58.494823],[5.833555,58.494945]],[[5.716961,58.559576],[5.707036,58.562661],[5.703668,58.563962]],[[5.921635,58.4749],[5.921114,58.475009]],[[5.918258,58.475605],[5.913698,58.476556]],[[5.97336,58.47005],[5.967534,58.471433]],[[5.900186,58.483505],[5.896471,58.486668]],[[5.957424,58.471129],[5.955727,58.471126],[5.953799,58.471334]],[[5.913698,58.476556],[5.911961,58.476916]],[[5.94764,58.47174],[5.94747,58.47174]],[[5.900351,58.483356],[5.900186,58.483505]],[[5.89618,58.486912],[5.894792,58.487765],[5.893986,58.488078],[5.89289,58.488373]],[[5.94747,58.47174],[5.943543,58.471773]],[[5.958325,58.471201],[5.957424,58.471129]],[[5.921114,58.475009],[5.918258,58.475605]],[[5.964488,58.471875],[5.963269,58.471885]],[[5.943543,58.471773],[5.939875,58.471802]],[[5.89289,58.488373],[5.892703,58.48841]],[[5.90423,58.480053],[5.901245,58.4826]],[[5.962,58.4718],[5.958325,58.471201]],[[11.092732,63.460261],[11.092926,63.460287]],[[11.09996,63.461007],[11.106922,63.461115],[11.111155,63.460915]],[[12.004056,57.727119],[12.00392,57.726633]],[[12.003508,57.724945],[12.00365,57.725688]],[[10.836867,59.750151],[10.836943,59.750319]],[[11.176343,59.928803],[11.176538,59.928835]],[[11.178166,59.9293],[11.179418,59.930056],[11.180098,59.930934]],[[11.164371,59.927695],[11.164603,59.927771]],[[11.074047,59.949715],[11.0898,59.945974]],[[11.180642,59.932045],[11.180716,59.932204]],[[11.174442,59.928638],[11.176343,59.928803]],[[11.164603,59.927771],[11.164877,59.927852]],[[11.0898,59.945974],[11.090773,59.945744]],[[12.338517,64.437216],[12.338536,64.437297]],[[12.338536,64.437297],[12.339295,64.440657],[12.339085,64.441609],[12.338617,64.442295]],[[12.120158,60.08402],[12.123358,60.081222],[12.126343,60.079148],[12.127645,60.078124],[12.131776,60.073981]],[[12.120002,60.018498],[12.119969,60.018406]],[[12.117424,59.995188],[12.117288,59.994392],[12.116892,59.993571],[12.114524,59.991095],[12.113989,59.990315],[12.113731,59.98968],[12.113676,59.988962],[12.113953,59.988092],[12.114552,59.987193],[12.115337,59.986356]],[[11.246454,60.321611],[11.245119,60.320004],[11.243195,60.318369]],[[11.250718,60.316106],[11.251336,60.316204]],[[11.251336,60.316204],[11.252503,60.316485],[11.253331,60.316778],[11.254122,60.317172],[11.254858,60.31772],[11.25719,60.320481],[11.258989,60.322132],[11.259304,60.322769],[11.259317,60.323357]],[[11.23754,60.315332],[11.235374,60.31439]],[[11.210429,60.289944],[11.212642,60.292313],[11.215441,60.294629],[11.216396,60.295639]],[[11.240722,60.316823],[11.239402,60.316161]],[[11.212574,60.284166],[11.209889,60.285899]],[[11.239818,60.314628],[11.240578,60.315245],[11.241486,60.315693],[11.242566,60.316026],[11.243636,60.31621],[11.245565,60.316271],[11.24878,60.31598],[11.250718,60.316106]],[[11.246995,60.322502],[11.246454,60.321611]],[[11.209889,60.285899],[11.209447,60.286351],[11.20909,60.287123]],[[11.239572,60.314333],[11.239818,60.314628]],[[11.188384,60.297088],[11.190242,60.297677]],[[11.241962,60.317543],[11.241394,60.317202]],[[11.20909,60.287123],[11.209014,60.287492]],[[10.693356,59.478707],[10.695015,59.480579],[10.696256,59.481732],[10.701056,59.485286]],[[10.730638,59.527768],[10.730743,59.529266],[10.730661,59.530606],[10.730256,59.532069],[10.728866,59.535396]],[[8.061521,62.338578],[8.060563,62.338277]],[[5.738469,60.55382],[5.737687,60.553046]],[[5.72548,60.518833],[5.725713,60.518502]],[[5.725713,60.518502],[5.726261,60.517343],[5.726304,60.516139]],[[5.793024,60.580831],[5.79285,60.580859]],[[5.726304,60.516139],[5.7262,60.515303]],[[5.738735,60.554136],[5.738469,60.55382]],[[5.744417,60.471791],[5.744665,60.471157],[5.744467,60.470351]],[[5.744402,60.47013],[5.744199,60.469397]],[[9.698297,59.11117],[9.696765,59.109095],[9.696445,59.108497],[9.696285,59.107602],[9.69657,59.106097],[9.696388,59.10515],[9.696045,59.104621],[9.694424,59.103305],[9.693631,59.102876],[9.689373,59.101692]],[[9.698346,59.111237],[9.698297,59.11117]],[[11.979088,57.70968],[11.974602,57.708881]],[[12.076723,57.734439],[12.059363,57.731738]],[[9.660225,59.145543],[9.660808,59.146951],[9.660814,59.148058],[9.660381,59.14908],[9.659583,59.150002]],[[9.660177,59.145444],[9.660225,59.145543]],[[10.783886,59.933592],[10.783955,59.933438]],[[10.78299,59.935753],[10.781539,59.938919]],[[10.784023,59.933464],[10.783947,59.933628]],[[10.781461,59.938912],[10.781745,59.938283]],[[10.781745,59.938283],[10.782129,59.937439]],[[10.782129,59.937439],[10.782904,59.935746]],[[10.785661,59.931513],[10.787388,59.930509],[10.788471,59.929989],[10.789648,59.929563],[10.790627,59.929309],[10.792364,59.928998],[10.800405,59.927991]],[[10.785404,59.931665],[10.785661,59.931513]],[[10.809979,59.926802],[10.82033,59.925516],[10.823539,59.925249],[10.826275,59.925186],[10.828861,59.925261],[10.830939,59.925429],[10.832522,59.92575]],[[10.809312,59.926886],[10.809979,59.926802]],[[11.090773,59.945744],[11.109713,59.94124],[11.113666,59.940092],[11.116507,59.938998],[11.118965,59.937792],[11.120867,59.936593],[11.123407,59.93465]],[[11.123407,59.93465],[11.123517,59.934565]],[[9.467382,59.617198],[9.46724,59.617149]],[[11.113264,60.239135],[11.113448,60.239444]],[[11.113448,60.239444],[11.115338,60.24205],[11.117524,60.24448],[11.119803,60.246593],[11.124182,60.250132]],[[11.113369,60.239462],[11.113187,60.239147]],[[10.78109,59.923558],[10.780645,59.923064],[10.780375,59.922547],[10.7804,59.921444]],[[10.780878,59.919886],[10.78085,59.919998]],[[10.780476,59.92145],[10.780454,59.92254],[10.780719,59.923054],[10.781163,59.923544]],[[10.780771,59.919995],[10.780801,59.919879]],[[10.781341,59.918134],[10.780878,59.919886]],[[10.781272,59.91811],[10.781343,59.917917]],[[10.782199,59.916538],[10.781409,59.917944]],[[10.781343,59.917917],[10.782124,59.916529]],[[10.781409,59.917944],[10.781341,59.918134]],[[10.791974,59.909999],[10.791503,59.910199]],[[10.782324,59.916378],[10.782199,59.916538]],[[10.791503,59.910199],[10.788933,59.911337],[10.786953,59.912469]],[[10.791435,59.910176],[10.791928,59.909982]],[[10.780801,59.919879],[10.781272,59.91811]],[[10.786892,59.912448],[10.788873,59.911312],[10.791435,59.910176]],[[10.782124,59.916529],[10.782251,59.916365]],[[10.782251,59.916365],[10.783209,59.915349],[10.785497,59.913483]],[[10.785562,59.913505],[10.783279,59.915367],[10.782324,59.916378]],[[10.786793,59.912511],[10.786892,59.912448]],[[10.785497,59.913483],[10.785559,59.913435]],[[10.78563,59.913452],[10.785562,59.913505]],[[10.786856,59.912532],[10.78563,59.913452]],[[10.786953,59.912469],[10.786856,59.912532]],[[10.785559,59.913435],[10.786793,59.912511]],[[7.924095,58.214813],[7.924081,58.214701]],[[7.924081,58.214701],[7.923809,58.212882]],[[7.924521,58.217485],[7.924469,58.217328]],[[7.924469,58.217328],[7.924095,58.214813]],[[10.81495,59.353788],[10.804021,59.356499]],[[10.726027,59.388818],[10.726744,59.388459]],[[10.726744,59.388459],[10.729958,59.386849]],[[11.110049,59.290206],[11.111685,59.289964],[11.11317,59.289499]],[[11.1267,59.280567],[11.126922,59.280461]],[[11.126922,59.280461],[11.128571,59.279558],[11.129755,59.278389]],[[11.334512,59.119363],[11.334937,59.119296]],[[11.341406,59.117386],[11.343062,59.117417]],[[11.296173,59.123638],[11.296375,59.12358]],[[11.343062,59.117417],[11.346588,59.117863]],[[11.212057,59.180143],[11.213242,59.180021]],[[11.296375,59.12358],[11.299538,59.122867],[11.302258,59.122512],[11.304661,59.122375],[11.309409,59.122304],[11.312773,59.121952],[11.315374,59.121445],[11.321867,59.11979]],[[11.213242,59.180021],[11.2169,59.179604],[11.219204,59.179087],[11.22041,59.178671],[11.221547,59.178149],[11.223383,59.176919]],[[11.346588,59.117863],[11.34972,59.118055]],[[11.24762,59.152406],[11.247865,59.152369]],[[11.247865,59.152369],[11.250283,59.152015],[11.251503,59.151737],[11.252831,59.151267],[11.25416,59.150578]],[[11.33158,59.119313],[11.332109,59.119374]],[[10.690275,59.475674],[10.687286,59.472862]],[[10.692696,59.477932],[10.692988,59.478276]],[[10.686602,59.472125],[10.685479,59.470741]],[[10.687286,59.472862],[10.686602,59.472125]],[[10.673359,59.456957],[10.673011,59.456597]],[[10.685479,59.470741],[10.67436,59.457957],[10.673359,59.456957]],[[10.814507,59.699982],[10.820513,59.703348]],[[10.728174,59.537052],[10.726647,59.540722]],[[10.72657,59.540714],[10.728096,59.537044]],[[10.820453,59.703375],[10.814447,59.700009]],[[10.823899,59.705341],[10.822278,59.704398]],[[10.730557,59.527768],[10.729914,59.524259],[10.728721,59.520901],[10.727141,59.517863],[10.724586,59.514018],[10.723075,59.511977],[10.720868,59.509434],[10.715739,59.504506],[10.714372,59.503],[10.712868,59.50089],[10.708377,59.493413],[10.706559,59.490826],[10.70366,59.487496],[10.700988,59.485309]],[[10.801681,59.68891],[10.800868,59.687607],[10.80017,59.686166],[10.795084,59.67261]],[[10.831873,59.712986],[10.830801,59.711676]],[[10.728866,59.535396],[10.728174,59.537052]],[[10.728096,59.537044],[10.728783,59.535388]],[[10.820513,59.703348],[10.82234,59.704372]],[[10.822278,59.704398],[10.820453,59.703375]],[[10.814447,59.700009],[10.811782,59.698387],[10.80959,59.69673],[10.804548,59.69221],[10.802391,59.689879]],[[10.728783,59.535388],[10.730393,59.531322],[10.730632,59.529906],[10.730557,59.527768]],[[10.829387,59.709953],[10.828696,59.709173]],[[10.802469,59.794853],[10.802542,59.795079]],[[10.802463,59.795092],[10.80239,59.794862]],[[10.821874,59.76321],[10.822228,59.763114]],[[10.837741,59.744236],[10.838075,59.743709],[10.838285,59.743052],[10.838712,59.738943],[10.839959,59.735986]],[[10.836861,59.750324],[10.836789,59.750161]],[[10.800078,59.791654],[10.799755,59.790077],[10.799777,59.788522],[10.800867,59.785229],[10.801122,59.782008],[10.801856,59.779364],[10.80288,59.777276],[10.804092,59.775489],[10.805861,59.77346],[10.807657,59.77189]],[[10.822228,59.763114],[10.823327,59.762673],[10.824204,59.762054]],[[10.800554,59.849197],[10.801596,59.848746],[10.802244,59.84831],[10.802707,59.847818],[10.802958,59.84733],[10.802958,59.846299],[10.802204,59.844699]],[[10.785301,59.865063],[10.785408,59.864831]],[[10.78427,59.868007],[10.7843,59.867886]],[[10.766507,59.887169],[10.76897,59.886168],[10.770261,59.885357],[10.770979,59.884482],[10.771909,59.882484]],[[10.7843,59.867886],[10.784381,59.866425],[10.785301,59.865063]],[[10.78438,59.867893],[10.78435,59.86801]],[[10.772197,59.882121],[10.774178,59.880456],[10.775364,59.87921],[10.777918,59.875562],[10.779345,59.873856],[10.780212,59.872372],[10.781235,59.87095],[10.781764,59.870401],[10.782767,59.869627]],[[10.785368,59.853986],[10.785479,59.85417]],[[10.785529,59.863921],[10.785718,59.862947],[10.787012,59.861159],[10.787241,59.860255]],[[10.78497,59.865637],[10.784427,59.866544],[10.78438,59.867893]],[[10.799343,59.849503],[10.800554,59.849197]],[[10.78552,59.864796],[10.78539,59.865058]],[[10.785422,59.854226],[10.785302,59.854048]],[[11.35197,61.075147],[11.351926,61.07502]],[[11.365443,61.119531],[11.366089,61.118403],[11.368083,61.116696],[11.368409,61.11577],[11.368102,61.114873],[11.36515,61.110381],[11.365067,61.109541],[11.365545,61.108239],[11.365587,61.107713],[11.365395,61.107069],[11.36483,61.106332]],[[11.124182,60.250132],[11.12472,60.25056]],[[11.12472,60.25056],[11.135754,60.259398]],[[11.124656,60.250586],[11.124116,60.250154]],[[10.772177,59.907225],[10.777743,59.906296],[10.78128,59.90595],[10.784254,59.905861],[10.793352,59.905888]],[[10.793934,59.905928],[10.793446,59.905926]],[[10.793352,59.905888],[10.793847,59.905889]],[[10.794653,59.906175],[10.794369,59.90614]],[[10.802901,59.905973],[10.793934,59.905928]],[[11.218328,60.297476],[11.220301,60.29869],[11.221343,60.299592],[11.221883,60.300424],[11.22234,60.301976],[11.222635,60.30242],[11.223285,60.303032],[11.224258,60.30362],[11.226368,60.304553],[11.227154,60.305047],[11.227717,60.305548],[11.229011,60.307189],[11.232409,60.309826],[11.233668,60.310486],[11.236286,60.311326],[11.237312,60.311782],[11.23842,60.31257],[11.239172,60.313654]],[[11.218136,60.297342],[11.218328,60.297476]],[[11.53983,58.990262],[11.54595,58.988629],[11.547571,58.988001],[11.548345,58.987505],[11.54918,58.98672],[11.550319,58.985466],[11.551113,58.984275],[11.551619,58.982824],[11.551565,58.9819],[11.551148,58.981165],[11.549278,58.979084],[11.548985,58.978464],[11.548877,58.977804],[11.549183,58.976663],[11.550954,58.974066],[11.551358,58.97304],[11.551391,58.97199],[11.550924,58.96829]],[[11.539719,58.990292],[11.53983,58.990262]],[[10.610167,60.715184],[10.610401,60.715429]],[[10.610401,60.715429],[10.612378,60.717237],[10.61303,60.718166],[10.613324,60.719113],[10.613628,60.722131]],[[10.620116,60.738687],[10.620676,60.739419],[10.620936,60.74009],[10.621091,60.743224],[10.621239,60.743904],[10.621923,60.744992],[10.623406,60.74645],[10.623957,60.747192],[10.624257,60.748024],[10.624308,60.74931]],[[10.267397,60.176382],[10.266415,60.176377]],[[10.254697,60.171917],[10.254395,60.171444],[10.253909,60.170987],[10.252864,60.170447]],[[10.290719,60.17982],[10.289651,60.179765]],[[10.254969,60.172331],[10.254909,60.172234]],[[10.289651,60.179765],[10.283875,60.179349],[10.278979,60.178746],[10.277742,60.178408],[10.275309,60.177387],[10.273237,60.176828]],[[10.266415,60.176377],[10.264171,60.176325],[10.262378,60.176141],[10.259511,60.175472],[10.257804,60.174774],[10.256903,60.17427],[10.255684,60.173269]],[[10.242934,60.163728],[10.238841,60.163284],[10.2358,60.162782],[10.232116,60.161938],[10.228747,60.160969],[10.226251,60.160059],[10.224002,60.159017],[10.221698,60.157737],[10.219312,60.156116]],[[10.246574,60.163948],[10.246236,60.163947]],[[10.3041,60.187358],[10.303531,60.186847],[10.30328,60.18639],[10.303159,60.185184],[10.302843,60.184644]],[[10.29766,60.181445],[10.297576,60.18136]],[[10.297576,60.18136],[10.296911,60.180885],[10.296115,60.180503],[10.295052,60.180185],[10.293508,60.179957],[10.290719,60.17982]],[[10.304489,60.187591],[10.304412,60.187547]],[[10.30277,60.184582],[10.302,60.184014],[10.299467,60.183036],[10.298741,60.182509],[10.29766,60.181445]],[[10.302843,60.184644],[10.30277,60.184582]],[[10.241341,60.168897],[10.239886,60.168861],[10.238722,60.168706],[10.237388,60.168311],[10.2363,60.167779]],[[10.253026,60.166833],[10.252991,60.16626],[10.252732,60.165753],[10.25218,60.165222],[10.251435,60.164809]],[[10.308414,63.183557],[10.308585,63.18472],[10.308523,63.185366],[10.308207,63.186188],[10.307782,63.186814],[10.30709,63.187509],[10.305736,63.188429],[10.304468,63.189038],[10.301057,63.190392],[10.299972,63.19097],[10.298826,63.191802],[10.297965,63.192772],[10.297547,63.193573],[10.297318,63.1946],[10.297415,63.195684]],[[10.282021,63.152785],[10.282811,63.153238]],[[11.187547,62.887848],[11.186194,62.885025],[11.186047,62.884086],[11.186129,62.883145],[11.186382,62.882345],[11.186915,62.881389],[11.18992,62.877421]],[[11.194465,62.907516],[11.195489,62.90698],[11.197778,62.906084],[11.2003,62.904928],[11.203993,62.903554],[11.204906,62.902841],[11.205192,62.902081],[11.205046,62.901541],[11.204713,62.901117],[11.204002,62.900613],[11.203518,62.9004],[11.202735,62.900145],[11.201632,62.899935],[11.198478,62.899758],[11.196808,62.899469],[11.195273,62.898876],[11.194627,62.898437],[11.194194,62.897975]],[[6.668996,58.295739],[6.666441,58.294383]],[[6.651452,58.345633],[6.651559,58.34506],[6.651412,58.344665]],[[6.62087,58.383952],[6.622336,58.383027],[6.623333,58.382021],[6.623829,58.381168],[6.624795,58.375211],[6.624893,58.373808]],[[6.654825,58.412065],[6.654254,58.412098]],[[6.661163,58.321384],[6.661563,58.321328]],[[6.62388,58.367173],[6.623163,58.365338],[6.623024,58.364738],[6.623068,58.364103],[6.623678,58.363364],[6.624781,58.362617],[6.625237,58.362133]],[[6.631927,58.355811],[6.643337,58.351968]],[[6.647203,58.338946],[6.647078,58.338013]],[[6.654254,58.412098],[6.653128,58.41209]],[[6.623333,58.396523],[6.622937,58.39606],[6.621702,58.395041],[6.620621,58.39348],[6.619413,58.392297],[6.61921,58.391808],[6.619254,58.391235]],[[6.625493,58.360702],[6.625548,58.360191]],[[6.675147,58.299295],[6.668996,58.295739]],[[6.620149,58.385131],[6.620351,58.384575],[6.62087,58.383952]],[[6.647737,58.340708],[6.647538,58.340253]],[[6.643337,58.351968],[6.6449,58.351416],[6.646015,58.350859],[6.648362,58.349253],[6.648953,58.348556]],[[6.661662,58.415395],[6.66156,58.414467],[6.66093,58.413481],[6.660388,58.412918],[6.659627,58.412475]],[[6.655613,58.322905],[6.656888,58.322295],[6.658,58.321934],[6.659393,58.321632],[6.661163,58.321384]],[[6.675481,58.300328],[6.675385,58.299699],[6.675147,58.299295]],[[6.625548,58.360191],[6.625764,58.359322],[6.626211,58.358349],[6.626667,58.357835],[6.627211,58.357467]],[[10.353962,63.346379],[10.355134,63.34738]],[[5.991971,58.463132],[5.990728,58.464519],[5.989417,58.465339],[5.988135,58.465838],[5.985431,58.466558],[5.983024,58.467369]],[[5.982095,58.467703],[5.981112,58.468055]],[[6.010783,58.462212],[6.010484,58.462128]],[[6.018127,58.462997],[6.01498,58.463003],[6.013948,58.46294],[6.012853,58.462761],[6.010783,58.462212]],[[6.024242,58.472493],[6.025447,58.469408],[6.025374,58.46854],[6.024837,58.46749],[6.02317,58.465277],[6.022085,58.464277],[6.021408,58.463863],[6.020573,58.463502],[6.019522,58.463205],[6.018291,58.463012]],[[6.026108,58.476868],[6.025001,58.47583]],[[6.018291,58.463012],[6.018127,58.462997]],[[6.027009,58.478751],[6.026959,58.478686]],[[6.023968,58.474662],[6.023931,58.474582]],[[6.026959,58.478686],[6.026108,58.476868]],[[6.025001,58.47583],[6.024422,58.475317],[6.023968,58.474662]],[[6.049838,58.512426],[6.048406,58.512465],[6.047147,58.512383],[6.043217,58.511726],[6.042293,58.511439],[6.041601,58.511115],[6.040912,58.510627],[6.040478,58.510124],[6.040211,58.509253],[6.040341,58.507265],[6.040768,58.506391],[6.041993,58.504994],[6.042272,58.504528],[6.04242,58.503943],[6.042333,58.503274],[6.041782,58.502404],[6.040676,58.50146],[6.03917,58.500553],[6.036823,58.499474],[6.035975,58.498892],[6.035492,58.498358],[6.034737,58.496999],[6.033515,58.49545],[6.033332,58.49483],[6.033365,58.494275],[6.03464,58.491653],[6.034779,58.491101],[6.034647,58.490157],[6.034113,58.48905]],[[10.462441,61.110397],[10.462383,61.110498]],[[10.462383,61.110498],[10.461839,61.111641],[10.46149,61.112773]],[[12.425183,58.810184],[12.425123,58.810278]],[[12.425123,58.810278],[12.424458,58.810946],[12.423267,58.811554],[12.422339,58.811824],[12.418246,58.812592],[12.416078,58.813115],[12.414859,58.813558],[12.413743,58.814241],[12.413006,58.814926],[12.41268,58.815543],[12.412653,58.817949],[12.41251,58.818523],[12.412189,58.819075],[12.411057,58.820331],[12.410858,58.82089]],[[12.143136,57.989294],[12.143126,57.991354],[12.143371,57.993099],[12.14403,57.99541],[12.14478,57.997117],[12.145735,57.998789],[12.147079,58.000658],[12.150827,58.004785]],[[12.150827,58.004785],[12.153368,58.007423],[12.155348,58.009175],[12.157369,58.010694],[12.162143,58.01386]],[[12.162201,58.013834],[12.162919,58.014307]],[[12.162143,58.01386],[12.162861,58.014334]],[[12.189672,58.031339],[12.184914,58.028623],[12.182216,58.026954],[12.162919,58.014307]],[[12.162861,58.014334],[12.182158,58.026981],[12.18492,58.028691],[12.189618,58.031366]],[[12.157488,58.010869],[12.154205,58.008314],[12.151883,58.00607],[12.150827,58.004785]],[[12.004356,57.758591],[12.004915,57.756686]],[[12.015681,57.804211],[12.015354,57.798237],[12.015067,57.796718],[12.01447,57.7948],[12.013088,57.791962],[12.008025,57.783408],[12.007497,57.782268],[12.007055,57.78087],[12.006861,57.77982],[12.006802,57.778321],[12.007448,57.771627],[12.007399,57.769763],[12.006953,57.767856],[12.00441,57.761494]],[[10.245741,60.169107],[10.249231,60.169117],[10.250706,60.168869],[10.251505,60.168589],[10.252191,60.168186],[10.252603,60.167761],[10.252924,60.167179]],[[9.545486,61.79476],[9.541228,61.803653],[9.540033,61.805608],[9.538308,61.807951],[9.536257,61.810255],[9.534166,61.812174],[9.532335,61.813319],[9.529949,61.814404],[9.509661,61.822876],[9.507784,61.823555],[9.505917,61.824079],[9.503232,61.824618],[9.484663,61.827604],[9.481535,61.828301],[9.47263,61.830674],[9.470157,61.831223],[9.467513,61.831583],[9.46052,61.831973],[9.455823,61.832467]],[[12.110055,59.196696],[12.10958,59.196935]],[[12.174862,59.148093],[12.172794,59.148739],[12.170447,59.149257],[12.169424,59.149648],[12.167632,59.150768],[12.166388,59.151813],[12.164865,59.152803],[12.163706,59.153244],[12.161109,59.153772],[12.159843,59.154113],[12.158824,59.154586],[12.154222,59.157496],[12.152782,59.158232],[12.15185,59.158552],[12.148868,59.159222],[12.144372,59.159755],[12.142077,59.160386],[12.141144,59.160779],[12.140318,59.161395],[12.136299,59.165463],[12.135431,59.166578],[12.134891,59.167914],[12.132808,59.171096],[12.132144,59.171827],[12.123441,59.177221],[12.121427,59.179762],[12.114337,59.185661],[12.11233,59.187744],[12.110442,59.189929],[12.110128,59.190776],[12.110152,59.191244],[12.111473,59.194737],[12.111503,59.195198],[12.111183,59.195921],[12.110895,59.196208],[12.110055,59.196696]],[[12.188021,59.138693],[12.186416,59.139548],[12.183061,59.141783],[12.180325,59.145618],[12.179597,59.146202],[12.178991,59.146534],[12.175437,59.147875]],[[15.42732,67.248011],[15.427466,67.248565]],[[15.42761,67.248842],[15.428658,67.250449],[15.429365,67.251119],[15.43052,67.251764],[15.433726,67.253034]],[[8.61883,58.705047],[8.617775,58.705155],[8.616717,58.705117],[8.615598,58.704918],[8.614272,58.704561],[8.613135,58.704411],[8.612181,58.70441],[8.611158,58.704536],[8.610119,58.704826],[8.60931,58.705227],[8.608795,58.705635],[8.607922,58.706694],[8.607325,58.707087],[8.606461,58.707431],[8.604606,58.707803],[8.599091,58.708454]],[[9.605065,59.218032],[9.604881,59.218179]],[[9.605231,59.217894],[9.605065,59.218032]],[[9.600375,59.221949],[9.600844,59.221508]],[[9.632395,59.181422],[9.630342,59.183071],[9.629275,59.184173],[9.623267,59.193172]],[[9.620813,59.197733],[9.619052,59.199745]],[[9.636425,59.17823],[9.632647,59.181225]],[[9.632647,59.181225],[9.632395,59.181422]],[[9.637031,59.177692],[9.636425,59.17823]],[[9.616944,59.202108],[9.616062,59.203118]],[[9.617015,59.202028],[9.616944,59.202108]],[[9.620885,59.197645],[9.620813,59.197733]],[[11.251523,59.984603],[11.251622,59.984582]],[[11.251994,59.984508],[11.252158,59.984477]],[[10.900127,63.446317],[10.9024,63.446481],[10.904973,63.446918]],[[10.666308,60.255578],[10.66565,60.256023]],[[10.669585,60.253633],[10.668657,60.254078],[10.666308,60.255578]],[[10.724871,60.228304],[10.720236,60.23087],[10.719102,60.231273],[10.716564,60.231975],[10.714854,60.232712]],[[10.697496,60.243596],[10.697386,60.243642]],[[10.464308,61.105165],[10.464322,61.105302]],[[10.229031,59.741093],[10.2284,59.740596]],[[10.22977,59.741604],[10.229926,59.74173]],[[11.259317,60.323357],[11.258798,60.324357],[11.257988,60.325069]],[[10.283468,63.279219],[10.283352,63.279306]],[[10.824481,59.76185],[10.824284,59.76206]],[[10.824284,59.76206],[10.823381,59.7627],[10.822299,59.763138]],[[10.820545,59.763439],[10.820687,59.763425]],[[10.820704,59.763459],[10.820562,59.763475]],[[10.81224,59.766517],[10.812626,59.765658],[10.813164,59.764976],[10.813936,59.76441],[10.814881,59.763984],[10.81571,59.763742],[10.816887,59.763544],[10.820545,59.763439]],[[10.824204,59.762054],[10.824397,59.761849]],[[10.820562,59.763475],[10.816906,59.763583],[10.815745,59.763779],[10.814745,59.764084],[10.813771,59.764567],[10.813234,59.764991],[10.812708,59.765668],[10.812319,59.766522]],[[10.824397,59.761849],[10.825284,59.76083],[10.826196,59.76025],[10.827649,59.759738],[10.829237,59.759491]],[[10.821925,59.763243],[10.820827,59.763445]],[[10.820687,59.763425],[10.821874,59.76321]],[[11.237943,59.985225],[11.238236,59.98531]],[[10.234687,59.66082],[10.232376,59.657405],[10.230023,59.654394]],[[10.293571,59.764627],[10.291758,59.763936]],[[10.417379,59.27478],[10.411121,59.277172],[10.408035,59.278783],[10.406607,59.279406]],[[10.399351,59.293348],[10.402487,59.290382],[10.40443,59.28822]],[[10.408111,59.278614],[10.408134,59.27876]],[[10.385846,59.315685],[10.386463,59.317109],[10.387485,59.318705]],[[10.39942,59.293369],[10.394812,59.297144],[10.392624,59.299384],[10.39127,59.301177],[10.387287,59.307294],[10.386152,59.309354],[10.385468,59.31167],[10.385402,59.313573],[10.385846,59.315685]],[[10.387406,59.318716],[10.386529,59.317384],[10.385768,59.315694]],[[10.805237,63.413944],[10.80771,63.41473],[10.809608,63.41559],[10.811221,63.416699],[10.812208,63.417807]],[[10.407885,59.277693],[10.40807,59.278358]],[[10.766962,59.903238],[10.765417,59.90247],[10.763782,59.901892]],[[10.283786,59.761591],[10.284835,59.761882]],[[10.284798,59.761916],[10.283749,59.761625]],[[10.291758,59.763936],[10.289684,59.763275],[10.284798,59.761916]],[[10.291808,59.763901],[10.29363,59.764594]],[[10.464974,59.869752],[10.459058,59.866117]],[[10.465152,59.848147],[10.46429,59.847469],[10.463455,59.846993],[10.459703,59.845483],[10.456413,59.843935]],[[10.467557,59.850416],[10.467463,59.850282]],[[10.467742,59.850402],[10.467663,59.850275]],[[10.465248,59.848119],[10.464354,59.847446],[10.463508,59.846968],[10.45993,59.845531],[10.456569,59.843881]],[[10.456569,59.843881],[10.456422,59.843805]],[[10.46596,59.854488],[10.466786,59.853932],[10.467368,59.853363]],[[10.467301,59.85335],[10.46775,59.852673],[10.467971,59.851896],[10.467883,59.851104],[10.467557,59.850416]],[[10.461974,59.858345],[10.462068,59.85816]],[[10.463357,59.856196],[10.464201,59.855503],[10.465883,59.854456]],[[10.447755,59.840849],[10.4451,59.840661],[10.444054,59.84046],[10.443052,59.840166],[10.442174,59.839801],[10.441341,59.839315],[10.440785,59.83886],[10.440136,59.838087]],[[10.463571,59.856328],[10.46457,59.855445],[10.46596,59.854488]],[[10.465883,59.854456],[10.466709,59.853898],[10.467301,59.85335]],[[10.462252,59.858303],[10.462309,59.858188]],[[10.467368,59.853363],[10.467869,59.852596],[10.468065,59.851895],[10.468018,59.851097],[10.467742,59.850402]],[[10.462309,59.858188],[10.463352,59.856544]],[[10.462068,59.85816],[10.462286,59.85774]],[[10.456413,59.843935],[10.45628,59.843868]],[[10.463352,59.856544],[10.463571,59.856328]],[[10.462286,59.85774],[10.462761,59.856871],[10.463357,59.856196]],[[10.470491,59.86982],[10.469489,59.869616],[10.466142,59.869203]],[[10.466174,59.869166],[10.46545,59.869017]],[[10.45977,59.865783],[10.45958,59.865339]],[[10.475805,59.872276],[10.474581,59.871564]],[[10.484302,59.875141],[10.484061,59.87509]],[[10.474581,59.871564],[10.472517,59.870454],[10.47145,59.870067],[10.470491,59.86982]],[[10.459712,59.865331],[10.459618,59.86444],[10.459834,59.863287],[10.461089,59.860571]],[[10.465238,59.868969],[10.463817,59.868553],[10.462761,59.868106],[10.461876,59.867597],[10.460857,59.866822]],[[10.484061,59.87509],[10.478317,59.873479],[10.477057,59.872963],[10.475805,59.872276]],[[10.484129,59.875011],[10.478359,59.873445],[10.477107,59.872934],[10.475862,59.87225]],[[10.46545,59.869017],[10.465238,59.868969]],[[10.465471,59.869065],[10.465232,59.86901]],[[10.465232,59.86901],[10.464014,59.86867],[10.462699,59.868131],[10.461806,59.867621],[10.460755,59.866849]],[[10.484368,59.875071],[10.484129,59.875011]],[[10.459933,59.865809],[10.459712,59.865331]],[[10.474639,59.871538],[10.472577,59.870429],[10.470526,59.869782]],[[10.475862,59.87225],[10.474639,59.871538]],[[10.45958,59.865339],[10.45951,59.864438],[10.459697,59.863478],[10.460843,59.860783]],[[10.470526,59.869782],[10.469513,59.869571],[10.466174,59.869166]],[[10.466142,59.869203],[10.465471,59.869065]],[[10.503802,59.882898],[10.503725,59.882509]],[[10.491765,59.87661],[10.488914,59.875992],[10.485581,59.875382]],[[10.48561,59.87534],[10.484368,59.875071]],[[10.503538,59.882659],[10.503055,59.88175],[10.502308,59.880998],[10.501275,59.880339],[10.49962,59.879583]],[[10.485581,59.875382],[10.484302,59.875141]],[[10.503631,59.883111],[10.503538,59.882659]],[[10.503725,59.882509],[10.503303,59.881701],[10.502473,59.880941],[10.501603,59.880427],[10.499674,59.879555]],[[10.491794,59.876576],[10.489017,59.875951],[10.48561,59.87534]],[[10.516662,59.890985],[10.514981,59.890972]],[[10.516761,59.8909],[10.518566,59.891003],[10.520276,59.891241]],[[10.514924,59.891023],[10.510147,59.890938],[10.506181,59.890543]],[[10.515077,59.890885],[10.516761,59.8909]],[[10.516708,59.890946],[10.518392,59.891042],[10.520218,59.891289]],[[10.516602,59.891038],[10.514924,59.891023]],[[10.515022,59.890935],[10.516708,59.890946]],[[10.520117,59.891373],[10.518355,59.891138],[10.516602,59.891038]],[[10.520168,59.891331],[10.518527,59.891101],[10.516662,59.890985]],[[10.532103,59.894917],[10.536183,59.896135]],[[10.642803,59.914046],[10.641117,59.913841]],[[10.639357,59.913501],[10.64118,59.913738]],[[10.642803,59.914046],[10.641143,59.913799]],[[10.537128,59.896372],[10.545704,59.898489],[10.549111,59.8996],[10.551754,59.900798],[10.55643,59.903523],[10.559002,59.904838],[10.562887,59.906476],[10.566378,59.907657],[10.569601,59.908549],[10.574145,59.909534],[10.577726,59.910112],[10.584542,59.911031]],[[10.641143,59.913799],[10.639326,59.913556]],[[10.584534,59.911072],[10.577704,59.910151],[10.574117,59.909572],[10.569565,59.908585],[10.566336,59.907692],[10.562839,59.906509],[10.558947,59.904867],[10.556371,59.90355],[10.551695,59.900826],[10.549062,59.899632],[10.546857,59.898867],[10.544735,59.898285],[10.540569,59.897465]],[[10.639326,59.913556],[10.637772,59.913481],[10.636266,59.913534],[10.634869,59.913699],[10.633196,59.914039]],[[10.627304,59.914879],[10.629452,59.91475],[10.631476,59.914375]],[[10.440136,59.838087],[10.438781,59.836375],[10.437448,59.835382]],[[10.364342,59.741588],[10.36369,59.741748]],[[10.388158,59.745974],[10.387942,59.74586]],[[10.383604,59.743711],[10.382611,59.743278],[10.381632,59.743015],[10.380518,59.742853],[10.37908,59.74281]],[[10.427788,59.783587],[10.421022,59.776971],[10.419949,59.775445],[10.418684,59.772803]],[[10.436691,59.795401],[10.436308,59.794893],[10.436157,59.794381],[10.436514,59.792844],[10.436309,59.792085],[10.435943,59.791621],[10.433414,59.789325]],[[10.436691,59.795401],[10.436784,59.795489]],[[10.433218,59.789084],[10.43217,59.787721],[10.427788,59.783587]],[[10.520276,59.891241],[10.52279,59.891864]],[[10.522694,59.891955],[10.522946,59.892032]],[[10.520218,59.891289],[10.52274,59.891912]],[[10.522653,59.891993],[10.520117,59.891373]],[[10.507465,59.890622],[10.505863,59.890362],[10.504399,59.889863],[10.503285,59.889183],[10.502601,59.888374],[10.502324,59.88734],[10.502324,59.88642],[10.50263,59.885573],[10.503489,59.884126],[10.503631,59.883111]],[[10.503802,59.882898],[10.503569,59.884136],[10.502425,59.886699],[10.502429,59.887337],[10.502802,59.888439],[10.503453,59.889228],[10.504578,59.889886],[10.506137,59.890374],[10.507886,59.890622]],[[10.52274,59.891912],[10.522945,59.891974]],[[10.536685,59.896623],[10.530674,59.894626]],[[10.641201,59.913703],[10.642838,59.913985]],[[10.64118,59.913738],[10.642838,59.913985]],[[10.639342,59.913424],[10.641201,59.913703]],[[10.604247,59.907244],[10.600463,59.906418],[10.598845,59.905967],[10.597368,59.905389],[10.594914,59.904218],[10.593091,59.903577],[10.587473,59.902259]],[[10.587473,59.902259],[10.57894,59.900288],[10.577059,59.899746]],[[10.577134,59.899665],[10.584471,59.901385],[10.587734,59.902226]],[[10.575891,59.899413],[10.574833,59.899213],[10.573602,59.899093],[10.57018,59.89911]],[[10.551032,59.897223],[10.550806,59.897256]],[[10.552846,59.897051],[10.554926,59.89718],[10.556833,59.897589]],[[10.550783,59.89722],[10.551012,59.897186]],[[10.569972,59.899074],[10.570178,59.899072]],[[10.556765,59.897638],[10.555259,59.897357],[10.552834,59.897113]],[[10.57018,59.89911],[10.569974,59.899114]],[[10.659174,59.918054],[10.658965,59.917959]],[[10.659018,59.917933],[10.659222,59.918023]],[[10.679713,59.922085],[10.68398,59.920933],[10.685844,59.920346]],[[10.674972,59.923195],[10.673436,59.923207],[10.672223,59.923118],[10.670771,59.922892],[10.66968,59.922621],[10.668176,59.922074],[10.662154,59.919386]],[[10.801759,59.688896],[10.802469,59.689865]],[[10.802391,59.689879],[10.801681,59.68891]],[[10.685509,59.920539],[10.679755,59.92212]],[[10.692004,59.919201],[10.695044,59.919169],[10.701334,59.919589],[10.704008,59.919523],[10.712574,59.918483],[10.714146,59.918189],[10.718491,59.917174]],[[10.661618,59.91906],[10.664743,59.92027],[10.669562,59.922314],[10.671484,59.92283],[10.673425,59.923065]],[[10.673425,59.923065],[10.674788,59.923099],[10.676234,59.922934]],[[10.7589,59.909868],[10.760424,59.909627]],[[10.76119,59.909786],[10.76166,59.90965]],[[10.76166,59.90965],[10.763064,59.909213]],[[10.760082,59.909195],[10.760131,59.909184]],[[10.75965,59.908823],[10.760615,59.908711]],[[10.759054,59.909044],[10.762652,59.908622]],[[10.760802,59.908999],[10.761164,59.908935]],[[10.763459,59.90892],[10.761112,59.909507]],[[10.764546,59.908773],[10.763871,59.90897]],[[10.758271,59.909675],[10.761646,59.908893]],[[10.76054,59.908967],[10.760932,59.908923]],[[10.763459,59.90892],[10.760424,59.909627]],[[10.761956,59.909087],[10.758375,59.909948]],[[10.756627,59.910757],[10.75407,59.911358]],[[10.760179,59.908856],[10.762462,59.908593]],[[10.758242,59.909809],[10.762423,59.908812],[10.763804,59.908591]],[[10.211142,59.737439],[10.210248,59.737857]],[[10.195411,59.741832],[10.191922,59.742042]],[[10.030545,59.752338],[10.028158,59.751651]],[[10.196623,59.741605],[10.194966,59.741651]],[[10.207148,59.739377],[10.207948,59.73898]],[[10.208553,59.738741],[10.208007,59.739014]],[[15.241077,67.275142],[15.239414,67.276022],[15.238221,67.276893],[15.222926,67.29129],[15.221733,67.292167]],[[12.10445,57.953598],[12.109018,57.955398]],[[12.328178,58.181383],[12.326703,58.179172],[12.325054,58.176999],[12.320104,58.171413],[12.318645,58.169612],[12.317217,58.167562],[12.315817,58.165134],[12.31481,58.162916],[12.314227,58.161267],[12.307289,58.137693],[12.305734,58.132881],[12.304283,58.129804],[12.301017,58.124134],[12.298283,58.119582],[12.295785,58.115843],[12.29386,58.113364],[12.291517,58.110644],[12.288075,58.107171],[12.285543,58.104837],[12.267319,58.090204],[12.260322,58.084215],[12.252033,58.078063],[12.248645,58.075067],[12.246489,58.072839]],[[12.328838,58.182465],[12.328178,58.181383]],[[12.329277,58.183265],[12.328838,58.182465]],[[12.329842,58.184322],[12.329277,58.183265]],[[12.332662,58.207781],[12.332996,58.206701]],[[12.332996,58.206701],[12.333458,58.204353],[12.333577,58.201974],[12.332973,58.194057],[12.332677,58.192367],[12.331927,58.189433],[12.331031,58.186914],[12.329842,58.184322]],[[11.862046,57.699115],[11.860606,57.698976],[11.855794,57.698741],[11.854339,57.698548]],[[5.733946,58.848186],[5.733689,58.847517],[5.733191,58.845163]],[[5.733191,58.845163],[5.733099,58.844288]],[[5.733099,58.844288],[5.734118,58.848381]],[[5.805303,58.514162],[5.806079,58.515672],[5.806167,58.516289],[5.806054,58.516894]],[[5.803631,58.519462],[5.802519,58.520143]],[[12.004785,57.756434],[12.00418,57.758537]],[[12.006769,57.744136],[12.007163,57.745177],[12.007407,57.746361],[12.007362,57.747908],[12.004785,57.756434]],[[11.101747,60.201424],[11.104333,60.206308]],[[11.124745,60.166249],[11.121882,60.166597],[11.11719,60.167029]],[[11.124727,60.166209],[11.125649,60.166066]],[[11.125679,60.166105],[11.124745,60.166249]],[[10.913013,63.477759],[10.912431,63.478836],[10.91176,63.47966],[10.910759,63.480575],[10.909745,63.481294],[10.907722,63.482399],[10.904193,63.483832],[10.902264,63.484736],[10.90046,63.485764],[10.899159,63.486654]],[[10.913164,63.477331],[10.913013,63.477759]],[[10.92773,60.885094],[10.927518,60.885193]],[[5.70552,58.798858],[5.705335,58.799191]],[[5.709638,58.815982],[5.715843,58.822155]],[[5.705335,58.799191],[5.702705,58.804023],[5.702356,58.805413],[5.702322,58.807408],[5.702509,58.808442],[5.7032,58.80964],[5.704347,58.810815]],[[12.485527,57.896459],[12.485423,57.89639]],[[12.485357,57.896416],[12.48547,57.896494]],[[12.485423,57.89639],[12.484418,57.895528],[12.482924,57.8936],[12.481998,57.892784],[12.470346,57.885031],[12.46876,57.883879],[12.459119,57.874502],[12.457992,57.873688],[12.455253,57.872117],[12.453848,57.871144],[12.452901,57.870247],[12.44936,57.866195],[12.44815,57.865232],[12.446574,57.864423]],[[12.48547,57.896494],[12.489521,57.899118],[12.490608,57.899947],[12.491535,57.900987],[12.492099,57.902174],[12.492217,57.903662],[12.491787,57.911042],[12.491443,57.912137],[12.489946,57.914528],[12.489639,57.915747],[12.489777,57.91691],[12.490416,57.918139],[12.491086,57.918854],[12.492082,57.919619],[12.499842,57.924978],[12.500774,57.925526],[12.502477,57.926236],[12.504029,57.926656],[12.505758,57.926934],[12.508017,57.92709]],[[12.003116,57.724697],[12.00272,57.725208]],[[10.411525,59.270657],[10.411438,59.270708]],[[10.293469,59.218311],[10.292103,59.217475],[10.290691,59.216458],[10.28766,59.213828],[10.285287,59.21116],[10.284296,59.209381],[10.283902,59.207773],[10.283907,59.206407],[10.284191,59.205197],[10.285163,59.203151],[10.285566,59.201823],[10.28572,59.200175],[10.285545,59.198679],[10.285044,59.197158],[10.284422,59.195975],[10.278601,59.187284],[10.277719,59.185649],[10.277283,59.184248],[10.277124,59.182971],[10.277434,59.179479],[10.277389,59.178276],[10.277126,59.177017],[10.276426,59.175377],[10.275488,59.173973],[10.274357,59.172737],[10.266262,59.165432],[10.264874,59.164039]],[[12.106751,57.460001],[12.112051,57.459171],[12.114653,57.458582],[12.116751,57.45799],[12.126965,57.454696],[12.130114,57.453612],[12.133308,57.452322],[12.136605,57.450745]],[[12.106141,57.460088],[12.106751,57.460001]],[[11.837139,58.021426],[11.838225,58.023675],[11.838432,58.024849],[11.838195,58.026069],[11.837892,58.02674],[11.837393,58.027423],[11.836468,58.028272],[11.835577,58.028856],[11.830284,58.031365],[11.829202,58.031959],[11.823555,58.036191]],[[11.832858,58.012783],[11.832998,58.013048]],[[11.917732,58.230083],[11.917291,58.230536]],[[11.91949,58.228235],[11.917732,58.230083]],[[12.079708,57.486421],[12.079519,57.483202]],[[12.079716,57.486627],[12.079708,57.486421]],[[12.09026,57.521597],[12.085387,57.515642],[12.084086,57.513554],[12.083225,57.511737],[12.080873,57.504558],[12.080578,57.502552],[12.080277,57.497437]],[[12.090474,57.521859],[12.09026,57.521597]],[[12.136613,57.450649],[12.133256,57.452292],[12.130068,57.453583],[12.116714,57.457956],[12.114625,57.458545],[12.11202,57.459127],[12.106725,57.459955]],[[12.106118,57.460045],[12.103205,57.460465],[12.100357,57.460975],[12.098497,57.461389],[12.09571,57.462153],[12.09393,57.46274],[12.089879,57.46427],[12.087772,57.465192],[12.086333,57.465944]],[[12.106725,57.459955],[12.106118,57.460045]],[[12.079637,57.486422],[12.079649,57.486629]],[[12.086333,57.465944],[12.084186,57.467352]],[[12.079436,57.482881],[12.079452,57.483204]],[[12.084186,57.467352],[12.082611,57.468598],[12.080866,57.470509],[12.079904,57.472033],[12.079263,57.473613],[12.078916,57.475754],[12.079436,57.482881]],[[12.079649,57.486629],[12.080014,57.49299]],[[12.079452,57.483204],[12.079637,57.486422]],[[6.62445,58.403944],[6.623529,58.403673],[6.622954,58.403412],[6.622048,58.402669]],[[6.621277,58.401211],[6.623015,58.398088],[6.623369,58.397219],[6.623333,58.396523]],[[12.446533,57.864459],[12.44796,57.865176],[12.449301,57.866226],[12.452822,57.870263],[12.45405,57.871373],[12.455067,57.872065],[12.4578,57.87363],[12.45926,57.874697],[12.468697,57.883899],[12.473734,57.88742],[12.481887,57.892772],[12.48294,57.89371],[12.484348,57.895546],[12.485357,57.896416]],[[12.040013,57.655483],[12.04158,57.655208],[12.042862,57.655087],[12.044292,57.655051],[12.048452,57.655174],[12.052112,57.654751],[12.061611,57.65518],[12.062902,57.655308],[12.06454,57.655612],[12.065906,57.656012],[12.069722,57.65742],[12.07085,57.657661],[12.071984,57.657747],[12.083287,57.656888]],[[12.039398,57.655633],[12.040013,57.655483]],[[12.037663,57.656199],[12.03813,57.656029]],[[12.034449,57.657346],[12.034809,57.657218]],[[12.034809,57.657218],[12.037133,57.656388]],[[12.03813,57.656029],[12.039398,57.655633]],[[13.337844,65.238548],[13.336813,65.239075],[13.332189,65.241911],[13.326184,65.244435],[13.323473,65.245805],[13.322333,65.246567],[13.321496,65.247549],[13.320752,65.24971],[13.320528,65.251016],[13.320676,65.252564],[13.320489,65.25327],[13.320032,65.253922],[13.319454,65.254442],[13.31863,65.25496],[13.317588,65.255448]],[[13.341694,65.237248],[13.337844,65.238548]],[[13.357947,65.225517],[13.357868,65.225636]],[[11.871822,58.354226],[11.869872,58.354285],[11.867583,58.354537],[11.865294,58.355013],[11.86357,58.355565],[11.859811,58.357207],[11.853537,58.359681],[11.852443,58.360309],[11.849633,58.362625],[11.848009,58.36343],[11.846198,58.364004],[11.8439,58.364412],[11.841102,58.364508],[11.839257,58.364349],[11.834091,58.363436],[11.831162,58.363233],[11.823966,58.363475],[11.821394,58.363763],[11.819851,58.364125],[11.818039,58.364786],[11.813871,58.367037],[11.796574,58.372926],[11.794388,58.373809],[11.792799,58.374693],[11.790871,58.37596],[11.751434,58.402756],[11.734949,58.412429],[11.734099,58.413133],[11.733544,58.413916],[11.732524,58.416451],[11.729233,58.420516],[11.728197,58.422018],[11.72576,58.42472],[11.722672,58.428533]],[[13.207227,65.830853],[13.206601,65.831503],[13.206007,65.832533],[13.205847,65.833273],[13.205948,65.834349]],[[13.20737,65.83073],[13.207227,65.830853]],[[13.235587,65.749721],[13.238614,65.750792]],[[13.238614,65.750792],[13.239799,65.751294],[13.240734,65.752011],[13.241088,65.752708],[13.240985,65.753683]],[[13.202995,65.841904],[13.202763,65.842114]],[[13.202763,65.842114],[13.202036,65.842773]],[[13.21767,65.815262],[13.217553,65.815583]],[[13.217683,65.815195],[13.21767,65.815262]],[[13.217467,65.815748],[13.213884,65.82183],[13.212852,65.825773],[13.212339,65.826844],[13.211607,65.827736],[13.210761,65.828474],[13.20737,65.83073]],[[13.217553,65.815583],[13.217467,65.815748]],[[13.18928,65.864606],[13.188464,65.865392],[13.187559,65.865931],[13.184241,65.867368],[13.18134,65.868803],[13.178159,65.870096],[13.175546,65.871495],[13.174023,65.872015],[13.170415,65.872897],[13.169155,65.873406],[13.168396,65.873843],[13.164066,65.878267],[13.163103,65.880822],[13.16238,65.88162],[13.160068,65.88349],[13.159689,65.884137],[13.159628,65.884941]],[[13.189457,65.864334],[13.18928,65.864606]],[[13.329493,65.594884],[13.327835,65.595345],[13.326403,65.595893]],[[13.326403,65.595893],[13.325459,65.596402],[13.324759,65.597087],[13.324565,65.597541],[13.32435,65.599429],[13.323829,65.600251],[13.322928,65.601023],[13.321938,65.601502],[13.320815,65.601845],[13.316913,65.602502],[13.314939,65.603051]],[[12.056224,57.601261],[12.056733,57.600912]],[[12.056733,57.600912],[12.063025,57.596102]],[[13.211815,65.721462],[13.212001,65.723237],[13.212936,65.724534],[13.213234,65.725308],[13.213298,65.731441],[13.213762,65.732294],[13.215337,65.733896],[13.216421,65.735651],[13.218267,65.737511],[13.220778,65.739478],[13.227935,65.744319],[13.231374,65.746124],[13.232275,65.746714],[13.23297,65.747397],[13.233736,65.748539]],[[13.212429,65.718516],[13.21185,65.71981],[13.211815,65.721462]],[[13.236331,65.707144],[13.232988,65.708895],[13.229325,65.710209],[13.226526,65.711431],[13.224412,65.711987],[13.221835,65.712307]],[[13.238452,65.705952],[13.236331,65.707144]],[[13.24408,65.695751],[13.244792,65.697704],[13.244748,65.698683],[13.244407,65.699491],[13.242743,65.701473],[13.239256,65.705237],[13.238452,65.705952]],[[13.24502,65.691988],[13.244624,65.692627]],[[13.245763,65.690115],[13.245775,65.690649],[13.245458,65.691288]],[[13.245458,65.691288],[13.24502,65.691988]],[[13.245762,65.681775],[13.244046,65.683169]],[[13.244046,65.683169],[13.243009,65.684028],[13.242485,65.684844],[13.242418,65.685634],[13.242783,65.687114]],[[13.247089,65.678786],[13.246287,65.681028],[13.245762,65.681775]],[[13.247758,65.676812],[13.247089,65.678786]],[[13.303434,65.611209],[13.302994,65.611712],[13.302791,65.612432],[13.302953,65.612985],[13.303851,65.614325],[13.303805,65.615104],[13.303322,65.61576],[13.30158,65.617245],[13.300545,65.618834],[13.299723,65.619462],[13.298448,65.620004],[13.296866,65.620373],[13.28574,65.621763]],[[13.305164,65.610195],[13.304018,65.610775],[13.303434,65.611209]],[[13.361192,65.155645],[13.362398,65.156335],[13.363229,65.157076],[13.364373,65.159074],[13.366272,65.160779],[13.366805,65.16141],[13.367147,65.162075],[13.367323,65.162952]],[[13.360795,65.155465],[13.361192,65.155645]],[[13.381401,65.540656],[13.38125,65.54152],[13.381874,65.543106],[13.381403,65.544432],[13.381453,65.54514],[13.382526,65.546984],[13.384172,65.548826],[13.384247,65.551202],[13.384727,65.553338],[13.385389,65.554129],[13.386961,65.555454],[13.387383,65.556169],[13.387483,65.556931],[13.387136,65.557886],[13.385542,65.560506],[13.384915,65.561077],[13.383373,65.562048],[13.382728,65.562839],[13.38272,65.563742],[13.383631,65.565148],[13.383686,65.565609],[13.38348,65.566186],[13.382883,65.566801],[13.382321,65.567153],[13.378856,65.568744]],[[13.381717,65.53996],[13.381401,65.540656]],[[13.38512,65.531839],[13.384507,65.532495],[13.384315,65.533087]],[[13.386426,65.530006],[13.38616,65.530887],[13.38512,65.531839]],[[11.24169,58.933992],[11.240249,58.934272]],[[11.24334,58.933676],[11.24169,58.933992]],[[11.256671,58.92974],[11.2556,58.930358],[11.253998,58.931102]],[[11.259275,58.927471],[11.258045,58.928732],[11.256671,58.92974]],[[11.27034,58.913647],[11.270143,58.913805]],[[13.159628,65.884941],[13.160523,65.886729],[13.160514,65.887758],[13.159807,65.888885],[13.157507,65.890566],[13.156736,65.891404],[13.156505,65.892069],[13.15658,65.89274],[13.157401,65.893842]],[[11.173977,58.93046],[11.173199,58.930633]],[[11.176164,58.930345],[11.175026,58.930342],[11.173977,58.93046]],[[13.167132,65.902803],[13.167107,65.903803],[13.167476,65.904547]],[[13.167189,65.902373],[13.167132,65.902803]],[[13.343574,65.364421],[13.344702,65.365111],[13.345606,65.365911],[13.346783,65.368217],[13.348197,65.369801],[13.350289,65.371245],[13.353523,65.37284],[13.354322,65.373388],[13.354898,65.373953],[13.358623,65.37896],[13.361849,65.382585],[13.36279,65.38395],[13.36319,65.384826],[13.36324,65.385642],[13.362937,65.386318],[13.362249,65.387051]],[[13.340634,65.362186],[13.341228,65.362924],[13.341814,65.363403],[13.343574,65.364421]],[[13.313854,65.281135],[13.313235,65.28179]],[[13.313235,65.28179],[13.310146,65.285079],[13.309588,65.286116],[13.309601,65.287063],[13.310311,65.288503],[13.310445,65.289359],[13.309919,65.291369],[13.308378,65.295325],[13.308438,65.296061],[13.309296,65.298297],[13.309554,65.299931],[13.309437,65.30058],[13.3088,65.301801],[13.308502,65.302751]],[[13.316207,65.256052],[13.315856,65.256206]],[[13.315856,65.256206],[13.314161,65.257188],[13.312265,65.259041],[13.311336,65.26032],[13.310674,65.261873],[13.310027,65.262659],[13.308653,65.263601],[13.305914,65.264761],[13.304646,65.265474],[13.303489,65.266615],[13.303119,65.267714],[13.303215,65.268375],[13.303578,65.269109],[13.3048,65.271116],[13.305796,65.272264],[13.307147,65.273334],[13.312919,65.27696],[13.314049,65.277915],[13.314509,65.278648],[13.314665,65.279506],[13.31443,65.280349],[13.313854,65.281135]],[[13.362249,65.387051],[13.3616,65.387765]],[[13.361303,65.388874],[13.361647,65.389728]],[[13.388124,65.425472],[13.388126,65.426505],[13.388676,65.427494],[13.389685,65.428368],[13.392001,65.429607],[13.393236,65.430509],[13.393812,65.43124],[13.394518,65.432995]],[[13.38815,65.425357],[13.388124,65.425472]],[[13.361647,65.389728],[13.362361,65.390439],[13.363166,65.39094],[13.370052,65.393955],[13.371181,65.39457],[13.372224,65.395448],[13.377993,65.401293],[13.379584,65.40248]],[[13.3616,65.387765],[13.361303,65.388874]],[[13.383823,65.535431],[13.381794,65.539801]],[[13.36735,65.163109],[13.368346,65.16991],[13.368271,65.170615]],[[13.376442,65.511117],[13.375301,65.511482],[13.37435,65.51191],[13.37309,65.512847],[13.371188,65.515652],[13.371135,65.516278],[13.371511,65.516996]],[[13.402712,65.488217],[13.402818,65.489236],[13.402428,65.490207],[13.401524,65.491166],[13.400206,65.492]],[[10.888003,59.95021],[10.887886,59.950087]],[[10.887965,59.950067],[10.888082,59.95019]],[[10.909772,59.951107],[10.902275,59.953148],[10.900197,59.953621],[10.898691,59.953801],[10.897134,59.953851],[10.895706,59.953779],[10.894474,59.953621]],[[10.357563,63.384519],[10.357881,63.384773]],[[10.357881,63.384773],[10.359083,63.385378],[10.360772,63.385824]],[[11.60624,63.443964],[11.606516,63.443936]],[[11.606516,63.443936],[11.608254,63.443822],[11.612412,63.443784]],[[12.479135,63.310313],[12.478723,63.310261]],[[12.485962,63.311714],[12.482608,63.310878],[12.479135,63.310313]],[[10.332134,60.197105],[10.331525,60.196985]],[[13.358931,65.219519],[13.358977,65.219606]],[[13.358977,65.219606],[13.359152,65.220676],[13.358072,65.222552],[13.358059,65.223653]],[[7.962353,58.247827],[7.959598,58.247341],[7.957665,58.246644],[7.955445,58.245595],[7.9548,58.245039],[7.954456,58.244507]],[[7.962517,58.247857],[7.962353,58.247827]],[[9.634591,59.633277],[9.633816,59.632712],[9.63303,59.632352],[9.631709,59.631998],[9.630527,59.631862]],[[9.626731,59.631798],[9.625585,59.631654]],[[12.004464,57.737014],[12.00447,57.73871],[12.004765,57.739983],[12.006769,57.744136]],[[12.003729,57.725684],[12.003541,57.724711]],[[12.065799,57.923072],[12.06435,57.921408],[12.05483,57.911797],[12.053095,57.909848],[12.051445,57.90763],[12.049252,57.903902],[12.040948,57.888714],[12.039988,57.886646],[12.038031,57.881154],[12.037196,57.879501],[12.036146,57.87792],[12.03475,57.876235],[12.032747,57.874315],[12.031235,57.873105],[12.023281,57.867458],[12.021666,57.866124],[12.020218,57.864723],[12.018745,57.862992],[12.017535,57.86117],[12.014501,57.854596],[12.013703,57.852139],[12.01342,57.850045],[12.012732,57.836078],[12.012702,57.832355],[12.012919,57.828527],[12.013334,57.825106],[12.015728,57.812228],[12.015866,57.809237],[12.015681,57.804211]],[[9.645803,59.674359],[9.646799,59.674134],[9.647739,59.67379]],[[11.216396,60.295639],[11.212367,60.292142],[11.210429,60.289944]],[[10.753553,59.910819],[10.756096,59.910198]],[[10.758375,59.909948],[10.753792,59.911051]],[[10.7589,59.909868],[10.753827,59.911093]],[[10.753654,59.910909],[10.758242,59.909809]],[[10.760424,59.909627],[10.756455,59.910579]],[[10.75407,59.911358],[10.752621,59.911553]],[[10.750174,59.911931],[10.751014,59.911717]],[[10.751014,59.911717],[10.753792,59.911051]],[[10.756591,59.910719],[10.754037,59.911318]],[[10.753402,59.910657],[10.759019,59.909288]],[[10.755963,59.910059],[10.758714,59.909401],[10.760802,59.908999]],[[10.75606,59.910162],[10.760082,59.909195]],[[5.336206,60.389003],[5.333702,60.390015]],[[5.35342,60.382511],[5.352542,60.382953]],[[5.348834,60.384444],[5.345213,60.385522]],[[5.352174,60.383218],[5.35165,60.383468]],[[5.35381,60.382296],[5.35342,60.382511]],[[5.453671,60.415378],[5.452145,60.414699]],[[5.452145,60.414699],[5.396497,60.389946],[5.380832,60.382891],[5.376949,60.38137],[5.374803,60.380765]],[[5.344449,60.385714],[5.346665,60.385008]],[[11.386646,62.571896],[11.386372,62.57117],[11.385765,62.570622],[11.38502,62.570239],[11.383823,62.569859]],[[11.383823,62.569859],[11.383697,62.569825]],[[9.580787,59.634928],[9.580666,59.63487]],[[9.580666,59.63487],[9.57882,59.634175]],[[11.374963,62.567477],[11.372796,62.567019],[11.370513,62.566918],[11.355546,62.568081],[11.352768,62.568368]],[[11.352768,62.568368],[11.352592,62.568392]],[[11.597109,58.951414],[11.599882,58.950551]],[[10.833182,59.715561],[10.834042,59.71885]],[[10.763044,59.9026],[10.761314,59.901784]],[[14.617224,67.293284],[14.603261,67.291397],[14.596675,67.290205],[14.594153,67.289854]],[[14.701988,67.303367],[14.698316,67.302884]],[[14.630188,67.293184],[14.622343,67.293579]],[[14.64022,67.293381],[14.639932,67.293384]],[[14.741328,67.311647],[14.739961,67.313086],[14.738003,67.314332]],[[14.698316,67.302884],[14.696402,67.302616],[14.695108,67.302327],[14.690477,67.300848],[14.684888,67.299273],[14.683372,67.298701],[14.680442,67.297321],[14.677033,67.296333],[14.67526,67.295902],[14.67376,67.295651],[14.672071,67.295502],[14.670306,67.29546]],[[14.727294,67.315462],[14.725409,67.315085],[14.724069,67.314657],[14.722902,67.3141],[14.722011,67.313421],[14.721598,67.312861],[14.721427,67.312192],[14.721887,67.310679],[14.721849,67.310008],[14.721453,67.309308],[14.720595,67.308594]],[[14.639932,67.293384],[14.638042,67.293362],[14.633496,67.293123]],[[14.738003,67.314332],[14.735953,67.315078],[14.734794,67.315341],[14.733181,67.315578],[14.730457,67.31571],[14.728696,67.315628],[14.727294,67.315462]],[[14.720595,67.308594],[14.719107,67.307835],[14.717323,67.307267],[14.71055,67.305382],[14.701988,67.303367]],[[14.777683,67.29633],[14.769198,67.296718],[14.764762,67.296699]],[[14.764762,67.296699],[14.760001,67.296416],[14.757812,67.296364],[14.755294,67.29646],[14.752844,67.296721]],[[13.378856,65.568744],[13.3777,65.569536],[13.377054,65.57051]],[[13.377054,65.57051],[13.376924,65.571992],[13.376596,65.572674],[13.374314,65.574376]],[[13.393454,65.461979],[13.393559,65.462088]],[[13.393559,65.462088],[13.394583,65.462925],[13.398963,65.465773],[13.399689,65.466482],[13.400084,65.467154],[13.400618,65.47092],[13.400079,65.473185],[13.4004,65.473913],[13.401414,65.475084],[13.401588,65.475771],[13.401364,65.476409],[13.400448,65.477427],[13.400165,65.477977],[13.400464,65.479784],[13.399971,65.481734],[13.399954,65.483102],[13.400197,65.484173],[13.400668,65.485252],[13.402269,65.487408],[13.402712,65.488217]],[[6.952577,58.381933],[6.951046,58.382309]],[[6.953182,58.381774],[6.952577,58.381933]],[[12.038409,58.345493],[12.039708,58.344658],[12.04019,58.344191],[12.041372,58.342652],[12.042274,58.341958],[12.046074,58.339768],[12.047102,58.339283],[12.048828,58.338712],[12.050399,58.338335]],[[12.373224,58.364588],[12.379344,58.363599],[12.381951,58.363009],[12.384851,58.36218],[12.388241,58.360944],[12.394241,58.358481],[12.405895,58.353226]],[[12.142316,58.331932],[12.154012,58.33277],[12.158426,58.33298],[12.16252,58.33297],[12.168866,58.332646],[12.17336,58.332581],[12.189118,58.332931],[12.193137,58.333304],[12.205264,58.335186],[12.209941,58.336075],[12.233838,58.341226],[12.237265,58.342151],[12.238411,58.342515],[12.241758,58.343859],[12.257829,58.350449],[12.262338,58.352571]],[[12.959854,58.251407],[12.972466,58.236965],[12.973963,58.235185],[12.975386,58.233136],[12.981751,58.220433],[12.995614,58.19161],[12.99612,58.189875],[12.998523,58.171925],[12.998667,58.170184],[12.998995,58.15769],[12.999351,58.155845],[12.999951,58.154358],[13.004292,58.146741],[13.006314,58.143955],[13.024169,58.123805]],[[12.371196,58.364914],[12.372018,58.364783]],[[11.990981,58.348412],[11.994523,58.347611]],[[12.420737,58.352305],[12.435584,58.356783]],[[12.0088,58.345357],[12.017205,58.344915],[12.018747,58.344686],[12.022031,58.344032],[12.024332,58.343878],[12.026877,58.344018],[12.028184,58.344255],[12.032274,58.345733],[12.033592,58.346058],[12.034628,58.34614],[12.036091,58.346094],[12.037467,58.345831],[12.038409,58.345493]],[[12.130698,58.333037],[12.13617,58.332063],[12.1376,58.331887],[12.139213,58.331812],[12.142316,58.331932]],[[12.05931,57.731785],[12.076706,57.734475]],[[12.001519,57.72006],[11.993709,57.715427]],[[12.710111,58.009467],[12.709456,58.009214]],[[12.58674,57.95642],[12.608083,57.968448],[12.634513,57.983123],[12.636602,57.984032],[12.639041,57.984876],[12.650323,57.987809]],[[12.71006,58.009496],[12.713866,58.01092],[12.71578,58.011769],[12.717053,58.012488],[12.721631,58.015451],[12.72278,58.016068],[12.724068,58.016648],[12.730341,58.019026],[12.737966,58.023035],[12.73915,58.023551],[12.740431,58.024017],[12.742666,58.024639],[12.745004,58.025087],[12.747868,58.025501]],[[12.747903,58.025469],[12.745027,58.025051],[12.742714,58.02461],[12.740479,58.023996],[12.739219,58.02353],[12.736398,58.022174],[12.731664,58.019604],[12.730381,58.018999],[12.724093,58.01661],[12.72281,58.016038],[12.715837,58.011738],[12.713893,58.010882],[12.710111,58.009467]],[[12.747868,58.025501],[12.78561,58.030805]],[[12.406416,57.831661],[12.405574,57.831451]],[[12.19125,57.751167],[12.1875,57.751141]],[[12.405545,57.831485],[12.406391,57.831699]],[[12.405574,57.831451],[12.404478,57.831218]],[[12.406391,57.831699],[12.407387,57.831983]],[[12.024419,57.724693],[12.021033,57.724597],[12.016765,57.724786],[12.01458,57.72466]],[[12.059363,57.731738],[12.046766,57.729292],[12.045152,57.728936],[12.036687,57.726734],[12.030724,57.725491]],[[12.030724,57.725491],[12.027955,57.724989],[12.024419,57.724693]],[[12.024381,57.724788],[12.027168,57.724967],[12.028766,57.72517],[12.033893,57.726179]],[[12.033893,57.726179],[12.036668,57.726765],[12.04556,57.72908],[12.05931,57.731785]],[[12.191243,57.751221],[12.193856,57.751393],[12.198757,57.752135],[12.204511,57.752394],[12.20635,57.752391],[12.211178,57.75201],[12.213109,57.752054],[12.215,57.752297],[12.218263,57.753001],[12.219883,57.753213],[12.222016,57.753278],[12.227398,57.753102],[12.229385,57.753281],[12.23131,57.753651]],[[12.508031,57.92705],[12.505571,57.92687],[12.504146,57.926638],[12.502413,57.926166],[12.501038,57.925602],[12.499728,57.924837],[12.492014,57.919505],[12.491106,57.918793],[12.490536,57.918186],[12.490138,57.917585],[12.489833,57.916821],[12.489728,57.915643],[12.489988,57.914609],[12.491474,57.912229],[12.491843,57.911175],[12.4923,57.903439],[12.492195,57.902261],[12.491598,57.900954],[12.490404,57.899692],[12.485527,57.896459]],[[12.147669,57.747368],[12.149569,57.747566],[12.151197,57.747637],[12.157129,57.747534]],[[12.14768,57.74733],[12.116528,57.743797],[12.112599,57.743043],[12.097928,57.73959]],[[12.159358,57.43636],[12.158915,57.436735]],[[12.137488,57.450176],[12.136613,57.450649]],[[12.165778,57.421259],[12.165988,57.422554]],[[12.165988,57.422554],[12.166055,57.423973]],[[12.138677,57.357877],[12.137279,57.360022],[12.136507,57.361469],[12.131641,57.371515],[12.130872,57.373546],[12.130351,57.376102],[12.130304,57.378572],[12.13074,57.381167],[12.131482,57.383288],[12.132273,57.384878],[12.133591,57.386919],[12.134388,57.387936],[12.136156,57.38984],[12.161388,57.413373],[12.163021,57.415332],[12.164294,57.41733],[12.165159,57.419189],[12.165778,57.421259]],[[12.166055,57.423973],[12.165627,57.427141]],[[12.158915,57.436735],[12.156657,57.438438],[12.151386,57.44208],[12.137488,57.450176]],[[12.165627,57.427141],[12.164777,57.429533],[12.163305,57.432089],[12.161732,57.434071],[12.159358,57.43636]],[[11.944773,57.761152],[11.943549,57.764816],[11.943231,57.766356],[11.943393,57.767799],[11.944746,57.774246],[11.944814,57.775328],[11.944693,57.776269],[11.944008,57.777969],[11.939575,57.785029],[11.938378,57.786453],[11.936538,57.787883],[11.927435,57.792526],[11.9259,57.793456],[11.917881,57.799788]],[[11.917881,57.799788],[11.912507,57.803994],[11.910821,57.80543],[11.909612,57.807043],[11.908869,57.808645]],[[6.415514,60.629777],[6.415267,60.629768]],[[6.413261,60.629563],[6.406941,60.628779]],[[10.450207,63.440016],[10.453575,63.439513],[10.458355,63.438529]],[[10.44783,63.440122],[10.447958,63.440126]],[[10.857954,59.940152],[10.846737,59.938705],[10.844549,59.938242],[10.841625,59.937355]],[[10.841625,59.937355],[10.841526,59.93732]],[[10.841613,59.937302],[10.841705,59.937334]],[[12.143219,57.989297],[12.144383,57.980733],[12.144286,57.978758],[12.143964,57.97737],[12.143582,57.976681],[12.140885,57.973238]],[[12.140792,57.973244],[12.143484,57.976693],[12.143961,57.977742],[12.144157,57.978767],[12.144259,57.98073],[12.143136,57.989294]],[[9.101871,59.297344],[9.102192,59.296623],[9.102142,59.29577],[9.101923,59.295315],[9.101082,59.294271]],[[9.101737,59.29755],[9.101871,59.297344]],[[9.097948,59.304685],[9.097911,59.304586]],[[9.097911,59.304586],[9.097825,59.303932],[9.097923,59.3035]],[[12.116603,57.95852],[12.113241,57.957196],[12.111112,57.956225]],[[11.833885,57.984182],[11.830597,57.993139],[11.829636,57.994975],[11.827217,57.998559],[11.826853,57.99943],[11.826766,58.000046],[11.826804,58.000847],[11.827143,58.001822],[11.832858,58.012783]],[[11.980754,57.726464],[11.97917,57.726048],[11.977761,57.7258]],[[11.92123,58.222371],[11.921097,58.224474],[11.9204,58.226796]],[[11.878106,57.918844],[11.877317,57.919857],[11.876883,57.920781],[11.876779,57.921559],[11.877149,57.923463],[11.877125,57.923949],[11.876891,57.924768],[11.876591,57.925295],[11.875572,57.926777],[11.874823,57.927527],[11.873926,57.928105],[11.871956,57.929085],[11.870551,57.930118],[11.869966,57.930904],[11.869436,57.932558]],[[11.919753,58.197973],[11.919269,58.198453],[11.915609,58.20127],[11.914893,58.202168],[11.914466,58.203459],[11.914642,58.205765],[11.914,58.209232],[11.914206,58.210394],[11.91448,58.210978],[11.916465,58.213251],[11.917468,58.214762]],[[11.899262,58.262769],[11.897788,58.263796],[11.896282,58.265486]],[[11.917468,58.214762],[11.917708,58.215297]],[[11.917205,58.354795],[11.916622,58.354889]],[[11.916622,58.354889],[11.909909,58.356006],[11.907761,58.356131],[11.905753,58.356015]],[[11.917708,58.215297],[11.918826,58.21803]],[[11.920215,58.227189],[11.91949,58.228235]],[[11.877401,58.285513],[11.876682,58.286323],[11.876221,58.287171],[11.876003,58.288071],[11.876044,58.288806],[11.876512,58.289949],[11.877119,58.290708],[11.877621,58.291167],[11.878763,58.291936],[11.880597,58.292749],[11.885877,58.294451],[11.909802,58.304154],[11.910709,58.304664],[11.91144,58.305237],[11.913734,58.307515],[11.914715,58.308145],[11.916148,58.308832],[11.917784,58.309352],[11.92887,58.312028],[11.930938,58.312806],[11.937154,58.315615]],[[11.823555,58.036191],[11.822636,58.037003],[11.821986,58.037957],[11.821699,58.038876],[11.821555,58.040498],[11.821257,58.041315],[11.820758,58.042057],[11.819691,58.043035],[11.817189,58.044703],[11.816311,58.045696],[11.815919,58.046557],[11.815899,58.047604],[11.816322,58.048597],[11.818347,58.051233],[11.82009,58.052785]],[[11.869436,57.932558],[11.868078,57.935244],[11.867246,57.936143],[11.866134,57.936939],[11.864779,57.937603],[11.863499,57.938048],[11.858094,57.939239],[11.85584,57.939943],[11.854555,57.940579],[11.853736,57.941135],[11.852966,57.941845],[11.852188,57.942784]],[[11.82009,58.052785],[11.82141,58.053887],[11.822265,58.054849],[11.822716,58.055813],[11.822839,58.056737],[11.822544,58.057906],[11.822058,58.058678],[11.819337,58.061265],[11.818496,58.062412],[11.818186,58.063797],[11.818333,58.064698],[11.818553,58.065172]],[[11.832062,58.088104],[11.833638,58.092515],[11.834247,58.093591],[11.834845,58.094224],[11.835534,58.094774],[11.836811,58.095509],[11.844493,58.098951],[11.846861,58.099715],[11.853824,58.101199],[11.855423,58.10165],[11.869958,58.107936],[11.87076,58.108229],[11.873048,58.108857],[11.875097,58.109356],[11.877012,58.109659],[11.878178,58.109777],[11.883902,58.110055],[11.885619,58.110232],[11.887279,58.110576],[11.888253,58.110865],[11.891327,58.111968],[11.893776,58.11244],[11.895431,58.112569],[11.900581,58.11254],[11.901498,58.112607],[11.903206,58.112876],[11.90447,58.113193],[11.905838,58.113679],[11.910261,58.115873],[11.912395,58.116696]],[[11.896282,58.265486],[11.89122,58.271472],[11.886928,58.27618],[11.877401,58.285513]],[[12.237049,57.68292],[12.237369,57.682918]],[[12.237369,57.682918],[12.240825,57.682944],[12.242931,57.683251]],[[11.937638,58.315891],[11.938314,58.31633]],[[12.905065,58.312286],[12.904456,58.311801],[12.904075,58.311301],[12.903888,58.310427],[12.90424,58.309564],[12.905429,58.308541]],[[12.905429,58.308541],[12.908181,58.306411],[12.910359,58.304427],[12.911988,58.302669]],[[7.874927,58.156579],[7.874193,58.156571],[7.873202,58.156452]],[[7.930674,58.154209],[7.929834,58.154379]],[[7.943403,58.154665],[7.939853,58.153713]],[[7.937962,58.153366],[7.937055,58.153289]],[[7.828406,58.162949],[7.828022,58.163279]],[[7.937055,58.153289],[7.934849,58.153317]],[[7.833556,58.15855],[7.833419,58.158669]],[[7.877407,58.156223],[7.876236,58.156467],[7.874927,58.156579]],[[7.934849,58.153317],[7.932727,58.153647]],[[7.833419,58.158669],[7.828406,58.162949]],[[7.912587,58.154593],[7.907666,58.154006],[7.903965,58.153732],[7.900066,58.153604],[7.895821,58.153651],[7.891263,58.153918],[7.887019,58.154375],[7.883189,58.154969],[7.879503,58.155718]],[[7.927235,58.154594],[7.917243,58.154893],[7.914947,58.154832],[7.912587,58.154593]],[[7.948358,58.154953],[7.947059,58.155073],[7.945811,58.155078],[7.944765,58.154968],[7.943709,58.154747]],[[7.972818,58.150039],[7.972664,58.150127]],[[7.980527,58.146037],[7.979504,58.146423],[7.977886,58.147508],[7.974378,58.149156],[7.972818,58.150039]],[[7.97272,58.150154],[7.972871,58.150066]],[[7.972871,58.150066],[7.974674,58.14906]],[[9.09782,59.308494],[9.098297,59.306902]],[[9.088028,59.339346],[9.088085,59.339093]],[[9.098297,59.306902],[9.09843,59.305829],[9.097948,59.304685]],[[9.088085,59.339093],[9.088585,59.337522],[9.089535,59.335666],[9.090114,59.335109],[9.091449,59.334212],[9.092038,59.333589],[9.092881,59.331116],[9.092871,59.330503],[9.092591,59.329917],[9.089594,59.327007],[9.089199,59.326322],[9.089139,59.325804],[9.089417,59.323566],[9.090324,59.321913],[9.09054,59.320412],[9.091049,59.319072],[9.091816,59.317931],[9.093479,59.31649],[9.093998,59.31576],[9.094136,59.315008],[9.09386,59.313559],[9.094003,59.31296]],[[12.282755,58.421331],[12.283615,58.419359],[12.285359,58.416403],[12.288874,58.412212],[12.290488,58.41011],[12.294108,58.404526]],[[12.281446,58.497127],[12.276817,58.48939]],[[12.276093,58.362871],[12.276461,58.363515]],[[12.294403,58.400054],[12.289023,58.392034],[12.283702,58.382576]],[[12.38568,58.594061],[12.383423,58.590071],[12.382257,58.588506]],[[12.270319,58.453537],[12.272241,58.449439],[12.282755,58.421331]],[[12.270003,58.470126],[12.269725,58.468841],[12.269551,58.456354],[12.269672,58.455148],[12.270319,58.453537]],[[12.381289,58.587551],[12.291333,58.510894]],[[12.294108,58.404526],[12.294922,58.403118],[12.295122,58.402274],[12.294993,58.40112],[12.294403,58.400054]],[[12.506952,58.760017],[12.506131,58.758694],[12.50442,58.756594],[12.494036,58.745388],[12.493333,58.744499],[12.492908,58.74371],[12.4926,58.742621],[12.491714,58.735296],[12.491123,58.734056],[12.489894,58.732559]],[[12.416806,58.770381],[12.416344,58.771162],[12.416069,58.772781],[12.414753,58.774715],[12.414623,58.775105],[12.414623,58.775495],[12.415274,58.777893],[12.415491,58.778275],[12.416331,58.779066]],[[12.422227,58.764686],[12.42205,58.764891]],[[12.425439,58.809451],[12.425183,58.810184]],[[12.456857,58.718654],[12.456674,58.718807]],[[12.456674,58.718807],[12.436946,58.735284],[12.436157,58.736003],[12.435285,58.737029],[12.43455,58.738391],[12.432854,58.743036],[12.432525,58.743613],[12.43168,58.744733],[12.426546,58.750292],[12.422938,58.755475],[12.422735,58.75606],[12.422576,58.75744],[12.423039,58.761872],[12.422648,58.763911],[12.422227,58.764686]],[[12.250755,58.951889],[12.246482,58.956302],[12.245936,58.957074],[12.245609,58.95795],[12.245572,58.962371],[12.245928,58.963711],[12.247792,58.968508],[12.247814,58.969827],[12.247511,58.970966]],[[12.251373,58.951107],[12.250755,58.951889]],[[12.251147,58.9855],[12.251715,58.986863],[12.251923,58.987955],[12.251874,58.988791],[12.251609,58.989649],[12.250987,58.990266],[12.24919,58.991345],[12.246932,58.993447]],[[12.416331,58.779066],[12.418933,58.781077],[12.420062,58.782261],[12.425743,58.791734],[12.426148,58.792753],[12.426314,58.793957],[12.425414,58.800644],[12.425438,58.801271],[12.425854,58.802438],[12.425961,58.803269],[12.425583,58.805017],[12.425626,58.807651],[12.425439,58.809451]],[[12.299865,58.926045],[12.297226,58.927559],[12.295327,58.928918],[12.294695,58.929956],[12.29456,58.931213],[12.294377,58.931716],[12.293809,58.932391],[12.293218,58.932788],[12.292264,58.933211],[12.289981,58.933965],[12.287774,58.935154],[12.286811,58.935529],[12.285233,58.935973],[12.282878,58.936273]],[[12.279126,58.936521],[12.273588,58.936957],[12.272445,58.937204],[12.271525,58.937557],[12.270611,58.938162],[12.269695,58.939327],[12.268955,58.939937],[12.266561,58.940981],[12.265161,58.941744],[12.26287,58.943668],[12.261426,58.945187],[12.260699,58.9456],[12.257406,58.946852],[12.256032,58.947547],[12.252621,58.949729],[12.251835,58.950506]],[[12.251835,58.950506],[12.251373,58.951107]],[[12.42205,58.764891],[12.417703,58.769302],[12.416806,58.770381]],[[12.385885,58.897128],[12.381127,58.897958]],[[12.381127,58.897958],[12.37852,58.898403],[12.377421,58.898508],[12.375944,58.89849],[12.37452,58.898315],[12.369975,58.897067],[12.36673,58.895522],[12.365527,58.895257],[12.36384,58.89515],[12.362814,58.895223],[12.361955,58.89537],[12.361164,58.895607],[12.359359,58.896344],[12.358254,58.896644],[12.355215,58.896929],[12.353608,58.89716],[12.34963,58.898161],[12.347654,58.898746],[12.345897,58.899434],[12.338119,58.90305],[12.335629,58.90423],[12.333135,58.905571],[12.331746,58.906718],[12.330934,58.907877],[12.33035,58.908471],[12.329558,58.908933],[12.327208,58.909729],[12.326282,58.910173],[12.325668,58.910704],[12.324866,58.911895],[12.324292,58.912337],[12.323212,58.912795],[12.320989,58.913373],[12.320311,58.913651],[12.319646,58.91405],[12.318733,58.914899],[12.31801,58.916065],[12.317527,58.916614],[12.311486,58.920945],[12.308893,58.922025],[12.306478,58.923385],[12.305148,58.923893],[12.302362,58.924741],[12.299865,58.926045]],[[11.678678,58.926072],[11.677421,58.926723],[11.676605,58.927268],[11.671702,58.931383],[11.670651,58.932747],[11.669883,58.934691]],[[11.822293,58.908355],[11.819478,58.909284]],[[11.970173,58.901834],[11.96848,58.902593],[11.966424,58.903266],[11.955137,58.906116],[11.950963,58.907269],[11.949662,58.907825],[11.948925,58.908268],[11.946443,58.91037],[11.945022,58.911225],[11.943997,58.911658],[11.942713,58.912068],[11.940256,58.91256]],[[11.936608,58.913143],[11.934925,58.913388],[11.933646,58.913481],[11.932145,58.913483],[11.930846,58.913394],[11.928669,58.913099],[11.927541,58.91285],[11.926489,58.912458],[11.925603,58.911974]],[[11.802275,58.913507],[11.793772,58.913138],[11.791754,58.912953],[11.778626,58.91054]],[[11.920854,58.90934],[11.90664,58.903138],[11.904196,58.901943],[11.902336,58.900686],[11.895624,58.895101],[11.894063,58.894211],[11.888585,58.891734],[11.882496,58.888095]],[[11.866599,58.888078],[11.861403,58.890504],[11.859628,58.891503],[11.857967,58.89275],[11.856036,58.894609],[11.854482,58.895602],[11.852318,58.896448],[11.84826,58.897479],[11.84534,58.898408]],[[11.719509,58.918863],[11.711334,58.917633],[11.709032,58.917361],[11.707394,58.91729],[11.705873,58.917327],[11.703159,58.917651],[11.697699,58.918669],[11.695783,58.919218],[11.694033,58.920038],[11.689917,58.922748],[11.68884,58.923289],[11.686461,58.92402],[11.681367,58.925135],[11.679985,58.925552],[11.678678,58.926072]],[[12.038943,58.869736],[12.032516,58.871761],[12.026223,58.874034],[12.024281,58.874884],[12.021447,58.876303],[12.012787,58.879708],[12.005414,58.883149],[11.998934,58.885851],[11.996644,58.886997],[11.976672,58.897828],[11.974246,58.899244],[11.970173,58.901834]],[[12.270737,58.747739],[12.268657,58.747795],[12.267784,58.74789],[12.266414,58.748231],[12.264984,58.748816],[12.264233,58.749336],[12.260914,58.752961],[12.260006,58.753601],[12.258795,58.754158],[12.257538,58.754531],[12.256038,58.754805],[12.252686,58.755006],[12.2515,58.755158],[12.249842,58.755606],[12.248672,58.756103]],[[12.356528,58.720616],[12.356752,58.721555],[12.357113,58.722058],[12.358545,58.7235],[12.358798,58.723999],[12.358889,58.724595],[12.358647,58.725439],[12.357269,58.727046],[12.356855,58.728135],[12.356366,58.728839]],[[12.168387,58.79477],[12.166564,58.796462],[12.145284,58.819464],[12.133111,58.829436],[12.130939,58.830899],[12.114838,58.838949],[12.073773,58.859271],[12.071528,58.860311],[12.06852,58.861426],[12.066465,58.862045],[12.064138,58.862613],[12.061661,58.863093],[12.049369,58.865158]],[[11.925603,58.911974],[11.922866,58.910291],[11.920854,58.90934]],[[12.355593,58.732602],[12.354882,58.735308],[12.354346,58.73635],[12.35363,58.737364],[12.35257,58.738501],[12.351642,58.739235],[12.350813,58.739691],[12.349511,58.740177],[12.34826,58.740479],[12.347227,58.740625],[12.345621,58.740718],[12.344599,58.740674],[12.340579,58.740259],[12.336155,58.73935],[12.334881,58.739184],[12.333671,58.739126],[12.332255,58.739205],[12.33082,58.739418],[12.329552,58.739762],[12.328331,58.740287],[12.326875,58.741211],[12.326274,58.741964],[12.326006,58.742565],[12.326033,58.743621],[12.327005,58.745449],[12.327225,58.746419],[12.326979,58.747498],[12.326136,58.748484],[12.324726,58.749378],[12.323644,58.749793],[12.32254,58.750053],[12.321457,58.750185],[12.320389,58.750222],[12.319121,58.750138],[12.318089,58.749963]],[[11.732857,58.917148],[11.728774,58.918618],[11.727623,58.918892],[11.726048,58.919146],[11.724757,58.91926],[11.722648,58.919249],[11.719509,58.918863]],[[12.248672,58.756103],[12.245866,58.75748],[12.244083,58.758198],[12.242052,58.758781],[12.238235,58.759536]],[[12.318089,58.749963],[12.305873,58.74735],[12.303995,58.747092],[12.302341,58.746971],[12.299717,58.746967],[12.270737,58.747739]],[[12.049369,58.865158],[12.047519,58.86557],[12.046001,58.866085],[12.044526,58.866851],[12.042735,58.868133],[12.041863,58.868643],[12.040768,58.869128],[12.038943,58.869736]],[[11.347065,62.581504],[11.346787,62.580675],[11.346927,62.579983],[11.347411,62.579358],[11.348316,62.578753],[11.349372,62.578333],[11.350316,62.578096],[11.354737,62.577518]],[[11.354737,62.577518],[11.354848,62.577504]],[[9.715779,62.59795],[9.715979,62.597994]],[[13.132769,58.501707],[13.114883,58.489163],[13.075577,58.461026],[13.049183,58.442],[13.046294,58.440031],[13.043476,58.437861],[13.015979,58.417934],[12.99452,58.402274],[12.990418,58.399178],[12.952678,58.361829],[12.951446,58.360474],[12.932764,58.335266],[12.925875,58.326068],[12.924725,58.32469],[12.923532,58.323649],[12.922336,58.322829],[12.905065,58.312286]],[[9.703731,59.121814],[9.703757,59.12177]],[[9.703757,59.12177],[9.705477,59.11902],[9.705536,59.118444],[9.705389,59.11797],[9.704742,59.117164],[9.699751,59.113007],[9.698346,59.111237]],[[7.927817,58.207437],[7.930041,58.206778],[7.930764,58.206399],[7.931267,58.206006]],[[7.93255,58.201157],[7.931893,58.200159],[7.931777,58.199407],[7.932111,58.198602],[7.933328,58.197342],[7.933637,58.196773],[7.933677,58.196026],[7.933137,58.194592]],[[7.948358,58.154953],[7.949805,58.154925],[7.950769,58.155044],[7.951586,58.155257]],[[7.931513,58.185452],[7.933049,58.184066],[7.935612,58.182619]],[[7.935612,58.182619],[7.936118,58.182307]],[[9.678408,60.314409],[9.678023,60.315514],[9.678422,60.317602],[9.678127,60.319274],[9.677166,60.321517],[9.676166,60.32316],[9.675129,60.324558]],[[10.365442,63.36978],[10.365646,63.370501],[10.36559,63.370966],[10.365274,63.371507],[10.364706,63.37202],[10.363292,63.372708],[10.360338,63.373416],[10.358582,63.374036],[10.357122,63.374913],[10.356371,63.375801],[10.356156,63.376623],[10.356373,63.377656],[10.356933,63.378557],[10.358144,63.379897],[10.358394,63.380589],[10.358146,63.381435],[10.35727,63.382433],[10.356976,63.38298],[10.357026,63.383803],[10.357563,63.384519]],[[10.43754,61.215326],[10.437387,61.217479],[10.438617,61.221741],[10.438748,61.222785],[10.438065,61.228118],[10.437792,61.229241],[10.436931,61.230758],[10.432202,61.236295],[10.429933,61.239934],[10.42803,61.241971],[10.427187,61.243601],[10.426734,61.244819]],[[10.437816,61.213725],[10.43754,61.215326]],[[10.521527,60.511555],[10.521677,60.51165]],[[9.622132,59.196067],[9.620885,59.197645]],[[9.622175,59.195991],[9.622132,59.196067]],[[9.591118,62.442562],[9.589197,62.443599],[9.585899,62.445749],[9.585182,62.446112],[9.583822,62.446589],[9.58063,62.447432],[9.577258,62.448613]],[[9.617617,62.321472],[9.61798,62.322211],[9.618917,62.323424],[9.619137,62.324077],[9.61906,62.324848],[9.618173,62.327269],[9.6182,62.329445]],[[9.635843,62.390013],[9.635176,62.39059]],[[9.59123,62.442511],[9.591118,62.442562]],[[9.634874,62.412798],[9.634956,62.413196]],[[9.617531,62.320393],[9.617617,62.321472]],[[9.635192,62.378016],[9.635969,62.37892]],[[9.63,62.352742],[9.629779,62.353115]],[[9.599682,62.300654],[9.599806,62.300712]],[[9.635969,62.37892],[9.637559,62.380894],[9.637917,62.382222],[9.637452,62.384994],[9.636473,62.387222],[9.636544,62.389023],[9.636337,62.389478],[9.635843,62.390013]],[[9.634459,62.416382],[9.633691,62.417628],[9.631927,62.419388]],[[9.631927,62.419388],[9.629625,62.421379],[9.623342,62.425636]],[[9.623342,62.425636],[9.619312,62.428376],[9.616324,62.430635],[9.615004,62.431492],[9.607359,62.435171],[9.606015,62.435996],[9.603652,62.437789],[9.602473,62.438536],[9.601115,62.43922],[9.598122,62.440496]],[[9.607412,62.308422],[9.610156,62.311779],[9.613417,62.314517],[9.615797,62.3161],[9.616457,62.3167],[9.616949,62.317486],[9.617381,62.318643],[9.617531,62.320393]],[[9.62965,62.353338],[9.628647,62.355041],[9.628192,62.356225]],[[9.635176,62.39059],[9.634602,62.391476],[9.63466,62.392747]],[[9.566235,62.265029],[9.566585,62.265148]],[[9.573103,62.266574],[9.575654,62.267019],[9.577837,62.267719],[9.579468,62.268572],[9.580718,62.269683],[9.581195,62.270478],[9.581359,62.271092],[9.581204,62.275407],[9.581297,62.275999],[9.581647,62.276704]],[[9.53778,62.222684],[9.53479,62.225755],[9.532465,62.228683],[9.530722,62.231429],[9.52931,62.234384],[9.529043,62.235846],[9.529174,62.237066],[9.529966,62.239189],[9.531119,62.241304],[9.532959,62.243395],[9.53781,62.247229],[9.538587,62.247962],[9.539516,62.24918],[9.540897,62.251799],[9.541953,62.25294],[9.543105,62.253846],[9.54444,62.25466],[9.546176,62.255492],[9.550465,62.25697],[9.552495,62.257814],[9.563306,62.263754],[9.564886,62.264508],[9.566235,62.265029]],[[9.282928,62.123658],[9.283012,62.123718]],[[9.283012,62.123718],[9.303645,62.138518]],[[9.859144,59.079179],[9.856442,59.080544],[9.854672,59.081553],[9.820876,59.1028],[9.816603,59.105092]],[[9.860446,59.078564],[9.859144,59.079179]],[[9.816545,59.105063],[9.820801,59.102774],[9.853545,59.08217],[9.856313,59.080549],[9.859082,59.079143]],[[9.859082,59.079143],[9.860406,59.078525]],[[9.273991,62.117246],[9.27887,62.120652]],[[9.124336,62.090183],[9.122272,62.090816],[9.120237,62.091292],[9.110544,62.092963]],[[9.131478,62.078841],[9.131481,62.078944]],[[10.86746,60.058458],[10.867083,60.058373]],[[12.292473,58.291355],[12.301755,58.285828],[12.303311,58.285003],[12.307931,58.282839],[12.309364,58.282044],[12.310227,58.281399],[12.310956,58.280687],[12.31149,58.279949],[12.312015,58.27885]],[[12.312086,58.278858],[12.314252,58.273655]],[[12.004711,57.7333],[12.004624,57.734664]],[[12.004624,57.734664],[12.004464,57.737014]],[[12.277814,58.36062],[12.279727,58.362088],[12.282974,58.365788],[12.283865,58.366602],[12.287887,58.368671],[12.29331,58.371963],[12.294667,58.372548],[12.298981,58.373731],[12.300916,58.374488],[12.302916,58.375599],[12.305448,58.377517],[12.306277,58.37803],[12.307246,58.378432],[12.308204,58.378652]],[[10.796419,59.982691],[10.796868,59.983144]],[[10.796868,59.983144],[10.798611,59.984502]],[[10.020871,59.052439],[10.020752,59.052485]],[[10.020752,59.052485],[10.019363,59.052875],[10.017886,59.053097]],[[10.017886,59.053097],[10.01576,59.053219]],[[10.868364,60.082252],[10.869341,60.081505],[10.870147,60.080401]],[[10.865994,60.083266],[10.867533,60.082672],[10.868364,60.082252]],[[10.863302,60.087474],[10.862651,60.086589],[10.862464,60.086041],[10.862522,60.085368],[10.862892,60.084778]],[[15.436053,67.208895],[15.43464,67.209279],[15.430437,67.210087],[15.428929,67.210476],[15.426256,67.211436],[15.421677,67.212902],[15.420739,67.21331],[15.419686,67.213996]],[[15.484201,67.162213],[15.484958,67.162831],[15.485445,67.163631]],[[15.467109,67.1546],[15.469115,67.15574],[15.483257,67.161701]],[[11.247985,60.330025],[11.248005,60.32989]],[[11.188341,60.297122],[11.184448,60.29586],[11.181483,60.294783],[11.179082,60.293763],[11.176113,60.292276],[11.174062,60.291067],[11.170951,60.288937],[11.168041,60.28678],[11.164287,60.283778]],[[11.226562,60.310554],[11.221604,60.308391]],[[11.207363,60.303202],[11.205473,60.302596]],[[11.205473,60.302596],[11.202622,60.30168]],[[11.221604,60.308391],[11.218249,60.306975]],[[11.226737,60.310628],[11.226562,60.310554]],[[11.190195,60.297713],[11.188341,60.297122]],[[11.212208,60.304764],[11.207363,60.303202]],[[11.235374,60.31439],[11.226737,60.310628]],[[11.202622,60.30168],[11.195745,60.299497]],[[11.248005,60.32989],[11.248184,60.328658]],[[10.41059,59.388979],[10.410566,59.388895]],[[10.410738,59.38974],[10.41059,59.388979]],[[10.410915,59.378391],[10.410455,59.377603],[10.409767,59.37682]],[[10.410543,59.397084],[10.410636,59.396947]],[[10.410566,59.388895],[10.409687,59.386808],[10.409581,59.3859],[10.409763,59.384994],[10.410812,59.38285],[10.411122,59.380111],[10.411089,59.37896]],[[10.411089,59.37896],[10.410915,59.378391]],[[10.284835,59.761882],[10.289966,59.763312],[10.291808,59.763901]],[[10.401099,60.238424],[10.400901,60.238332]],[[10.388979,60.236637],[10.387019,60.236021],[10.385203,60.235563],[10.38028,60.234682],[10.379167,60.23434],[10.378231,60.233913]],[[10.721334,60.914795],[10.721321,60.915862],[10.721101,60.916373],[10.72046,60.916982],[10.719584,60.917421],[10.718639,60.917701],[10.717704,60.917851],[10.714244,60.917927],[10.712474,60.918155],[10.710752,60.918637],[10.709168,60.91945],[10.708716,60.919834],[10.708292,60.920462],[10.70819,60.920996],[10.708418,60.922373],[10.708261,60.922804],[10.707822,60.923307]],[[10.721354,60.914714],[10.721334,60.914795]],[[12.193751,57.67631],[12.195661,57.675874],[12.196951,57.675716],[12.198676,57.675788],[12.2,57.676079]],[[12.213335,57.681888],[12.228428,57.682896],[12.230991,57.682963],[12.237049,57.68292]],[[12.173523,57.674493],[12.174981,57.674865],[12.176487,57.675098],[12.18293,57.675366],[12.187014,57.675923],[12.189803,57.676212]],[[12.31876,57.689206],[12.321239,57.689222],[12.323519,57.689523],[12.33224,57.690942],[12.333717,57.691277],[12.334957,57.691699]],[[12.204519,57.678008],[12.206744,57.6799],[12.208319,57.680823],[12.209324,57.681204],[12.210374,57.681492],[12.211897,57.681758],[12.213335,57.681888]],[[12.148334,57.666066],[12.15031,57.666627],[12.154013,57.66839],[12.165337,57.672553],[12.166804,57.673019],[12.168293,57.673325]],[[12.260041,57.685993],[12.265232,57.686764],[12.273694,57.687624],[12.28819,57.689788],[12.289821,57.689909],[12.292291,57.689898]],[[12.292291,57.689898],[12.307597,57.689601]],[[12.307597,57.689601],[12.31876,57.689206]],[[12.015989,57.672269],[12.017773,57.670111],[12.021589,57.667772],[12.022213,57.667264],[12.022524,57.666849],[12.02273,57.666236],[12.022709,57.665769],[12.022468,57.665194]],[[12.168293,57.673325],[12.169439,57.673489]],[[12.189803,57.676212],[12.190547,57.676293]],[[12.147502,57.665912],[12.148334,57.666066]],[[12.172682,57.67422],[12.173523,57.674493]],[[12.2,57.676079],[12.200841,57.676371]],[[12.105991,57.655008],[12.109291,57.65519],[12.111655,57.655482],[12.119569,57.65725]],[[12.190547,57.676293],[12.192425,57.676415],[12.193751,57.67631]],[[12.336727,57.692573],[12.338669,57.693551],[12.340461,57.694176],[12.344684,57.695371],[12.34651,57.695749],[12.348104,57.695974],[12.350226,57.696135],[12.352542,57.696146],[12.360491,57.695591],[12.362702,57.695546],[12.369392,57.695918],[12.375317,57.696698]],[[12.169439,57.673489],[12.171181,57.673816],[12.172682,57.67422]],[[10.722026,60.913806],[10.721702,60.914105]],[[10.721702,60.914105],[10.721354,60.914714]],[[10.706653,60.923944],[10.70461,60.924577],[10.703612,60.925044],[10.702838,60.925628],[10.70218,60.926371]],[[10.706766,60.923899],[10.706653,60.923944]],[[10.702101,60.926472],[10.701581,60.927089]],[[10.701581,60.927089],[10.701035,60.927717]],[[13.839638,66.157469],[13.84039,66.158212]],[[13.788638,66.196424],[13.788358,66.196823]],[[13.818102,66.174197],[13.817282,66.17445]],[[13.82588,66.171493],[13.825727,66.171589]],[[13.834997,66.166743],[13.833987,66.167035]],[[13.84039,66.158212],[13.843958,66.161904],[13.84422,66.162869],[13.843915,66.16371],[13.842828,66.164705],[13.840997,66.16555],[13.839154,66.166019],[13.836201,66.166484],[13.834997,66.166743]],[[13.817282,66.17445],[13.814849,66.175355],[13.813417,66.175756],[13.81215,66.176002],[13.808326,66.176525],[13.806045,66.177146],[13.803264,66.178463],[13.799761,66.180644],[13.797752,66.182725],[13.79566,66.184317],[13.793348,66.18648],[13.792689,66.187278],[13.792537,66.18799],[13.792747,66.188639],[13.794699,66.190515],[13.794963,66.191014],[13.79499,66.191659]],[[13.833987,66.167035],[13.83269,66.167573],[13.83063,66.168661],[13.82588,66.171493]],[[13.788358,66.196823],[13.788161,66.19761],[13.788365,66.198239],[13.790014,66.199883],[13.790383,66.200558],[13.790403,66.201203],[13.789932,66.202567],[13.790023,66.203324]],[[13.825727,66.171589],[13.823769,66.172735],[13.822807,66.17315],[13.821398,66.173528],[13.818102,66.174197]],[[9.10021,59.293237],[9.100153,59.293164]],[[9.100153,59.293164],[9.099385,59.292059],[9.098912,59.29094],[9.098892,59.290174],[9.099294,59.28927],[9.100003,59.28855],[9.101233,59.28783],[9.102233,59.287456],[9.104549,59.286817]],[[14.173623,66.321509],[14.173901,66.321489]],[[14.173901,66.321489],[14.177405,66.321412]],[[11.146064,59.263341],[11.146242,59.263164]],[[12.314252,58.273655],[12.314457,58.273114]],[[12.314457,58.273114],[12.315018,58.27131],[12.315268,58.269762],[12.315203,58.26692],[12.314484,58.264073],[12.311967,58.257461]],[[12.314346,58.273132],[12.314136,58.27364]],[[12.314136,58.27364],[12.312015,58.27885]],[[12.439557,57.704146],[12.441477,57.704435],[12.443262,57.704521]],[[12.399528,57.697857],[12.402884,57.69803],[12.406617,57.698431],[12.421784,57.700749],[12.439557,57.704146]],[[12.375317,57.696698],[12.375738,57.696755]],[[12.493655,57.653377],[12.522323,57.657931],[12.524405,57.658506],[12.530029,57.660627],[12.531702,57.661006],[12.533898,57.661256]],[[12.375738,57.696755],[12.37786,57.696953],[12.394584,57.697846]],[[12.463303,57.69903],[12.464536,57.698792],[12.465803,57.69868]],[[12.481348,57.680443],[12.481885,57.679457],[12.482161,57.67752],[12.483681,57.674757],[12.483831,57.672871],[12.484003,57.672312],[12.484597,57.671487],[12.486394,57.669983],[12.486863,57.669304],[12.487053,57.668647],[12.486858,57.667676],[12.485311,57.664977],[12.485088,57.661938],[12.48429,57.658953],[12.484391,57.658043],[12.484728,57.656809],[12.485088,57.656175],[12.485658,57.655559],[12.48709,57.654425],[12.488135,57.653858],[12.489332,57.653476],[12.490668,57.653254],[12.492289,57.653221],[12.493655,57.653377]],[[12.394584,57.697846],[12.399528,57.697857]],[[12.47042,57.696423],[12.474429,57.689271],[12.481348,57.680443]],[[12.465803,57.69868],[12.467334,57.698439],[12.468727,57.697949],[12.469863,57.697183],[12.47042,57.696423]],[[11.323361,59.551855],[11.323271,59.5517]],[[11.11641,59.609068],[11.117136,59.608497]],[[13.264269,65.006918],[13.261792,65.01139]],[[13.264346,65.00671],[13.264269,65.006918]],[[13.319835,65.07978],[13.320559,65.080445],[13.321715,65.081121],[13.322893,65.081574],[13.328395,65.083312],[13.329933,65.084056],[13.331048,65.084931]],[[13.329695,65.059151],[13.330172,65.067803]],[[13.319698,65.079643],[13.319835,65.07978]],[[13.329655,65.058518],[13.329695,65.059151]],[[8.265617,58.532184],[8.264183,58.532027],[8.263226,58.531813],[8.261035,58.530973],[8.260118,58.530735],[8.259073,58.530593],[8.256426,58.530437],[8.255014,58.530125],[8.252948,58.529396],[8.250557,58.528795],[8.249646,58.52849],[8.245787,58.526439],[8.24434,58.525869],[8.242676,58.525362]],[[8.266286,58.532237],[8.266113,58.532223]],[[11.14428,59.921986],[11.146114,59.921703],[11.148207,59.921582],[11.150206,59.921653],[11.152027,59.921879],[11.154001,59.922317],[11.155644,59.922857],[11.157299,59.923576],[11.158536,59.924325]],[[6.597311,60.67954],[6.597106,60.679535]],[[6.597086,60.679535],[6.589495,60.679393],[6.586703,60.679405]],[[8.121958,60.522428],[8.121818,60.522397]],[[8.042455,60.498173],[8.042339,60.498236]],[[8.005148,60.50235],[8.004966,60.502361]],[[8.28984,60.55642],[8.289085,60.556475]],[[8.004966,60.502361],[8.002546,60.502506]],[[8.289085,60.556475],[8.285956,60.556695],[8.284045,60.556584],[8.282412,60.556176],[8.280431,60.555191],[8.279479,60.554834],[8.272285,60.553079],[8.270658,60.552911],[8.268151,60.553037],[8.266964,60.55301]],[[8.042339,60.498236],[8.041618,60.49853],[8.040822,60.49874],[8.039992,60.498866],[8.039029,60.49891],[8.037481,60.49876],[8.035468,60.498273],[8.034387,60.498092],[8.033095,60.498012],[8.031525,60.498095],[8.030301,60.49831],[8.029183,60.498653],[8.026576,60.500069],[8.025006,60.500563],[8.024211,60.500684],[8.023039,60.500739],[8.018515,60.500379],[8.017025,60.500418],[8.015457,60.500748],[8.013383,60.501617]],[[8.121818,60.522397],[8.118195,60.52136],[8.114788,60.520217],[8.113516,60.519509],[8.111104,60.517718]],[[12.332887,58.206693],[12.332538,58.207777]],[[12.328746,58.182486],[12.329181,58.183285]],[[12.329181,58.183285],[12.329757,58.184339]],[[12.332538,58.207777],[12.331904,58.209387],[12.330959,58.211171]],[[12.328096,58.181394],[12.328746,58.182486]],[[12.330959,58.211171],[12.329731,58.213028],[12.32849,58.214597]],[[12.329757,58.184339],[12.330947,58.186924],[12.331621,58.188759],[12.332382,58.191404],[12.332897,58.194058],[12.333495,58.201972],[12.333377,58.204349],[12.332887,58.206693]],[[10.639221,59.913648],[10.636753,59.913623],[10.635044,59.913775]],[[10.674486,59.923161],[10.673211,59.923153],[10.672016,59.923049],[10.670814,59.922852],[10.669537,59.922528],[10.668041,59.921964],[10.662689,59.919573]],[[10.6339,59.913752],[10.635257,59.913468],[10.636522,59.91332],[10.637974,59.913299],[10.639342,59.913424]],[[10.797832,59.820383],[10.797961,59.828422],[10.796966,59.833359],[10.797475,59.836257],[10.797302,59.839402]],[[10.43673,59.834922],[10.436318,59.834663]],[[10.437448,59.835335],[10.436646,59.834787]],[[10.751014,59.911717],[10.753691,59.91095]],[[10.341962,59.745343],[10.348251,59.744048]],[[10.433218,59.789084],[10.43209,59.787739],[10.428795,59.784557]],[[10.760131,59.909184],[10.761646,59.908893]],[[10.763357,59.908816],[10.761956,59.909087]],[[10.764603,59.908596],[10.763357,59.908816]],[[10.766987,59.908178],[10.765795,59.908386]],[[10.764204,59.908585],[10.763712,59.908679]],[[10.764603,59.908596],[10.763207,59.908793]],[[10.763207,59.908793],[10.762162,59.908943]],[[11.00852,59.954961],[11.009369,59.955418],[11.010456,59.955813],[11.01188,59.956126],[11.013197,59.956273]],[[10.997796,59.946784],[10.999324,59.94757],[11.000611,59.948396],[11.003388,59.95069]],[[10.3959,59.750098],[10.395168,59.749222],[10.39409,59.74849],[10.393217,59.748105],[10.390674,59.747237],[10.388158,59.745974]],[[10.396006,59.750243],[10.395964,59.750187]],[[10.396935,59.751397],[10.396629,59.751047]],[[10.396629,59.751047],[10.396006,59.750243]],[[13.312214,65.604661],[13.31087,65.606023],[13.309972,65.606529],[13.308053,65.607342],[13.307157,65.607905],[13.306734,65.608357],[13.306074,65.609494],[13.305164,65.610195]],[[13.314939,65.603051],[13.313394,65.603744],[13.312214,65.604661]],[[10.751623,59.911379],[10.753522,59.910771]],[[10.750899,59.911637],[10.751623,59.911379]],[[10.760685,59.909159],[10.76178,59.90891]],[[10.669337,59.44683],[10.669362,59.445465]],[[8.117456,62.305563],[8.117342,62.305634]],[[8.176132,62.265644],[8.174282,62.266255],[8.172466,62.266729],[8.169395,62.267358],[8.164968,62.268134],[8.162686,62.268676],[8.160368,62.269419],[8.155376,62.271374]],[[8.179699,62.263975],[8.178984,62.264418]],[[8.180981,62.262986],[8.179699,62.263975]],[[8.191477,62.261123],[8.184683,62.261733],[8.182735,62.262193],[8.181277,62.262814]],[[8.117342,62.305634],[8.112967,62.307856],[8.109152,62.310721],[8.105214,62.312876],[8.103725,62.31358]],[[8.192316,62.261054],[8.191477,62.261123]],[[8.063573,62.346223],[8.062891,62.346919],[8.060071,62.348695],[8.058457,62.350197]],[[7.952659,62.429043],[7.949658,62.42964],[7.948346,62.429762],[7.947055,62.42978]],[[8.015937,62.391845],[8.016172,62.392753]],[[8.000157,62.419114],[7.997876,62.421519]],[[8.030248,62.377436],[8.029752,62.378082],[8.029055,62.378678],[8.02226,62.383047],[8.02044,62.38491],[8.015833,62.38849]],[[7.810068,62.46128],[7.809452,62.461259]],[[7.811291,62.461343],[7.810068,62.46128]],[[8.064634,62.344612],[8.064595,62.344687]],[[8.003124,62.415978],[8.003082,62.416023]],[[8.065882,62.341881],[8.06582,62.341947]],[[8.053306,62.339365],[8.053245,62.339419]],[[8.050038,62.342791],[8.049971,62.342845]],[[8.034838,62.367966],[8.0348,62.368059]],[[8.049971,62.342845],[8.048803,62.343838],[8.046874,62.345866],[8.043936,62.348006]],[[7.889702,62.433058],[7.8879,62.433002]],[[8.06582,62.341947],[8.06508,62.342975],[8.064634,62.344612]],[[8.053245,62.339419],[8.051232,62.341741],[8.050038,62.342791]],[[14.441666,67.290984],[14.427092,67.293329]],[[14.445286,67.289978],[14.443316,67.29059],[14.441666,67.290984]],[[14.460952,67.283531],[14.456929,67.284952],[14.445566,67.289879]],[[10.143039,60.197307],[10.141973,60.19739],[10.141064,60.197574]],[[10.126791,60.202571],[10.121614,60.203677],[10.11703,60.205144],[10.115733,60.205466],[10.113833,60.205808],[10.107595,60.2067],[10.104529,60.207041],[10.101396,60.20719],[10.098549,60.207155],[10.09538,60.206928]],[[10.327214,60.195011],[10.326309,60.194286]],[[10.322233,60.193605],[10.321514,60.19365]],[[10.715226,59.884009],[10.714799,59.88367]],[[11.997078,63.366195],[11.997354,63.366144]],[[12.031281,63.362064],[12.031904,63.36135],[12.032069,63.360565],[12.031853,63.359971],[12.030756,63.358545],[12.030551,63.357579],[12.03093,63.356482],[12.031781,63.355526]],[[12.003989,57.72664],[12.004142,57.727118]],[[12.004142,57.727118],[12.00468,57.72915]],[[12.004853,57.730377],[12.00468,57.72915]],[[6.340102,58.530809],[6.340028,58.530882]],[[6.374934,58.465753],[6.374282,58.465679]],[[6.375649,58.465837],[6.374934,58.465753]],[[6.374282,58.465679],[6.373081,58.465531],[6.371173,58.465454],[6.369818,58.465553],[6.368807,58.465759]],[[6.319143,58.541228],[6.30846,58.543781],[6.306799,58.544077],[6.305049,58.544174],[6.301514,58.544077],[6.298288,58.544362],[6.29664,58.544419],[6.292204,58.544064],[6.288564,58.54416],[6.286154,58.544314],[6.284448,58.544547],[6.283285,58.544829],[6.281621,58.545382]],[[9.029274,58.869358],[9.030574,58.868794],[9.03149,58.867993]],[[9.019718,58.870808],[9.023821,58.870005],[9.02676,58.869754]],[[6.644955,58.335603],[6.643861,58.334601]],[[6.648464,58.34184],[6.647737,58.340708]],[[6.647538,58.340253],[6.647284,58.339373]],[[6.674095,58.303435],[6.674839,58.302376]],[[6.673077,58.304466],[6.674095,58.303435]],[[6.674839,58.302376],[6.675423,58.300776]],[[6.654493,58.326022],[6.654475,58.324859]],[[6.647078,58.338013],[6.646955,58.337523],[6.646629,58.337017],[6.644955,58.335603]],[[6.645863,58.331754],[6.648212,58.33052],[6.649872,58.329481],[6.652409,58.327564],[6.654057,58.326534],[6.654493,58.326022]],[[6.659764,58.411364],[6.661138,58.41232],[6.661858,58.413339],[6.661989,58.414567],[6.661585,58.415862]],[[6.538887,58.460597],[6.538687,58.460599]],[[6.555585,58.453434],[6.555522,58.453509]],[[6.661388,58.416365],[6.661323,58.416525]],[[6.661243,58.416516],[6.661309,58.416356]],[[6.658216,58.422919],[6.657185,58.423823]],[[6.555522,58.453509],[6.553953,58.455746]],[[6.659365,58.421455],[6.658895,58.422219],[6.658216,58.422919]],[[7.934951,58.230155],[7.934495,58.228764]],[[6.65988,58.420171],[6.660025,58.419538],[6.661243,58.416516]],[[6.548932,58.459286],[6.547339,58.459776],[6.544298,58.460283],[6.541609,58.460523],[6.538887,58.460597]],[[7.933861,58.227064],[7.934432,58.225714],[7.93453,58.225024],[7.934298,58.224348],[7.93345,58.223245]],[[6.553808,58.455982],[6.553299,58.456749],[6.552658,58.457371],[6.551396,58.45819],[6.54997,58.458844]],[[10.839152,59.728192],[10.8385,59.72705]],[[10.839249,59.728154],[10.840835,59.730181]],[[10.835386,59.721211],[10.835849,59.722458],[10.836519,59.723732]],[[10.839959,59.735986],[10.841035,59.733194],[10.841049,59.731916],[10.840041,59.72985],[10.83786,59.726432]],[[14.259321,66.322854],[14.25943,66.32302]],[[14.177405,66.321412],[14.178788,66.321398]],[[14.205682,66.323308],[14.210735,66.323358],[14.217196,66.322952],[14.222101,66.323196],[14.224579,66.323125],[14.225991,66.322963],[14.232987,66.321694],[14.238413,66.320965],[14.243652,66.319622],[14.245263,66.31939],[14.247192,66.319286],[14.248809,66.319327],[14.250502,66.319503],[14.251979,66.319784],[14.254175,66.320397],[14.256631,66.321157],[14.257594,66.321553],[14.258572,66.322129],[14.259321,66.322854]],[[12.345484,64.398244],[12.340337,64.40162],[12.339485,64.402287],[12.33903,64.403128],[12.339189,64.40403]],[[12.346036,64.485274],[12.346077,64.487132]],[[12.346636,64.39749],[12.345484,64.398244]],[[12.346077,64.487132],[12.346087,64.487332]],[[14.398371,66.377364],[14.39849,66.377496]],[[14.39849,66.377496],[14.399772,66.379071],[14.400125,66.380207],[14.400068,66.381025],[14.399006,66.38447]],[[6.024202,58.472591],[6.024242,58.472493]],[[6.023931,58.474582],[6.02382,58.473673],[6.024202,58.472591]],[[12.383797,64.250883],[12.38385,64.251955],[12.384429,64.253001],[12.385667,64.254083],[12.387002,64.254803]],[[12.36753,64.240601],[12.368821,64.240835]],[[12.387002,64.254803],[12.388898,64.255355]],[[12.361556,64.239499],[12.362787,64.239715]],[[12.3391,64.23523],[12.341245,64.235754]],[[12.356434,64.238564],[12.361556,64.239499]],[[12.367308,64.240559],[12.36753,64.240601]],[[12.341245,64.235754],[12.356434,64.238564]],[[10.913496,63.467891],[10.913364,63.474794]],[[10.898545,63.487101],[10.898267,63.48731]],[[10.801365,63.5175],[10.801341,63.517589]],[[10.898267,63.48731],[10.896658,63.488598]],[[10.799806,63.523044],[10.799691,63.523689],[10.799815,63.52434],[10.800253,63.525024],[10.800755,63.525483],[10.808032,63.530032],[10.809824,63.530975],[10.811423,63.531671]],[[10.886162,63.445194],[10.891458,63.445835],[10.898179,63.446141]],[[10.510368,63.430646],[10.514385,63.429477],[10.520008,63.427295]],[[10.712784,63.432293],[10.713193,63.432203]],[[10.510095,63.430716],[10.510368,63.430646]],[[10.625185,63.439171],[10.625372,63.439206]],[[10.700202,63.433351],[10.700421,63.433333]],[[10.631438,63.441085],[10.632856,63.441765],[10.633979,63.442143],[10.635201,63.442394],[10.636688,63.442537],[10.638159,63.442524],[10.639498,63.442375],[10.640618,63.442134],[10.64251,63.441557]],[[10.713193,63.432203],[10.715801,63.431412],[10.717927,63.431014],[10.720114,63.430897],[10.723,63.431097]],[[10.700421,63.433333],[10.710181,63.432612]],[[13.384315,65.533087],[13.384244,65.533754]],[[13.384244,65.533754],[13.384114,65.534714],[13.383823,65.535431]],[[13.358059,65.223653],[13.358253,65.2246],[13.357947,65.225517]],[[11.040838,63.595163],[11.041516,63.595739]],[[11.287508,63.731689],[11.289094,63.732478],[11.289753,63.733072],[11.290044,63.733528],[11.290203,63.734212],[11.290338,63.738169],[11.290844,63.73935],[11.291431,63.740042],[11.292369,63.74082],[11.293493,63.74149],[11.294586,63.741999]],[[11.041516,63.595739],[11.04202,63.596846]],[[11.450948,63.761488],[11.452226,63.761654],[11.453475,63.761982]],[[11.107615,63.661182],[11.10776,63.661283]],[[11.305773,63.747],[11.306202,63.747191]],[[11.286176,63.731321],[11.287508,63.731689]],[[11.450507,63.761451],[11.450948,63.761488]],[[11.055824,63.61071],[11.056308,63.61089]],[[11.306202,63.747191],[11.313847,63.750608]],[[11.059046,63.611909],[11.060374,63.612455],[11.061564,63.613193],[11.062017,63.613625],[11.06298,63.614992],[11.064627,63.616239]],[[11.115063,63.668459],[11.118714,63.671953],[11.120977,63.67381],[11.12364,63.675784]],[[11.425169,63.835603],[11.421832,63.835379],[11.420599,63.835404],[11.419267,63.835565],[11.418086,63.835841],[11.417185,63.836173],[11.416214,63.836699],[11.415435,63.837262],[11.414582,63.838224],[11.413959,63.840046],[11.41282,63.841797],[11.412819,63.843984],[11.411596,63.846633],[11.411378,63.847644],[11.411326,63.84911],[11.410999,63.84981],[11.410493,63.850292],[11.409644,63.850784],[11.404924,63.852313],[11.403645,63.852925],[11.402852,63.853691],[11.402239,63.855376]],[[11.414188,63.88099],[11.415024,63.88175],[11.415432,63.88232],[11.416087,63.884358]],[[11.401007,63.860677],[11.402648,63.864412],[11.404003,63.871368],[11.404694,63.873332],[11.405742,63.875471],[11.406742,63.876674],[11.408116,63.87772],[11.409524,63.878491],[11.412425,63.87979],[11.414188,63.88099]],[[11.400933,63.859432],[11.400961,63.860548]],[[11.450145,63.820633],[11.449479,63.822825],[11.448281,63.825702]],[[11.416211,63.884639],[11.417013,63.885513]],[[13.366672,65.172928],[13.36648,65.173096]],[[13.36008,65.178497],[13.359793,65.178734]],[[13.36648,65.173096],[13.36008,65.178497]],[[13.359793,65.178734],[13.357912,65.179946],[13.355936,65.18077],[13.35308,65.181572],[13.348211,65.182527],[13.346393,65.183102],[13.345075,65.18368],[13.343791,65.184469],[13.342948,65.185244],[13.341155,65.187572],[13.340647,65.188756],[13.34073,65.190062],[13.341807,65.192159],[13.342065,65.194595],[13.343573,65.198177],[13.344394,65.19953],[13.349689,65.206483],[13.35198,65.214024]],[[13.32738,65.335324],[13.327843,65.335721]],[[13.327843,65.335721],[13.33021,65.337283],[13.334077,65.34114],[13.339159,65.3449],[13.339845,65.345588],[13.340179,65.346139],[13.340391,65.347115],[13.340278,65.348559],[13.339094,65.351342],[13.33899,65.35204],[13.339649,65.354738],[13.340816,65.357144],[13.34082,65.357931],[13.340345,65.360394],[13.340374,65.361468],[13.340634,65.362186]],[[12.192403,64.191935],[12.192432,64.192236]],[[11.634739,64.082353],[11.635254,64.082866]],[[11.633563,64.090443],[11.632874,64.091157]],[[11.632727,64.092268],[11.633089,64.092856]],[[11.423167,63.977986],[11.424253,63.980022]],[[11.63563,64.09551],[11.635588,64.096716],[11.635798,64.097133],[11.636363,64.097698],[11.637593,64.098354],[11.641177,64.0995]],[[12.186552,64.182729],[12.189117,64.184239],[12.190881,64.18586],[12.191844,64.187517],[12.192168,64.189463]],[[11.499885,64.024028],[11.511862,64.030558],[11.513082,64.031132],[11.514853,64.031774],[11.519729,64.033038],[11.525853,64.034244],[11.531613,64.035049],[11.538069,64.035624]],[[11.498861,64.009462],[11.492394,64.013953]],[[11.420366,63.93684],[11.411682,63.961995]],[[11.98516,64.164347],[11.985938,64.164719],[11.987303,64.165631],[11.988128,64.166049],[11.989264,64.166436],[11.990951,64.166806]],[[11.608524,64.065935],[11.610727,64.066689],[11.614962,64.067613],[11.616365,64.068182],[11.617386,64.069027],[11.618269,64.070881],[11.618735,64.071511],[11.619604,64.072239],[11.620516,64.072792]],[[12.045257,64.172786],[12.04891,64.173693],[12.05147,64.173998],[12.053261,64.174033],[12.057123,64.173941],[12.061692,64.174204],[12.068668,64.174731],[12.073244,64.175371],[12.075524,64.175546],[12.077958,64.175556],[12.083187,64.175297],[12.086071,64.175454],[12.089448,64.175817]],[[11.984983,64.164277],[11.98516,64.164347]],[[11.634177,64.081837],[11.634337,64.081977]],[[11.632874,64.091157],[11.632673,64.091697],[11.632727,64.092268]],[[11.496372,64.00508],[11.497227,64.005414],[11.49801,64.005846]],[[12.089448,64.175817],[12.089766,64.175861]],[[11.423113,63.977899],[11.423167,63.977986]],[[12.19363,64.19624],[12.193728,64.196329]],[[12.022188,64.170454],[12.022425,64.170419]],[[11.49801,64.005846],[11.498618,64.006216]],[[11.491879,64.01691],[11.492142,64.017431]],[[11.538069,64.035624],[11.53835,64.035646]],[[12.179302,64.179143],[12.179616,64.179243]],[[11.634337,64.081977],[11.634739,64.082353]],[[11.974918,64.159763],[11.975112,64.15987]],[[11.634737,64.09405],[11.635125,64.094377]],[[11.608373,64.065865],[11.608524,64.065935]],[[11.496259,64.005046],[11.496372,64.00508]],[[11.635125,64.094377],[11.635226,64.094486]],[[11.435659,63.984569],[11.435823,63.984605]],[[11.937144,64.145813],[11.937293,64.145893]],[[11.937293,64.145893],[11.938128,64.146501],[11.939362,64.147857],[11.940541,64.148523]],[[12.089766,64.175861],[12.091629,64.176152],[12.093495,64.176555],[12.098009,64.177882]],[[11.435823,63.984605],[11.437683,63.985178],[11.439031,63.985862]],[[11.416224,63.970128],[11.421702,63.976016],[11.423113,63.977899]],[[11.635226,64.094486],[11.635525,64.094945],[11.63563,64.09551]],[[11.493064,64.018815],[11.495034,64.020691]],[[11.633089,64.092856],[11.634737,64.09405]],[[12.193728,64.196329],[12.194924,64.197141],[12.196195,64.197714],[12.197548,64.198149],[12.200067,64.198739],[12.202096,64.199105],[12.219018,64.201557],[12.223458,64.202277],[12.228751,64.203309],[12.234583,64.20468],[12.245496,64.207735],[12.248883,64.208776],[12.265372,64.214975]],[[11.53835,64.035646],[11.542846,64.035987]],[[12.192432,64.192236],[12.19274,64.194911],[12.193061,64.19559],[12.19363,64.19624]],[[11.975112,64.15987],[11.978445,64.161864],[11.980538,64.162815]],[[12.454567,64.264411],[12.456909,64.263875]],[[12.454698,64.3853],[12.452735,64.385321]],[[12.399734,64.383556],[12.399005,64.383712]],[[12.47923,64.386045],[12.476102,64.386694]],[[12.499925,64.379648],[12.496174,64.380615]],[[12.520316,64.367041],[12.519946,64.367389]],[[12.439447,64.38415],[12.431899,64.385154]],[[12.367711,64.385606],[12.367557,64.385785]],[[12.36822,64.38489],[12.367813,64.385492]],[[12.505462,64.378579],[12.503962,64.378851]],[[12.388474,64.383318],[12.387756,64.383213]],[[12.494076,64.381823],[12.493247,64.382606]],[[12.519946,64.367389],[12.518728,64.368633],[12.517253,64.37099],[12.512146,64.375934],[12.511004,64.37675]],[[12.431899,64.385154],[12.429737,64.385266],[12.427635,64.385205],[12.426562,64.385101],[12.424276,64.384714],[12.420913,64.383853],[12.416981,64.383051],[12.413049,64.382487],[12.411879,64.382399],[12.409476,64.382383],[12.404342,64.382608],[12.402073,64.382967],[12.399734,64.383556]],[[12.550336,64.314066],[12.549021,64.316531],[12.547803,64.319695],[12.543844,64.32641]],[[12.555056,64.305939],[12.554937,64.306141]],[[12.367813,64.385492],[12.367711,64.385606]],[[12.554937,64.306141],[12.550457,64.313858]],[[12.366874,64.386491],[12.366613,64.386722]],[[12.367557,64.385785],[12.366874,64.386491]],[[12.496174,64.380615],[12.495503,64.380888]],[[12.550457,64.313858],[12.550336,64.314066]],[[12.560576,64.296813],[12.560401,64.297057]],[[12.349898,64.391722],[12.349763,64.391775]],[[12.537243,64.33212],[12.53709,64.332161]],[[12.511004,64.37675],[12.509793,64.377357]],[[12.53709,64.332161],[12.53488,64.332587],[12.530841,64.332924],[12.528588,64.33328],[12.526737,64.333756],[12.524913,64.334446],[12.523491,64.335234],[12.522193,64.336491],[12.52178,64.33772],[12.521866,64.33856],[12.522091,64.339044]],[[12.560401,64.297057],[12.558969,64.299203],[12.555056,64.305939]],[[12.491798,64.383489],[12.490355,64.384006],[12.488939,64.38432]],[[12.503962,64.378851],[12.499925,64.379648]],[[12.456909,64.263875],[12.459204,64.26367],[12.460784,64.263693],[12.462423,64.263863],[12.467613,64.264648],[12.469748,64.264834],[12.471864,64.264923]],[[12.509793,64.377357],[12.507838,64.378045],[12.505462,64.378579]],[[12.452735,64.385321],[12.451817,64.38527],[12.449902,64.38502],[12.447059,64.384382],[12.444951,64.384057],[12.4421,64.383951],[12.439447,64.38415]],[[12.399005,64.383712],[12.39702,64.384],[12.394697,64.384071],[12.392256,64.383881],[12.388474,64.383318]],[[12.476102,64.386694],[12.475222,64.386826],[12.473109,64.386968],[12.470759,64.386908],[12.460116,64.385319],[12.458196,64.38521],[12.454698,64.3853]],[[12.366613,64.386722],[12.365767,64.387332],[12.36446,64.388016],[12.362237,64.388899],[12.360355,64.389524],[12.358413,64.38997],[12.355154,64.390353],[12.353518,64.390618],[12.352096,64.390993],[12.349898,64.391722]],[[12.349763,64.391775],[12.348291,64.39254],[12.347376,64.393479],[12.34719,64.394412],[12.347679,64.395682],[12.347684,64.396257],[12.34737,64.396851],[12.346636,64.39749]],[[12.387756,64.383213],[12.382101,64.382376],[12.378121,64.381662]],[[13.03095,64.849041],[13.032222,64.849391],[13.033421,64.849954],[13.037452,64.853222]],[[12.602792,64.647183],[12.603162,64.648049]],[[12.778031,64.720845],[12.778825,64.721671]],[[12.860027,64.762906],[12.861821,64.76348]],[[12.346441,64.488347],[12.346859,64.488933]],[[12.348611,64.491308],[12.349507,64.492521]],[[12.440714,64.535656],[12.442039,64.536027],[12.44292,64.536404]],[[12.779697,64.722392],[12.781605,64.723292]],[[12.370793,64.515084],[12.371811,64.515539]],[[12.361348,64.50857],[12.361885,64.508771]],[[12.397058,64.535299],[12.419222,64.536715]],[[12.419222,64.536715],[12.424593,64.537012]],[[12.44292,64.536404],[12.443862,64.53701],[12.444454,64.537629],[12.445035,64.539441],[12.445586,64.540107],[12.446616,64.540732],[12.449548,64.541916],[12.450288,64.542395],[12.45105,64.543103],[12.452363,64.544871],[12.452784,64.545841],[12.453043,64.547018]],[[12.727291,64.698723],[12.730607,64.699488],[12.733527,64.700478],[12.774546,64.718395]],[[12.349507,64.492521],[12.349993,64.493335],[12.350431,64.495065],[12.35081,64.49572],[12.352884,64.497946],[12.355785,64.500607],[12.356388,64.501372],[12.358737,64.507035],[12.359673,64.507846],[12.361348,64.50857]],[[12.346281,64.488057],[12.346441,64.488347]],[[13.030096,64.848887],[13.03095,64.849041]],[[13.028893,64.848697],[13.030096,64.848887]],[[12.778825,64.721671],[12.779697,64.722392]],[[12.346859,64.488933],[12.348611,64.491308]],[[12.371811,64.515539],[12.373526,64.516614],[12.375872,64.518923],[12.38098,64.522183],[12.381909,64.523151],[12.382373,64.524112]],[[12.861821,64.76348],[12.865595,64.764702],[12.868039,64.765804],[12.881202,64.774421],[12.884676,64.776451],[12.889064,64.778707],[12.894112,64.780973],[12.91791,64.790496],[12.925467,64.793726],[12.969804,64.814174],[12.976461,64.817507],[12.982443,64.820811]],[[12.346087,64.487332],[12.346281,64.488057]],[[12.982443,64.820811],[12.989187,64.824958]],[[12.603162,64.648049],[12.603506,64.648521],[12.604156,64.649056]],[[12.781605,64.723292],[12.789958,64.726364],[12.791738,64.726827],[12.795263,64.727566],[12.797252,64.728273],[12.801818,64.730432],[12.803916,64.731548],[12.805205,64.732654],[12.805909,64.733946]],[[13.037452,64.853222],[13.03926,64.854118],[13.042086,64.855089],[13.043267,64.855605],[13.044812,64.856476],[13.046756,64.857855],[13.047432,64.858187],[13.048664,64.858588],[13.050988,64.859005]],[[12.361885,64.508771],[12.363075,64.509355],[12.363802,64.510054]],[[12.452973,64.548537],[12.453101,64.549468],[12.453962,64.550361],[12.454897,64.550843],[12.457372,64.551827],[12.459034,64.552594]],[[13.169817,64.930235],[13.170268,64.930444]],[[13.377393,65.510865],[13.376442,65.511117]],[[13.330172,65.067803],[13.330087,65.068319],[13.32978,65.06881],[13.329146,65.069339],[13.328306,65.069778],[13.327291,65.070124],[13.32624,65.070359],[13.325209,65.070496],[13.32369,65.070558]],[[13.386011,65.453084],[13.385899,65.454056],[13.386399,65.454994],[13.387121,65.455608],[13.388912,65.456712],[13.389709,65.457381],[13.393454,65.461979]],[[13.386115,65.452891],[13.386011,65.453084]],[[13.372005,65.51743],[13.372213,65.517567]],[[13.32369,65.070558],[13.319778,65.070383],[13.318568,65.070457],[13.317259,65.070658],[13.316121,65.070963],[13.314902,65.071505],[13.314259,65.071981],[13.313818,65.072586],[13.313733,65.073266],[13.314147,65.074039],[13.319698,65.079643]],[[13.372213,65.517567],[13.372903,65.51792],[13.373993,65.518301],[13.378161,65.519258],[13.379579,65.519717],[13.38111,65.520512],[13.382637,65.521776],[13.383913,65.523026],[13.384764,65.524347],[13.385105,65.52572],[13.384979,65.527869],[13.385247,65.528366],[13.38618,65.529378],[13.386426,65.530006]],[[13.170268,64.930444],[13.172439,64.931544],[13.173661,64.932627],[13.175832,64.937785],[13.176859,64.93909],[13.177579,64.939647],[13.18095,64.941757],[13.182431,64.942902],[13.183985,64.944455],[13.185577,64.946598],[13.186489,64.94741],[13.187766,64.948179],[13.190846,64.949612],[13.193425,64.951523],[13.195041,64.952428]],[[13.368271,65.170615],[13.367574,65.171921],[13.366672,65.172928]],[[13.308502,65.302751],[13.308504,65.303923],[13.30905,65.305401],[13.3099,65.306802],[13.311308,65.308684],[13.311679,65.309422],[13.311727,65.310271],[13.311145,65.311799],[13.311094,65.312509],[13.312705,65.317923],[13.313559,65.318917],[13.317319,65.321575],[13.319272,65.323225],[13.319703,65.323935],[13.319841,65.324489],[13.319736,65.326532],[13.320059,65.327216],[13.320521,65.327767],[13.321666,65.328616],[13.324552,65.330015],[13.325447,65.330633],[13.326,65.331181],[13.326532,65.332215],[13.326629,65.334183],[13.32738,65.335324]],[[13.27637,65.623581],[13.274536,65.62429],[13.272754,65.625161],[13.269421,65.627185],[13.267714,65.628408],[13.267351,65.62898],[13.267321,65.629628],[13.268285,65.631247],[13.268338,65.631864]],[[15.418076,67.097821],[15.42149,67.098604]],[[15.421647,67.09864],[15.423556,67.09904],[15.425462,67.099299],[15.427603,67.099427],[15.429929,67.099435]],[[14.981856,66.505358],[14.985805,66.504562]],[[14.985805,66.504562],[14.988022,66.503961],[14.990119,66.502998],[14.991021,66.50231],[14.9926,66.500292],[14.993669,66.499429],[14.995131,66.498665],[14.998928,66.497253],[15.000494,66.496506],[15.001529,66.49576],[15.004502,66.492884],[15.005703,66.492162],[15.006955,66.49164],[15.009194,66.49102],[15.016196,66.489663],[15.021787,66.48881],[15.023489,66.488461],[15.029603,66.486367],[15.041624,66.483664],[15.043246,66.483137],[15.047128,66.481491],[15.048922,66.481008],[15.051344,66.48056]],[[6.216423,58.55054],[6.21485,58.550428],[6.211589,58.550605],[6.206522,58.550095],[6.201932,58.549841],[6.200806,58.549826],[6.198241,58.549952],[6.197386,58.54992]],[[6.193917,58.54914],[6.193716,58.549104]],[[6.218488,58.551003],[6.216423,58.55054]],[[6.193716,58.549104],[6.191976,58.548963],[6.191084,58.549015],[6.190089,58.549173],[6.187762,58.54986],[6.184112,58.551217],[6.182597,58.551518]],[[6.170732,58.545583],[6.168464,58.544254],[6.167766,58.54372],[6.166672,58.542308],[6.164982,58.540672],[6.163646,58.538343],[6.163131,58.537707],[6.162394,58.537133],[6.160409,58.535999],[6.159713,58.535446]],[[6.175849,58.548901],[6.175429,58.548498]],[[6.272747,58.546746],[6.271342,58.547043]],[[6.172072,58.546149],[6.170732,58.545583]],[[6.269642,58.547416],[6.262401,58.548993],[6.260497,58.549262],[6.259063,58.549366],[6.25712,58.549382],[6.255605,58.549293],[6.250244,58.548562],[6.239766,58.548216],[6.237652,58.548347],[6.233626,58.549014],[6.229983,58.549456]],[[6.173884,58.547114],[6.173095,58.546586],[6.172072,58.546149]],[[6.177397,58.550489],[6.175849,58.548901]],[[6.182597,58.551518],[6.181078,58.551565],[6.179822,58.551423],[6.178462,58.551045],[6.177397,58.550489]],[[14.802805,67.298243],[14.800895,67.298146],[14.798996,67.297935],[14.788076,67.296176],[14.785333,67.29603],[14.782579,67.296111]],[[14.803377,67.298249],[14.802805,67.298243]],[[14.9587,67.294713],[14.955235,67.294661]],[[14.955235,67.294661],[14.953564,67.294466],[14.949778,67.293829],[14.945123,67.293303],[14.94268,67.292783]],[[10.764217,59.908338],[10.765293,59.907961],[10.765951,59.907499],[10.766287,59.906943],[10.766255,59.906359]],[[13.975927,66.250548],[13.976357,66.250942]],[[13.975578,66.254754],[13.974335,66.255968]],[[13.974335,66.255968],[13.971279,66.258997],[13.970518,66.259978]],[[13.970441,66.263745],[13.97084,66.26433]],[[13.97084,66.26433],[13.971705,66.26525],[13.972915,66.266165],[13.978531,66.269515],[13.97981,66.270168],[13.981795,66.270958],[13.983684,66.271534],[13.985378,66.271947],[13.989149,66.272699],[13.992973,66.273332],[13.994644,66.273463],[13.996605,66.273499],[14.00259,66.273373],[14.011133,66.272818],[14.014015,66.272802],[14.01564,66.272929],[14.018185,66.273263],[14.024137,66.274267]],[[13.976357,66.250942],[13.976956,66.251709],[13.977132,66.252204],[13.977117,66.252837],[13.976799,66.253489]],[[13.945261,66.240369],[13.94798,66.240975],[13.949886,66.241694],[13.950788,66.242255],[13.952259,66.243683],[13.952992,66.244208],[13.955831,66.245773],[13.957259,66.246313],[13.959743,66.246854],[13.971382,66.248642],[13.972918,66.249012],[13.974088,66.24943]],[[13.913314,66.235034],[13.913687,66.234979]],[[13.943454,66.240023],[13.945261,66.240369]],[[13.909751,66.235694],[13.913314,66.235034]],[[13.907059,66.235998],[13.909751,66.235694]],[[13.913687,66.234979],[13.916373,66.234728],[13.919151,66.234672]],[[13.851302,66.222756],[13.853235,66.223586],[13.854221,66.224307],[13.854693,66.224983],[13.855114,66.226593],[13.855467,66.227072],[13.856167,66.227644]],[[13.904231,66.23595],[13.905639,66.23602],[13.907059,66.235998]],[[13.850968,66.22265],[13.851302,66.222756]],[[13.86892,66.229589],[13.876958,66.230797],[13.878477,66.230958],[13.882289,66.231184],[13.884183,66.231426],[13.889176,66.232455],[13.895236,66.233866]],[[13.856167,66.227644],[13.85738,66.228251]],[[13.901579,66.235593],[13.904231,66.23595]],[[13.838034,66.155849],[13.838601,66.156417]],[[13.838601,66.156417],[13.839037,66.156863]],[[13.784449,66.154641],[13.784286,66.154288]],[[13.799706,66.139524],[13.802204,66.138999]],[[13.784286,66.154288],[13.783737,66.152869],[13.783761,66.152344],[13.784067,66.151603]],[[13.781278,66.158811],[13.783062,66.157978]],[[13.823285,66.136392],[13.825915,66.137017],[13.82801,66.137908],[13.830401,66.139746],[13.831509,66.140957],[13.831777,66.141841],[13.831657,66.142635],[13.829747,66.145189],[13.829424,66.146035],[13.829612,66.147172],[13.830551,66.148336]],[[13.783062,66.157978],[13.78397,66.157225],[13.784504,66.156312],[13.784614,66.155273],[13.784449,66.154641]],[[15.348226,67.000601],[15.348682,67.001415],[15.348757,67.002144],[15.348588,67.002751],[15.347296,67.004739],[15.346784,67.006],[15.346573,67.007908],[15.346915,67.009876]],[[15.308074,66.935611],[15.307962,66.937323],[15.307187,66.93852],[15.305094,66.939926],[15.302233,66.941399]],[[15.305095,66.909583],[15.307404,66.911962],[15.307741,66.912595],[15.30775,66.913344]],[[15.306374,66.927594],[15.304698,66.92949],[15.304399,66.930141],[15.304397,66.930771],[15.305064,66.931838],[15.307618,66.933812]],[[15.294982,66.902128],[15.296078,66.902895],[15.298123,66.903944]],[[15.305073,66.91908],[15.305283,66.91933]],[[15.289731,66.898927],[15.290976,66.899849]],[[15.30807,66.934876],[15.308074,66.935611]],[[15.290976,66.899849],[15.293746,66.901281],[15.294982,66.902128]],[[15.306547,66.926853],[15.306374,66.927594]],[[15.30775,66.913344],[15.30706,66.914463],[15.304962,66.916062]],[[15.305283,66.91933],[15.305898,66.920174],[15.306105,66.920844],[15.306547,66.926853]],[[15.304962,66.916062],[15.304376,66.916788],[15.304207,66.917545],[15.30439,66.918182],[15.305073,66.91908]],[[15.356809,66.809502],[15.356309,66.810482]],[[15.356309,66.810482],[15.355517,66.811331],[15.352811,66.813287],[15.351094,66.815901],[15.350196,66.816834],[15.349218,66.81759],[15.34765,66.81841],[15.343961,66.819772],[15.342796,66.820318],[15.338374,66.823216],[15.333728,66.825766],[15.332489,66.826224],[15.325477,66.828305],[15.320385,66.829918],[15.304375,66.834409],[15.300021,66.83582],[15.298304,66.836227],[15.295335,66.836728]],[[15.289862,66.839041],[15.289518,66.839689],[15.289148,66.841072],[15.288707,66.841729]],[[15.270365,66.874802],[15.269277,66.875255],[15.26831,66.87584],[15.266001,66.87766],[15.265168,66.878559],[15.26492,66.879413],[15.26466,66.882925],[15.264843,66.883679],[15.265306,66.884396],[15.266523,66.885417],[15.272728,66.889003],[15.275638,66.891335],[15.277024,66.892246],[15.280874,66.894366],[15.284904,66.895848],[15.287404,66.89703],[15.288302,66.89762],[15.289731,66.898927]],[[15.294003,66.525048],[15.295477,66.527016],[15.296058,66.528243]],[[10.38455,63.411082],[10.385437,63.411455]],[[10.385437,63.411455],[10.386462,63.411751],[10.387833,63.411984],[10.393577,63.412427]],[[15.148642,66.452364],[15.15071,66.451795],[15.153516,66.451314]],[[15.142729,66.454207],[15.148642,66.452364]],[[9.581647,62.276704],[9.581709,62.276793]],[[9.585722,62.279214],[9.590084,62.281076],[9.593761,62.282992],[9.595018,62.283919],[9.595751,62.284947],[9.59592,62.286136],[9.595499,62.287176],[9.591555,62.291271],[9.591194,62.291771]],[[9.635788,62.537744],[9.636327,62.538628],[9.636514,62.539215],[9.637035,62.543825],[9.637886,62.54567],[9.638377,62.547415],[9.639354,62.549452]],[[9.639354,62.549452],[9.639391,62.549548]],[[9.629418,62.530648],[9.629894,62.530812]],[[9.639391,62.549548],[9.640119,62.551779],[9.640862,62.552773]],[[9.303868,62.138677],[9.304038,62.1388]],[[9.554357,62.211168],[9.554174,62.211889],[9.553712,62.212547]],[[9.340585,62.159798],[9.348353,62.162658],[9.360861,62.166699],[9.363586,62.167834],[9.36825,62.17013],[9.371048,62.17121],[9.378756,62.173684],[9.384321,62.175251],[9.387466,62.176026],[9.390861,62.176625],[9.39388,62.176961],[9.399874,62.177343],[9.405012,62.177524],[9.408121,62.177463],[9.418912,62.176683]],[[9.551987,62.213492],[9.546579,62.215582],[9.545136,62.216376],[9.543923,62.217321]],[[9.922292,62.671011],[9.922686,62.671096]],[[9.925951,62.672322],[9.927867,62.673549],[9.930713,62.675092],[9.932629,62.676448],[9.934394,62.678277],[9.937663,62.682286],[9.938043,62.683147],[9.938132,62.68381],[9.937783,62.688393],[9.938864,62.691552]],[[11.277598,62.850016],[11.282908,62.84982],[11.286307,62.84921]],[[11.39593,62.789246],[11.395929,62.789061]],[[11.39355,62.786821],[11.393396,62.786764]],[[11.225407,62.859167],[11.226209,62.858609]],[[11.301679,62.847696],[11.30181,62.847675]],[[11.331537,62.839492],[11.331646,62.839436]],[[11.275823,62.850075],[11.276015,62.850078]],[[11.356783,62.817827],[11.356865,62.817792]],[[11.312977,62.846926],[11.314188,62.846763],[11.315429,62.846397],[11.316243,62.845967],[11.317841,62.84471],[11.318713,62.844346],[11.321155,62.843617]],[[11.384428,62.801301],[11.385942,62.800289],[11.386827,62.799472],[11.389546,62.795673],[11.390312,62.795166],[11.392194,62.794264],[11.393005,62.793624],[11.39393,62.791799],[11.395521,62.790239],[11.39593,62.789246]],[[11.383779,62.8057],[11.384075,62.805277],[11.38423,62.804722]],[[11.350401,62.82561],[11.35097,62.82488],[11.352755,62.820904],[11.353289,62.820107],[11.354739,62.818864],[11.356783,62.817827]],[[11.226209,62.858609],[11.228018,62.857407],[11.23124,62.855851],[11.234997,62.853636],[11.237177,62.852879],[11.239467,62.852467]],[[11.36887,62.810092],[11.370381,62.808896],[11.371809,62.808342],[11.373226,62.808105],[11.376011,62.808024],[11.377273,62.807915],[11.378663,62.807676],[11.381035,62.807066]],[[11.199208,62.873349],[11.201011,62.873053],[11.204038,62.872149],[11.208649,62.871101],[11.212181,62.870187],[11.213393,62.869754],[11.214107,62.869219],[11.214833,62.868071],[11.215956,62.867049],[11.216232,62.866655],[11.216541,62.865417],[11.217299,62.864051],[11.21726,62.863444],[11.21669,62.862051],[11.216777,62.861651],[11.217181,62.861156],[11.217838,62.860744],[11.218881,62.860387],[11.220144,62.860197],[11.222085,62.860151],[11.22324,62.860031],[11.22423,62.859775],[11.225143,62.859341]],[[11.395929,62.789061],[11.395701,62.78838],[11.395221,62.787796],[11.394392,62.787213],[11.39355,62.786821]],[[11.181054,62.916944],[11.181138,62.916854]],[[11.179457,62.918828],[11.181054,62.916944]],[[11.179347,62.918959],[11.179457,62.918828]],[[11.140254,62.928885],[11.140441,62.928885]],[[11.162619,62.924875],[11.166927,62.923776],[11.170177,62.922731],[11.174331,62.921869],[11.175833,62.921472],[11.17759,62.920688],[11.178769,62.919647]],[[10.834328,59.718876],[10.834787,59.720345]],[[10.834371,59.718721],[10.834354,59.717774]],[[10.834963,59.720743],[10.835486,59.721896]],[[12.024299,57.646809],[12.024162,57.646982]],[[12.024162,57.646982],[12.021258,57.650674]],[[12.021285,57.650864],[12.021401,57.650705]],[[12.056692,57.600876],[12.056198,57.60121]],[[12.039047,57.627573],[12.024299,57.646809]],[[12.021401,57.650705],[12.024252,57.64698]],[[12.039086,57.627516],[12.039047,57.627573]],[[12.090175,57.521618],[12.090387,57.521875]],[[12.021258,57.650674],[12.021124,57.650864]],[[12.080053,57.493791],[12.080124,57.496144]],[[12.056198,57.60121],[12.053816,57.602789]],[[12.053876,57.602813],[12.056224,57.601261]],[[12.06296,57.596079],[12.056692,57.600876]],[[12.100702,57.538695],[12.100084,57.540776],[12.097646,57.545434],[12.09401,57.551068],[12.093169,57.55205],[12.091652,57.553445],[12.087076,57.556906],[12.085677,57.558341],[12.084589,57.559855],[12.083817,57.561428],[12.083497,57.562494],[12.083327,57.563569],[12.083173,57.566808],[12.082838,57.568424],[12.081996,57.570456],[12.080465,57.573065]],[[12.080544,57.573073],[12.08207,57.570468],[12.082915,57.56843],[12.083258,57.566812],[12.08347,57.56303],[12.083896,57.561436],[12.084658,57.559866],[12.085741,57.558358],[12.086639,57.557399],[12.088223,57.556036],[12.092259,57.553014],[12.093238,57.552069],[12.094447,57.550612],[12.097414,57.545961],[12.099481,57.542161],[12.100341,57.54034],[12.100773,57.538699]],[[12.08013,57.493788],[12.079932,57.490208]],[[12.053816,57.602789],[12.051782,57.604409],[12.050568,57.605928],[12.043051,57.62219],[12.042204,57.623455],[12.039086,57.627516]],[[11.998363,57.690997],[11.997909,57.69377],[11.996399,57.696954],[11.996097,57.698354],[11.996426,57.699618],[11.998715,57.703109],[11.999032,57.703705],[11.999267,57.704584],[11.999283,57.705076],[11.998983,57.706372],[11.997911,57.710098]],[[8.650175,58.525752],[8.650161,58.524648]],[[8.642469,58.516476],[8.642701,58.516095]],[[8.644802,58.503497],[8.642661,58.500951],[8.641101,58.499884],[8.636864,58.497533],[8.635004,58.496244],[8.631581,58.493546],[8.62945,58.491428],[8.626425,58.487466],[8.624177,58.480601],[8.623838,58.479999],[8.623227,58.479325]],[[8.649836,58.523778],[8.64901,58.523114],[8.646981,58.522208],[8.646099,58.521553],[8.642602,58.517701],[8.642372,58.517114],[8.642469,58.516476]],[[11.293629,60.796343],[11.296593,60.796476],[11.30258,60.796571],[11.30528,60.796873],[11.30895,60.797572]],[[11.30895,60.797572],[11.30921,60.797638]],[[11.292539,60.796265],[11.293629,60.796343]],[[11.30921,60.797638],[11.312214,60.798609],[11.314093,60.799439],[11.315103,60.800009],[11.316349,60.801038],[11.319458,60.80441],[11.320606,60.805385],[11.322088,60.806441],[11.324663,60.807926],[11.334908,60.813412],[11.336399,60.814368],[11.339394,60.816783]],[[11.208615,60.698824],[11.205211,60.705532],[11.204534,60.706637],[11.197639,60.71473]],[[11.193463,60.719713],[11.193115,60.720117]],[[11.193115,60.720117],[11.191461,60.721904]],[[11.191461,60.721904],[11.193048,60.720057]],[[12.288577,59.910899],[12.287324,59.91223],[12.285294,59.913577]],[[12.291837,59.89003],[12.29144,59.890616],[12.291079,59.891568],[12.290876,59.89351]],[[12.290876,59.89351],[12.290584,59.899966],[12.291265,59.90469],[12.291227,59.905587],[12.290743,59.907156],[12.288577,59.910899]],[[5.650798,58.736927],[5.650932,58.73705]],[[5.650932,58.73705],[5.652227,58.737978],[5.654854,58.739319],[5.655673,58.739823],[5.656385,58.740441],[5.656941,58.741211]],[[8.741822,58.465389],[8.742103,58.465458]],[[8.742103,58.465458],[8.743216,58.465615]],[[6.357106,58.329661],[6.357104,58.329599]],[[6.357104,58.329599],[6.357106,58.329556]],[[5.911961,58.476916],[5.908465,58.477706],[5.906461,58.478494]],[[5.906461,58.478494],[5.905233,58.479235],[5.90423,58.480053]],[[10.73562,59.914418],[10.733893,59.914868],[10.732495,59.915139],[10.724239,59.915997],[10.722542,59.916282],[10.720114,59.916837]],[[10.729453,59.91506],[10.733564,59.914792]],[[10.7212,59.916441],[10.722876,59.915976],[10.724619,59.915661],[10.733564,59.914792]],[[10.73562,59.914418],[10.732471,59.915038],[10.724194,59.915905],[10.722492,59.916237],[10.720114,59.916837]],[[10.747799,59.912408],[10.745853,59.912693],[10.742592,59.912923],[10.740955,59.913125],[10.738874,59.913545],[10.73562,59.914418]],[[10.733564,59.914792],[10.735112,59.914499],[10.739067,59.913449],[10.740595,59.91313],[10.742596,59.912871],[10.745821,59.912645],[10.747767,59.912359]],[[5.498418,60.434543],[5.498302,60.434618]],[[5.498302,60.434618],[5.497535,60.435013]],[[5.497535,60.435013],[5.497395,60.435065]],[[5.482614,60.439214],[5.4819,60.439129],[5.480866,60.439133],[5.479887,60.439291],[5.479207,60.439521],[5.47842,60.44],[5.477704,60.441271],[5.476986,60.441936],[5.476153,60.442341],[5.472659,60.443535]],[[14.391405,67.286355],[14.402027,67.288081]],[[13.262536,65.650243],[13.262943,65.650986],[13.264918,65.653042],[13.265755,65.654741],[13.265906,65.655879],[13.265596,65.661014],[13.265131,65.661611],[13.263454,65.663012],[13.261463,65.664927],[13.260744,65.66542],[13.258636,65.666499],[13.258007,65.666923],[13.256592,65.668724],[13.254242,65.670469],[13.25321,65.672067],[13.252739,65.672437],[13.251438,65.673127]],[[13.262526,65.650165],[13.262536,65.650243]],[[6.116121,60.64608],[6.114364,60.646222],[6.110112,60.646886],[6.108206,60.647115],[6.106694,60.64711],[6.104818,60.646885]],[[6.265519,60.631942],[6.264575,60.631745]],[[6.264575,60.631745],[6.262741,60.63144],[6.25817,60.631216],[6.255367,60.630701],[6.25318,60.630513],[6.243914,60.630316],[6.242326,60.630514],[6.240946,60.630913]],[[6.104754,58.51894],[6.102833,58.519134]],[[6.102833,58.519134],[6.099828,58.519382]],[[12.083287,57.656888],[12.083614,57.656863]],[[12.083614,57.656863],[12.087333,57.656546],[12.088278,57.656384],[12.089207,57.656118],[12.090655,57.655391],[12.092066,57.653959],[12.092937,57.653383],[12.094308,57.652901],[12.095734,57.652676],[12.097132,57.652654],[12.098441,57.652831],[12.099795,57.653269],[12.101531,57.654187],[12.10258,57.654562],[12.104206,57.65488],[12.105991,57.655008]],[[12.002947,57.72374],[12.002768,57.724543]],[[11.988607,57.729083],[11.986731,57.728915],[11.985087,57.728513]],[[11.374653,59.119252],[11.374832,59.1192]],[[11.374195,59.119406],[11.374653,59.119252]],[[11.213415,60.305173],[11.212208,60.304764]],[[11.218249,60.306975],[11.213415,60.305173]],[[7.101965,60.771259],[7.101928,60.771849],[7.102622,60.773421],[7.102562,60.774707]],[[7.119911,60.806422],[7.122563,60.806974]],[[7.096618,60.784226],[7.095595,60.784547],[7.095065,60.784821]],[[7.094675,60.785745],[7.09468,60.785821]],[[11.143106,60.265658],[11.14384,60.26629]],[[11.143772,60.266311],[11.14304,60.265687]],[[11.138618,60.261915],[11.138112,60.261487]],[[11.138188,60.261468],[11.138689,60.261894]],[[11.14384,60.26629],[11.149117,60.270789]],[[11.14905,60.270811],[11.143772,60.266311]],[[11.138689,60.261894],[11.143106,60.265658]],[[11.14304,60.265687],[11.138618,60.261915]],[[10.834027,59.92645],[10.833787,59.925985]],[[10.987004,59.661425],[10.989692,59.661642]],[[10.989692,59.661642],[10.990917,59.661705],[10.991953,59.661667],[10.996617,59.661215],[10.998485,59.660901]],[[9.323378,59.41643],[9.323405,59.416331]],[[9.32646,59.409712],[9.326327,59.40914],[9.325949,59.40859],[9.325329,59.408087],[9.324685,59.407741],[9.321232,59.406538],[9.317857,59.404697],[9.315629,59.403666],[9.314745,59.403399],[9.313891,59.403242],[9.31199,59.403154]],[[9.326456,59.409853],[9.32646,59.409712]],[[9.274401,59.556214],[9.274202,59.556289]],[[9.266174,59.560176],[9.266273,59.560036]],[[15.470829,67.097635],[15.471122,67.097787]],[[15.461712,67.106587],[15.461572,67.106669]],[[15.468846,67.103534],[15.468697,67.103618]],[[15.460946,67.10715],[15.458972,67.10919],[15.457735,67.110218]],[[15.465271,67.105036],[15.463073,67.105867],[15.461712,67.106587]],[[13.79499,66.191659],[13.794379,66.192648]],[[13.794379,66.192648],[13.792425,66.194238],[13.789674,66.195651],[13.788638,66.196424]],[[9.905867,59.769976],[9.904786,59.770598]],[[9.904542,59.770737],[9.904786,59.770598]],[[9.897557,59.774748],[9.898881,59.773989]],[[9.91263,59.765822],[9.912306,59.766047]],[[9.983349,59.754978],[9.977275,59.756418],[9.97143,59.757902]],[[9.903548,59.771306],[9.898881,59.773989]],[[9.904736,59.770563],[9.904765,59.770545]],[[10.998485,59.660901],[11.001931,59.660099],[11.005618,59.659443]],[[11.076082,59.619998],[11.082934,59.621975]],[[11.159911,59.582428],[11.168478,59.580754]],[[10.888642,59.685316],[10.890261,59.683954],[10.893472,59.681798]],[[11.009387,59.658795],[11.011227,59.658477],[11.01245,59.658142],[11.013511,59.657637],[11.0142,59.6571],[11.014581,59.656579],[11.014767,59.65603],[11.014534,59.654399],[11.014632,59.653932],[11.014938,59.653423],[11.015545,59.652859],[11.016963,59.651886],[11.01767,59.651269],[11.023221,59.645202],[11.024406,59.643685],[11.029574,59.63621],[11.03103,59.63359],[11.031605,59.63218],[11.032195,59.629959],[11.032416,59.628091],[11.032456,59.625881]],[[11.323571,59.552237],[11.32387,59.552782],[11.323945,59.553293]],[[11.113388,59.61219],[11.114372,59.61139],[11.11536,59.609991],[11.11641,59.609068]],[[11.006183,59.659346],[11.009387,59.658795]],[[11.323571,59.552237],[11.323361,59.551855]],[[11.005618,59.659443],[11.006183,59.659346]],[[11.113205,59.612324],[11.113388,59.61219]],[[11.117982,59.607921],[11.118715,59.607585]],[[11.117136,59.608497],[11.117982,59.607921]],[[11.082934,59.621975],[11.085279,59.622848],[11.093737,59.627283],[11.094702,59.627704],[11.095641,59.627995],[11.096766,59.62823],[11.098256,59.628398],[11.102568,59.628735],[11.104309,59.62866],[11.105717,59.628373],[11.106651,59.628025],[11.107465,59.627567],[11.108061,59.627024],[11.108388,59.626494],[11.108483,59.625582],[11.107885,59.621415],[11.108109,59.61977],[11.109012,59.617933],[11.112683,59.612788]],[[11.118715,59.607585],[11.119938,59.60719],[11.121064,59.606964],[11.123629,59.606801],[11.124738,59.606642],[11.133654,59.604646],[11.136321,59.603875],[11.138537,59.602859],[11.140016,59.601885],[11.140725,59.601203],[11.141424,59.600314],[11.142098,59.598898]],[[11.304313,59.515426],[11.303826,59.514482],[11.303595,59.513579],[11.303713,59.512845],[11.304117,59.512173],[11.306232,59.510276],[11.307237,59.508745],[11.307912,59.507996],[11.310267,59.506274],[11.311128,59.505464],[11.311664,59.504568],[11.312216,59.502383],[11.312907,59.501297],[11.313914,59.500393],[11.316354,59.498841],[11.317247,59.497855],[11.317607,59.496897],[11.317663,59.493414],[11.318098,59.49154],[11.319232,59.489442],[11.322031,59.485926]],[[11.323945,59.553293],[11.323371,59.557759]],[[11.329258,59.411263],[11.327752,59.410958],[11.326539,59.41049],[11.325679,59.409906],[11.325114,59.409197],[11.324953,59.4085],[11.325202,59.407709],[11.327974,59.404852],[11.328292,59.404193],[11.328335,59.403568],[11.327888,59.402544],[11.325385,59.399766],[11.324113,59.397693],[11.323307,59.396775],[11.317436,59.391736],[11.313768,59.389086],[11.310495,59.386928],[11.296235,59.378573],[11.294124,59.376908],[11.289899,59.372858],[11.288093,59.3716],[11.286191,59.370588]],[[11.340456,59.42193],[11.34056,59.421492]],[[11.337242,59.454499],[11.33762,59.453566]],[[11.304355,59.515513],[11.304313,59.515426]],[[11.329423,59.411289],[11.329258,59.411263]],[[11.337167,59.45468],[11.337242,59.454499]],[[11.322031,59.485926],[11.322147,59.485781]],[[11.33762,59.453566],[11.33768,59.453412]],[[11.322147,59.485781],[11.326067,59.480853],[11.327014,59.479383],[11.327939,59.477611],[11.337167,59.45468]],[[11.34056,59.421492],[11.340812,59.419558],[11.340469,59.417783],[11.339584,59.416058],[11.338722,59.414963],[11.337991,59.414245],[11.336443,59.413148],[11.334563,59.412324],[11.332047,59.41167],[11.329423,59.411289]],[[11.339448,59.426349],[11.338955,59.428176]],[[11.33768,59.453412],[11.338363,59.451568],[11.338569,59.450439],[11.338563,59.449242],[11.338128,59.446654],[11.338172,59.445626],[11.338511,59.444478],[11.339362,59.442517],[11.339637,59.441044],[11.339523,59.43689],[11.339217,59.436085],[11.338126,59.434321],[11.337859,59.433181],[11.337929,59.432442],[11.338955,59.428176]],[[11.323271,59.5517],[11.322282,59.550365],[11.305242,59.533364],[11.30461,59.532412],[11.304289,59.531419],[11.304252,59.530723],[11.304552,59.52959]],[[11.340007,59.424061],[11.339448,59.426349]],[[11.218837,59.299877],[11.220863,59.300963],[11.223431,59.302036]],[[11.264735,59.345795],[11.263587,59.34528]],[[11.281985,59.364405],[11.281953,59.364285]],[[11.230109,59.316136],[11.230296,59.316042]],[[11.281953,59.364285],[11.281468,59.363388],[11.279322,59.360713],[11.278972,59.359786],[11.278403,59.357093]],[[11.230296,59.316042],[11.231547,59.31527],[11.232053,59.314673],[11.232222,59.314261],[11.23227,59.313711],[11.231925,59.312113],[11.232663,59.310109],[11.232695,59.309544],[11.232529,59.309053]],[[11.26702,59.346263],[11.265709,59.346077],[11.264735,59.345795]],[[11.274973,59.346994],[11.274082,59.346632],[11.273194,59.346405]],[[11.273194,59.346405],[11.271421,59.346179],[11.268458,59.346293],[11.26702,59.346263]],[[11.289826,60.596329],[11.289896,60.596411]],[[11.249579,60.558297],[11.251939,60.562559],[11.253082,60.564113],[11.259115,60.569727],[11.261896,60.572116],[11.269167,60.579337]],[[12.381666,64.528109],[12.383756,64.530436],[12.385205,64.531429],[12.392698,64.534326],[12.395235,64.535004],[12.397058,64.535299]],[[12.381401,64.526062],[12.381142,64.526533],[12.381101,64.527078],[12.381666,64.528109]],[[9.410433,61.843819],[9.41181,61.844579],[9.412516,61.84531],[9.413405,61.848348],[9.41309,61.849282],[9.411581,61.850823],[9.411137,61.851534],[9.410982,61.852227],[9.410984,61.853466],[9.410705,61.854082],[9.410167,61.85462],[9.409469,61.855047],[9.405816,61.856439],[9.402488,61.85816],[9.399968,61.859843],[9.398336,61.861397]],[[10.52279,59.891864],[10.525901,59.892782],[10.532103,59.894917]],[[10.530674,59.894626],[10.526273,59.893255],[10.522653,59.891993]],[[10.633166,59.914],[10.63485,59.913659],[10.636247,59.91349],[10.637777,59.913431],[10.639357,59.913501]],[[10.631504,59.914415],[10.629203,59.914822],[10.627303,59.914919]],[[10.550806,59.897256],[10.547426,59.898049],[10.546012,59.898276],[10.544078,59.898365],[10.542174,59.898204],[10.540204,59.897754],[10.528565,59.893859]],[[10.633107,59.913932],[10.6339,59.913752]],[[10.635044,59.913775],[10.633259,59.914109]],[[10.463681,61.087769],[10.46376,61.087888]],[[10.466363,61.095977],[10.466596,61.096834],[10.46648,61.097991],[10.466968,61.099441],[10.466855,61.101723],[10.466498,61.102382],[10.465111,61.103468],[10.464636,61.103989],[10.464379,61.104521],[10.464308,61.105165]],[[11.242014,60.449051],[11.241568,60.447862],[11.241288,60.446542],[11.24133,60.441133],[11.240959,60.438876]],[[11.241042,60.43887],[11.241412,60.441133],[11.241373,60.446542],[11.241652,60.447857],[11.2421,60.449051]],[[11.23679,60.483393],[11.235208,60.485158],[11.233861,60.487296],[11.232159,60.491668],[11.231746,60.494037],[11.231996,60.496249],[11.232879,60.498467],[11.234499,60.500738],[11.236743,60.502877]],[[11.239281,60.429497],[11.239439,60.424914],[11.238925,60.413538],[11.238423,60.4115],[11.236782,60.407983]],[[11.236669,60.502892],[11.234423,60.500755],[11.233474,60.499562],[11.232797,60.498478],[11.231912,60.496255],[11.231664,60.494036],[11.232076,60.491663],[11.233781,60.487285],[11.235129,60.485146],[11.236716,60.483373]],[[11.236743,60.502877],[11.238201,60.504143]],[[11.236716,60.483373],[11.241998,60.47921],[11.243411,60.477834],[11.244639,60.476291],[11.245509,60.474755],[11.245916,60.47371],[11.247056,60.468452],[11.247247,60.466772],[11.247307,60.463902],[11.247191,60.462032],[11.24657,60.458811],[11.245306,60.455168],[11.244243,60.45297],[11.242014,60.449051]],[[11.2421,60.449051],[11.244862,60.454051],[11.245698,60.455905],[11.246435,60.458029],[11.247122,60.460973],[11.247348,60.462891],[11.247401,60.46555],[11.247253,60.467681],[11.246002,60.473712],[11.245591,60.474766],[11.244723,60.476304],[11.24349,60.477848],[11.242063,60.479236],[11.23679,60.483393]],[[11.240959,60.438876],[11.239735,60.435556],[11.239272,60.433649]],[[11.239354,60.433641],[11.239824,60.43555],[11.241042,60.43887]],[[11.238133,60.504167],[11.236669,60.502892]],[[11.252158,59.984477],[11.254484,59.984166],[11.256617,59.9841],[11.258629,59.984226],[11.260709,59.984558]],[[11.282025,59.996118],[11.283488,59.996791]],[[11.371792,59.120277],[11.372037,59.120189]],[[11.372037,59.120189],[11.372418,59.120051]],[[10.958985,59.212645],[10.959613,59.213636]],[[11.122174,59.283173],[11.123761,59.282043],[11.1267,59.280567]],[[10.803985,59.356455],[10.812538,59.354324]],[[10.748528,59.377547],[10.761586,59.371002]],[[10.776831,59.363699],[10.773778,59.364987],[10.768743,59.36748]],[[10.768678,59.367446],[10.773718,59.36495],[10.776811,59.363645]],[[10.80355,59.356616],[10.783149,59.361695],[10.780302,59.362502],[10.777508,59.363444]],[[10.77749,59.363391],[10.780254,59.36246],[10.783105,59.361652],[10.803506,59.356574]],[[10.870359,59.346282],[10.868635,59.346859],[10.866329,59.347394],[10.864173,59.347735],[10.86164,59.347918]],[[11.375572,59.119038],[11.375849,59.118996]],[[10.776811,59.363645],[10.77749,59.363391]],[[10.762137,59.370726],[10.768275,59.367646]],[[10.768275,59.367646],[10.768678,59.367446]],[[10.777508,59.363444],[10.776831,59.363699]],[[10.762158,59.370782],[10.761637,59.371045]],[[10.761586,59.371002],[10.762137,59.370726]],[[10.738905,59.38237],[10.739269,59.382188]],[[10.859928,59.347968],[10.860059,59.347967]],[[10.768743,59.36748],[10.768355,59.367674]],[[10.768355,59.367674],[10.762158,59.370782]],[[10.804021,59.356499],[10.80355,59.356616]],[[10.803506,59.356574],[10.803985,59.356455]],[[10.73933,59.382224],[10.738974,59.382403]],[[10.860059,59.347967],[10.86145,59.347926]],[[11.374832,59.1192],[11.375572,59.119038]],[[10.81495,59.353788],[10.827525,59.350619]],[[10.729958,59.386849],[10.738905,59.38237]],[[11.385683,59.120717],[11.387045,59.120881]],[[10.870359,59.346282],[10.872907,59.345232],[10.874574,59.344309],[10.876175,59.343142],[10.877338,59.341988],[10.879436,59.339296],[10.879533,59.338486],[10.87916,59.337066],[10.879352,59.335992]],[[11.379929,59.119295],[11.384612,59.120505],[11.385683,59.120717]],[[10.738974,59.382403],[10.731679,59.38605]],[[10.761637,59.371045],[10.748592,59.377583]],[[14.937666,66.49681],[14.940573,66.496814],[14.943162,66.49708],[14.954629,66.499616],[14.956572,66.500153],[14.959798,66.501345],[14.962008,66.502541]],[[14.907625,66.49992],[14.910331,66.500236],[14.917888,66.50062],[14.919721,66.500632],[14.921784,66.500504],[14.923504,66.500267],[14.925218,66.499897],[14.933026,66.497485],[14.934786,66.497117],[14.936857,66.496864]],[[14.936857,66.496864],[14.937666,66.49681]],[[14.905069,66.499302],[14.907625,66.49992]],[[11.118962,60.020602],[11.116061,60.017975],[11.112782,60.015543]],[[11.112841,60.015518],[11.116134,60.017955],[11.119037,60.020585]],[[11.091881,60.003288],[11.100723,60.008768],[11.103222,60.010164],[11.106339,60.01175]],[[11.106282,60.011777],[11.100991,60.008989],[11.091817,60.003316]],[[11.048805,59.954057],[11.050208,59.954426]],[[11.086033,59.99949],[11.085727,59.999245]],[[11.11956,60.021222],[11.118962,60.020602]],[[11.111683,60.014754],[11.112841,60.015518]],[[11.085766,59.999199],[11.086075,59.999446]],[[11.127152,60.037346],[11.127,60.03705]],[[11.091623,60.003127],[11.091881,60.003288]],[[11.091817,60.003316],[11.091559,60.003154]],[[11.12708,60.03704],[11.127232,60.037336]],[[11.119037,60.020585],[11.119637,60.021208]],[[11.112782,60.015543],[11.111616,60.014778]],[[11.082737,59.996248],[11.083258,59.996845]],[[11.083183,59.996862],[11.082661,59.996265]],[[11.127,60.03705],[11.126177,60.034991],[11.125155,60.030552],[11.124137,60.027844],[11.122245,60.024539],[11.120886,60.022732],[11.11956,60.021222]],[[11.119637,60.021208],[11.122159,60.024291],[11.124088,60.027561],[11.125086,60.030058],[11.12618,60.034718],[11.12708,60.03704]],[[11.108064,60.012705],[11.106282,60.011777]],[[11.106339,60.01175],[11.108126,60.012678]],[[11.07571,59.985047],[11.073225,59.981792],[11.071782,59.979271],[11.065875,59.964413]],[[11.063639,59.961123],[11.064976,59.962693],[11.065976,59.964403]],[[11.111616,60.014778],[11.108064,60.012705]],[[11.108126,60.012678],[11.111683,60.014754]],[[11.091559,60.003154],[11.088216,60.001053],[11.086033,59.99949]],[[11.085727,59.999245],[11.084416,59.998107]],[[11.086075,59.999446],[11.088284,60.00103],[11.091623,60.003127]],[[11.084372,59.99798],[11.085766,59.999199]],[[11.079972,59.991692],[11.08138,59.994257],[11.082815,59.996232]],[[11.139135,60.072331],[11.139669,60.080787]],[[11.139669,60.080787],[11.138943,60.074793],[11.139135,60.072331]],[[11.105064,60.023691],[11.105294,60.023759]],[[11.085809,59.999153],[11.086116,59.999398]],[[11.126895,60.037064],[11.127002,60.037279]],[[11.104923,60.023652],[11.103386,60.023082],[11.102244,60.022391],[11.101382,60.021481],[11.100804,60.020403]],[[11.079972,59.991692],[11.077776,59.98762],[11.075983,59.985139]],[[11.139669,60.080787],[11.140896,60.100622],[11.140516,60.102781],[11.139497,60.106308]],[[11.102379,60.01577],[11.102096,60.016782],[11.100823,60.018852],[11.100682,60.019592],[11.100804,60.020403]],[[11.100804,60.020403],[11.101651,60.021699],[11.102341,60.022365],[11.103271,60.022956],[11.104926,60.023649]],[[11.127042,60.03736],[11.127681,60.038572],[11.128669,60.039891]],[[11.09093,60.00217],[11.093648,60.003466],[11.095123,60.00432],[11.096515,60.005385],[11.097617,60.006564]],[[11.076062,59.985124],[11.078196,59.98815],[11.079972,59.991692]],[[11.132029,60.044607],[11.130174,60.041924],[11.127634,60.038778],[11.127039,60.037361]],[[11.063628,59.961017],[11.06506,59.962678],[11.066139,59.96451],[11.071582,59.978306],[11.072669,59.980436]],[[11.082815,59.996232],[11.083339,59.996826]],[[11.103079,60.010813],[11.103455,60.011546],[11.103509,60.012286],[11.103336,60.012858],[11.102616,60.014189],[11.102443,60.015012]],[[11.205581,60.252564],[11.205964,60.258406],[11.205566,60.261455],[11.205632,60.262293],[11.206144,60.263632]],[[11.036818,59.952341],[11.03514,59.952284],[11.033229,59.952339]],[[11.102443,60.015012],[11.102379,60.01577]],[[11.116541,60.026857],[11.122436,60.029132],[11.123656,60.029818],[11.124491,60.03051],[11.124988,60.031121],[11.125326,60.031796],[11.126069,60.034998],[11.126895,60.037064]],[[11.097744,60.006722],[11.098751,60.007888]],[[11.084385,59.997899],[11.085809,59.999153]],[[11.020212,59.952499],[11.01891,59.95238]],[[10.815328,59.908814],[10.808958,59.909142],[10.806397,59.909066],[10.804894,59.908881],[10.803546,59.908612],[10.802192,59.908233],[10.800061,59.90748]],[[11.038433,59.952612],[11.037979,59.952582]],[[10.767626,59.907984],[10.766989,59.908095]],[[10.770707,59.907443],[10.767936,59.907929]],[[10.766989,59.908095],[10.76509,59.908429]],[[10.429526,59.828972],[10.429574,59.829014]],[[10.429128,59.828688],[10.425324,59.825443],[10.421439,59.82248],[10.413294,59.817148],[10.406139,59.81319],[10.337935,59.778427],[10.335232,59.777267],[10.332361,59.776386],[10.329824,59.775796],[10.326593,59.775247],[10.317874,59.773943],[10.315226,59.773373],[10.313007,59.772754],[10.310007,59.77167],[10.293571,59.764627]],[[11.475875,59.066694],[11.475881,59.066149]],[[11.475881,59.066149],[11.47591,59.065318],[11.4761,59.064813],[11.476554,59.064262],[11.477147,59.063769]],[[10.751678,59.911658],[10.750955,59.911771]],[[10.762226,59.908698],[10.762652,59.908622]],[[10.760078,59.909928],[10.759125,59.910112]],[[10.762652,59.908622],[10.763455,59.908479]],[[10.764214,59.90839],[10.766653,59.908101]],[[10.761164,59.908935],[10.762547,59.908735]],[[10.764718,59.908383],[10.763136,59.908564]],[[11.248263,60.3299],[11.248243,60.330035]],[[11.248243,60.330035],[11.247983,60.331772]],[[10.197055,59.741732],[10.197273,59.741719]],[[10.764204,59.908585],[10.762162,59.908943]],[[11.248356,60.329897],[11.248354,60.329903]],[[10.765795,59.908386],[10.764603,59.908596]],[[9.868173,59.735238],[9.865225,59.732788],[9.864821,59.732164],[9.864558,59.731244]],[[9.653644,59.670573],[9.653443,59.670712]],[[9.647739,59.67379],[9.648694,59.673381]],[[9.653443,59.670712],[9.653336,59.670785]],[[9.653336,59.670785],[9.653178,59.670891]],[[9.796479,59.698953],[9.796334,59.698753]],[[9.796334,59.698753],[9.796082,59.698371]],[[9.804127,59.70466],[9.802888,59.703919],[9.800836,59.702221],[9.798099,59.700456],[9.797235,59.699763],[9.796479,59.698953]],[[9.912306,59.766047],[9.912189,59.76613]],[[9.648865,59.673453],[9.648508,59.673612]],[[9.648694,59.673381],[9.652623,59.671264]],[[9.652623,59.671264],[9.651342,59.672118]],[[9.805258,59.705164],[9.804127,59.70466]],[[9.905528,59.770106],[9.909848,59.767659],[9.91177,59.766419]],[[9.91177,59.766419],[9.909917,59.767677],[9.905867,59.769976]],[[8.084488,58.405328],[8.085173,58.404654],[8.085519,58.403997],[8.085562,58.403465],[8.085378,58.402368],[8.085614,58.40157],[8.086235,58.400888],[8.087689,58.399931],[8.08828,58.399421],[8.090073,58.396964],[8.090685,58.395756]],[[8.089176,58.418993],[8.089036,58.418746]],[[8.091009,58.394551],[8.091025,58.394411]],[[8.091025,58.394411],[8.091,58.393776],[8.090779,58.393131]],[[10.45433,61.121356],[10.454149,61.121444]],[[10.454149,61.121444],[10.451141,61.122897],[10.448418,61.124356]],[[14.740647,66.4095],[14.742142,66.41012]],[[14.742142,66.41012],[14.744239,66.411203],[14.746927,66.413113],[14.747844,66.413584],[14.749434,66.414135],[14.753928,66.415226]],[[14.649285,66.388538],[14.653073,66.389471],[14.654803,66.390035],[14.65645,66.390833],[14.659156,66.392639],[14.660838,66.393295],[14.662886,66.393832],[14.666058,66.394336],[14.668792,66.394518],[14.671406,66.394495],[14.681103,66.394008],[14.683207,66.394067],[14.684708,66.394225],[14.686393,66.394533],[14.687747,66.394901],[14.691648,66.396527],[14.696309,66.397831],[14.698541,66.398932]],[[14.641302,66.386441],[14.642967,66.386977],[14.649285,66.388538]],[[14.509415,66.402885],[14.509885,66.402382],[14.510187,66.401767],[14.510209,66.400317]],[[14.510209,66.400317],[14.510499,66.399416],[14.511116,66.398733],[14.517236,66.394856],[14.519007,66.394063],[14.523261,66.393032],[14.525476,66.392239],[14.526587,66.391562],[14.529907,66.388711],[14.531801,66.387472],[14.534225,66.386167],[14.537047,66.385035],[14.540427,66.383953],[14.541821,66.383683],[14.543479,66.383481],[14.548103,66.383197],[14.550807,66.382731],[14.553022,66.38191],[14.554031,66.381246],[14.555922,66.37962],[14.557523,66.378888],[14.559457,66.378355],[14.57036,66.375844],[14.57625,66.373411],[14.578986,66.372575],[14.580357,66.372287],[14.582653,66.371961],[14.58603,66.371771],[14.587671,66.371792],[14.589844,66.37197],[14.591222,66.37221],[14.592612,66.372563]],[[14.452656,66.400593],[14.456817,66.401231]],[[14.456817,66.401231],[14.458357,66.401602],[14.459934,66.402149],[14.462868,66.40376],[14.464284,66.404363],[14.465861,66.404793],[14.466746,66.404947],[14.467707,66.405074],[14.469729,66.405192],[14.470679,66.405199],[14.472583,66.405057],[14.479927,66.404116],[14.4824,66.404035],[14.483805,66.404091],[14.488802,66.404547],[14.495907,66.405351],[14.497654,66.405457],[14.49986,66.40542],[14.503037,66.405029],[14.505244,66.404631],[14.506462,66.404331],[14.508211,66.403671],[14.509415,66.402885]],[[14.437789,66.39901],[14.441277,66.399111]],[[14.441277,66.399111],[14.444365,66.399397],[14.452656,66.400593]],[[10.436646,59.834787],[10.436377,59.834621]],[[10.432646,59.831563],[10.432112,59.831055]],[[10.432112,59.831055],[10.431149,59.83019],[10.429574,59.829014]],[[10.841032,59.73078],[10.843015,59.733903],[10.844418,59.737305]],[[10.843978,59.737328],[10.842655,59.733946],[10.841175,59.731232]],[[10.836976,59.724985],[10.836178,59.723727]],[[10.765997,59.906385],[10.76611,59.906993]],[[10.764541,59.895992],[10.766354,59.894488],[10.779463,59.884891],[10.781947,59.882899],[10.7833,59.881675],[10.801424,59.863301],[10.805939,59.858448],[10.808341,59.855644],[10.812522,59.8505],[10.816119,59.845621],[10.819641,59.840341],[10.822122,59.836231],[10.82421,59.832447],[10.825354,59.830002],[10.829179,59.81936]],[[10.766255,59.906359],[10.764722,59.904165],[10.76341,59.901359]],[[10.764621,59.888683],[10.763928,59.889406]],[[10.840835,59.730181],[10.842699,59.732598],[10.842981,59.733417],[10.842962,59.734237],[10.842617,59.735077],[10.842,59.735913],[10.839963,59.737741]],[[10.764898,59.90507],[10.765318,59.905852],[10.765468,59.90643]],[[10.838741,59.739756],[10.838514,59.741157]],[[10.764519,59.904546],[10.76376,59.903253],[10.763044,59.9026]],[[8.1079,58.443009],[8.106676,58.442575],[8.105302,58.441928],[8.10182,58.439978],[8.100079,58.438901],[8.093394,58.433197],[8.092717,58.432425],[8.092064,58.431311]],[[8.128682,58.45042],[8.127567,58.450253]],[[8.091044,58.429832],[8.090088,58.428816],[8.089774,58.428319],[8.08935,58.426182],[8.089549,58.425133],[8.090743,58.422937],[8.090823,58.421786],[8.09055,58.421076],[8.089176,58.418993]],[[8.092064,58.431311],[8.091992,58.431179]],[[10.72195,60.205601],[10.722053,60.20572]],[[10.76611,59.906993],[10.766008,59.907614],[10.765745,59.908055],[10.765277,59.908449],[10.764546,59.908773]],[[10.765192,59.905108],[10.765842,59.906403]],[[10.763554,59.90838],[10.764743,59.907667]],[[10.765468,59.90643],[10.765311,59.907111],[10.76485,59.907698]],[[10.763435,59.908133],[10.764158,59.907836],[10.764778,59.907401],[10.765114,59.906953],[10.765238,59.906454]],[[10.764898,59.90507],[10.765429,59.905836],[10.765669,59.90642]],[[10.765238,59.906454],[10.76485,59.905144]],[[11.257988,60.325069],[11.257043,60.325585],[11.255985,60.325952]],[[11.164371,59.927695],[11.162928,59.927149],[11.16153,59.926458],[11.158988,59.924662]],[[11.19953,59.964387],[11.197928,59.960301],[11.197271,59.959118],[11.195805,59.9574],[11.193504,59.95554]],[[11.180716,59.932204],[11.183467,59.937563],[11.18423,59.941012],[11.18616,59.944508],[11.187046,59.946773],[11.191377,59.953514],[11.192242,59.954512],[11.193504,59.95554]],[[10.752969,59.911427],[10.751678,59.911658]],[[11.039215,59.95243],[11.037994,59.952411]],[[10.436209,59.83469],[10.43624,59.834712]],[[10.431694,59.83106],[10.429452,59.828992]],[[10.765795,59.908386],[10.763459,59.90892]],[[10.434574,59.833659],[10.433004,59.832377],[10.431694,59.83106]],[[10.435512,59.834335],[10.434149,59.833444],[10.432608,59.832193],[10.429447,59.828993]],[[11.050404,59.95416],[11.048798,59.953957]],[[11.227193,59.303943],[11.227122,59.303886]],[[11.227122,59.303886],[11.225899,59.303097],[11.223431,59.302036]],[[6.395384,60.625977],[6.392506,60.625397],[6.388077,60.623879]],[[11.249087,60.328812],[11.248587,60.329351],[11.248356,60.329897]],[[9.331001,59.488677],[9.331724,59.487051]],[[9.336613,59.494161],[9.33648,59.494064]],[[9.335936,59.512242],[9.335869,59.512272]],[[9.336378,59.494125],[9.336461,59.494201]],[[9.331256,59.514258],[9.329846,59.514833]],[[9.326794,59.515605],[9.326026,59.515727]],[[9.336139,59.493818],[9.332633,59.491421],[9.3319,59.490798],[9.331094,59.489717],[9.330944,59.48912],[9.331001,59.488677]],[[12.111112,57.956225],[12.124489,57.961511],[12.127314,57.96276],[12.130406,57.964362],[12.133938,57.966595],[12.136415,57.968518],[12.138824,57.97083],[12.140792,57.973244]],[[12.109018,57.955398],[12.111112,57.956225]],[[12.107086,57.954588],[12.106352,57.954296]],[[12.00418,57.758537],[12.00405,57.759811],[12.004206,57.761138]],[[12.004915,57.756686],[12.007325,57.748966],[12.007564,57.747912],[12.00763,57.746677],[12.007221,57.744722],[12.005091,57.740339],[12.004592,57.738708],[12.004525,57.737519],[12.004883,57.73186],[12.004853,57.730377]],[[11.980588,57.71004],[11.974266,57.708945]],[[10.677267,60.952377],[10.677151,60.952439]],[[10.663959,60.963174],[10.663741,60.96326]],[[10.663741,60.96326],[10.660779,60.964134],[10.659594,60.964678],[10.657637,60.966454],[10.655058,60.968363],[10.654288,60.969395]],[[11.099134,60.778415],[11.100349,60.779333],[11.101062,60.780419]],[[10.06256,61.549357],[10.061845,61.549534]],[[10.055607,61.550463],[10.055055,61.550525]],[[10.054879,61.550542],[10.052892,61.55064],[10.051403,61.550507],[10.050053,61.550207],[10.048343,61.549555]],[[10.061845,61.549534],[10.059495,61.549991],[10.055607,61.550463]],[[9.908345,61.566138],[9.908736,61.566082]],[[9.908736,61.566082],[9.915857,61.565461],[9.918715,61.564939],[9.920129,61.564546],[9.921722,61.563979],[9.923296,61.563245],[9.924682,61.56245],[9.926067,61.561325],[9.926789,61.560577],[9.92748,61.559603],[9.927979,61.558494],[9.928115,61.55676],[9.92754,61.554167]],[[10.937026,59.94679],[10.933614,59.947362],[10.924275,59.948534],[10.922849,59.948633],[10.917902,59.948746]],[[10.909726,59.951076],[10.912419,59.949937],[10.913991,59.949414],[10.915807,59.94898],[10.917882,59.948707]],[[10.917882,59.948707],[10.924015,59.948513],[10.933333,59.94736],[10.936267,59.946896]],[[10.941898,59.945785],[10.946029,59.944913],[10.947427,59.944528]],[[10.587734,59.902226],[10.592226,59.903296],[10.593702,59.90372],[10.595525,59.904428],[10.597655,59.905463],[10.599365,59.906084],[10.604282,59.907204]],[[11.074057,61.435872],[11.077943,61.432257],[11.079793,61.430972],[11.080763,61.43046],[11.082068,61.429925],[11.086338,61.428875],[11.087848,61.428419],[11.089442,61.427633],[11.091498,61.426114],[11.092933,61.425459]],[[11.319012,61.260488],[11.318437,61.259238]],[[11.319044,61.255883],[11.326912,61.248652],[11.327954,61.247343],[11.328411,61.246167],[11.328498,61.245346],[11.327608,61.241652],[11.327818,61.240334]],[[11.336409,61.215348],[11.336528,61.215]],[[10.832893,59.714782],[10.832151,59.713345]],[[10.83208,59.713133],[10.832233,59.713333]],[[10.832003,59.713149],[10.831873,59.712986]],[[7.365704,58.320757],[7.365321,58.321243]],[[7.368371,58.31735],[7.365704,58.320757]],[[7.656878,58.209254],[7.653655,58.209365],[7.65247,58.209309],[7.651557,58.209176],[7.64857,58.208479],[7.646668,58.208275],[7.640513,58.20835],[7.63849,58.208496]],[[7.619621,58.204574],[7.618967,58.204142],[7.618541,58.203724],[7.617768,58.202027],[7.617319,58.201525],[7.616785,58.201144]],[[7.632248,58.208755],[7.630401,58.208519],[7.627602,58.207702],[7.624265,58.20702],[7.623202,58.206584],[7.621485,58.205527],[7.620264,58.204906]],[[7.66113,58.209371],[7.657909,58.209272]],[[7.52917,58.193488],[7.524192,58.196435]],[[7.657909,58.209272],[7.656878,58.209254]],[[7.524192,58.196435],[7.524015,58.196546]],[[7.63849,58.208496],[7.638113,58.208542]],[[7.605382,58.196075],[7.605196,58.195467]],[[7.663431,58.209324],[7.66172,58.209367]],[[7.66172,58.209367],[7.66113,58.209371]],[[7.607324,58.198205],[7.606665,58.197713]],[[7.620264,58.204906],[7.619621,58.204574]],[[7.532052,58.192278],[7.530457,58.192805],[7.52917,58.193488]],[[7.612582,58.200178],[7.611289,58.200022],[7.610064,58.199725]],[[7.606665,58.197713],[7.60576,58.196825],[7.605382,58.196075]],[[7.610064,58.199725],[7.608524,58.199016]],[[7.672264,58.206929],[7.670753,58.207401],[7.66864,58.208525],[7.667934,58.208811],[7.666841,58.209089],[7.6653,58.209247]],[[7.585239,58.180189],[7.584637,58.179865]],[[7.571601,58.175357],[7.567224,58.175053]],[[7.596417,58.184021],[7.594611,58.183495]],[[7.58577,58.180461],[7.585239,58.180189]],[[7.596805,58.184151],[7.596417,58.184021]],[[7.552332,58.180196],[7.550091,58.180916]],[[7.584637,58.179865],[7.580868,58.1776]],[[7.594611,58.183495],[7.592858,58.182988]],[[7.59764,58.184498],[7.597441,58.184405]],[[7.574568,58.175592],[7.572284,58.175406]],[[7.553378,58.179798],[7.552332,58.180196]],[[7.57723,58.176017],[7.574568,58.175592]],[[7.597441,58.184405],[7.596805,58.184151]],[[7.557648,58.177626],[7.55551,58.178843],[7.553378,58.179798]],[[7.558813,58.176823],[7.557648,58.177626]],[[7.535226,58.191753],[7.533326,58.192033]],[[7.563412,58.175215],[7.56143,58.175671],[7.560579,58.175942],[7.559404,58.176462],[7.558813,58.176823]],[[7.580868,58.1776],[7.579022,58.176609],[7.57723,58.176017]],[[7.592858,58.182988],[7.588803,58.181741],[7.58577,58.180461]],[[7.567224,58.175053],[7.565435,58.175029],[7.563412,58.175215]],[[7.042699,58.348952],[7.043703,58.350548],[7.043864,58.351222],[7.043823,58.351951],[7.043415,58.352902],[7.041786,58.354975],[7.041468,58.35582],[7.041411,58.356561]],[[7.031962,58.361639],[7.030895,58.361745]],[[6.954094,58.381459],[6.953182,58.381774]],[[7.0409,58.358817],[7.040709,58.359036]],[[6.963139,58.377614],[6.961535,58.377982]],[[7.039591,58.359879],[7.039487,58.359939]],[[7.048144,58.343234],[7.048025,58.343293]],[[6.964635,58.377186],[6.963139,58.377614]],[[7.040709,58.359036],[7.039591,58.359879]],[[7.050767,58.342555],[7.049383,58.342787],[7.048144,58.343234]],[[7.033747,58.361463],[7.031962,58.361639]],[[6.959584,58.378753],[6.954853,58.381112]],[[5.753096,58.943115],[5.753196,58.942986]],[[5.753279,58.942991],[5.753176,58.943128]],[[5.739407,58.924533],[5.740483,58.925226],[5.741584,58.925694],[5.751643,58.92851],[5.753137,58.929282],[5.754029,58.930121],[5.754382,58.930765],[5.754501,58.931492],[5.753711,58.93413],[5.753728,58.935152],[5.754216,58.936039],[5.755455,58.93724],[5.755855,58.937779],[5.756126,58.938502],[5.756184,58.939256],[5.756045,58.940041],[5.755677,58.940762],[5.755104,58.941361],[5.753823,58.942378],[5.753279,58.942991]],[[5.753196,58.942986],[5.753964,58.942163],[5.754868,58.941472],[5.755602,58.940746],[5.755905,58.940193],[5.756104,58.939197],[5.756046,58.938506],[5.755726,58.937711],[5.754037,58.935927],[5.753601,58.934961],[5.753642,58.934074],[5.754416,58.931572],[5.754372,58.930997],[5.754012,58.930221],[5.753314,58.929488],[5.752427,58.928916],[5.751779,58.928617],[5.750473,58.928187],[5.741598,58.925751],[5.740598,58.925343],[5.739341,58.924559]],[[13.218603,65.966918],[13.218888,65.967041]],[[8.743346,58.465623],[8.744786,58.465568],[8.746797,58.46518],[8.747795,58.465121],[8.749244,58.465256],[8.751352,58.465758]],[[8.743216,58.465615],[8.743346,58.465623]],[[8.716106,58.46548],[8.716644,58.465453]],[[8.716644,58.465453],[8.718474,58.465586],[8.720991,58.466143],[8.721846,58.466203],[8.722863,58.466158],[8.723938,58.465958],[8.724723,58.465687],[8.726419,58.464571],[8.727171,58.464237],[8.728168,58.46398],[8.729436,58.463863],[8.734245,58.464044],[8.73853,58.464342],[8.739777,58.464598],[8.741822,58.465389]],[[11.247729,60.331763],[11.247985,60.330025]],[[12.735767,63.374776],[12.72889,63.373949],[12.727222,63.373578],[12.726114,63.373229],[12.724302,63.37244],[12.721037,63.370553],[12.719419,63.369887],[12.693672,63.360495]],[[12.62409,63.362632],[12.609462,63.357584],[12.605819,63.356798],[12.600948,63.356312]],[[12.632287,63.363107],[12.631106,63.363401],[12.630243,63.363521],[12.629235,63.363592],[12.628035,63.363564],[12.626236,63.363299],[12.62409,63.362632]],[[12.748844,63.381695],[12.747088,63.381736],[12.745431,63.381598],[12.743918,63.381254],[12.742713,63.380749],[12.74189,63.380137],[12.741571,63.379652],[12.741185,63.377193],[12.740991,63.376741],[12.740565,63.376257],[12.739769,63.375709],[12.738489,63.375237],[12.737237,63.374967],[12.735767,63.374776]],[[12.693419,63.360406],[12.693069,63.360282]],[[12.693672,63.360495],[12.693419,63.360406]],[[12.600948,63.356312],[12.596761,63.355899],[12.595123,63.355494],[12.593594,63.354874],[12.592502,63.35422],[12.591803,63.35355],[12.591378,63.352777],[12.591186,63.351864]],[[12.591186,63.351864],[12.59062,63.349202],[12.589825,63.347716],[12.583447,63.341347],[12.564297,63.32782]],[[12.693069,63.360282],[12.691598,63.359831],[12.68963,63.359465],[12.687327,63.359322],[12.685239,63.359423],[12.683428,63.359707],[12.675667,63.361957],[12.674105,63.362249],[12.672426,63.362405],[12.669897,63.362352],[12.665367,63.361701],[12.662164,63.361582],[12.63899,63.361791],[12.63671,63.361978],[12.63458,63.362432]],[[12.564297,63.32782],[12.563226,63.327125],[12.562103,63.326565],[12.559568,63.325736],[12.557148,63.325303],[12.553359,63.324944],[12.551609,63.324669],[12.535611,63.320426],[12.533796,63.320087],[12.531531,63.319837]],[[12.874373,63.38717],[12.868284,63.387362],[12.866685,63.387511],[12.843444,63.390395],[12.841776,63.390782],[12.839927,63.391418],[12.834957,63.394088],[12.833485,63.394748],[12.831849,63.395261],[12.828998,63.395807],[12.826272,63.395988],[12.818502,63.395835],[12.810289,63.396279],[12.808487,63.396351],[12.806802,63.39631],[12.803964,63.396069],[12.802484,63.395834],[12.800617,63.395404],[12.798934,63.394864],[12.792758,63.392541],[12.790988,63.391652],[12.786627,63.388174],[12.784859,63.387331],[12.783848,63.387004],[12.778207,63.385618],[12.772964,63.384755],[12.771242,63.384357],[12.770109,63.383993],[12.766717,63.382591],[12.765081,63.38206],[12.762149,63.381501],[12.7601,63.381346],[12.758249,63.381333],[12.748844,63.381695]],[[12.226555,63.315752],[12.221536,63.31555],[12.218095,63.315619],[12.21601,63.315807],[12.207323,63.316946],[12.197088,63.317763]],[[12.178445,63.319387],[12.173359,63.319676],[12.171112,63.319687],[12.168108,63.319394],[12.165137,63.318779]],[[12.268339,63.305688],[12.265688,63.305935],[12.263609,63.306267],[12.261355,63.306792],[12.259476,63.307361],[12.257805,63.308109],[12.253554,63.3109],[12.252536,63.311367],[12.25085,63.311934],[12.248772,63.312394],[12.246492,63.31266],[12.244847,63.312727],[12.242149,63.312692]],[[12.510824,63.316517],[12.501892,63.315771],[12.498967,63.315317],[12.496884,63.314825],[12.485962,63.311714]],[[12.37899,63.286622],[12.376462,63.286546],[12.37342,63.286714],[12.371704,63.286722],[12.365513,63.286191],[12.363058,63.286112],[12.360538,63.286236],[12.357192,63.286673]],[[12.410514,63.296214],[12.405308,63.292414],[12.403599,63.291426],[12.402065,63.290766],[12.395815,63.288523],[12.393179,63.287834],[12.389939,63.287316],[12.37899,63.286622]],[[12.357192,63.286673],[12.331396,63.290715],[12.328365,63.291468],[12.323656,63.293104],[12.321837,63.293614],[12.319623,63.293993],[12.316543,63.294188]],[[12.478723,63.310261],[12.476815,63.310075]],[[12.316543,63.294188],[12.31096,63.294464],[12.308738,63.294743],[12.307073,63.295072],[12.305127,63.295614],[12.301851,63.296774],[12.300078,63.297297],[12.293874,63.298559],[12.291049,63.299311],[12.276201,63.304441],[12.274357,63.304898],[12.272453,63.305249],[12.268339,63.305688]],[[12.476815,63.310075],[12.433886,63.306266]],[[12.433886,63.306266],[12.431663,63.306043],[12.429915,63.305747],[12.428125,63.30527],[12.426752,63.304754],[12.425014,63.303803],[12.422772,63.301803],[12.421491,63.300917],[12.419443,63.30003],[12.415905,63.298907],[12.413451,63.297987],[12.411772,63.297092],[12.410514,63.296214]],[[10.529903,59.894258],[10.536945,59.896584]],[[10.621978,59.913352],[10.609664,59.908947]],[[10.536945,59.896584],[10.540931,59.897917],[10.542359,59.89819],[10.543784,59.898313],[10.545333,59.898294],[10.546689,59.898143],[10.550783,59.89722]],[[10.609688,59.908869],[10.612149,59.909813],[10.623508,59.913843]],[[10.426734,61.244819],[10.426702,61.244913]],[[7.631354,60.554436],[7.6262,60.554689],[7.616651,60.554644],[7.61385,60.5548],[7.611572,60.555025],[7.608978,60.555396],[7.606752,60.555812],[7.593084,60.558835],[7.590611,60.559537],[7.588706,60.56019],[7.586752,60.560984],[7.584624,60.562025],[7.582505,60.563299],[7.578763,60.565888],[7.577398,60.56691],[7.576144,60.568039]],[[7.563879,60.581573],[7.559547,60.584051],[7.554102,60.588044],[7.552677,60.588898],[7.55082,60.589843],[7.548041,60.59099],[7.545738,60.591751],[7.537068,60.59396]],[[7.572074,60.573692],[7.571212,60.575004]],[[10.283749,59.761625],[10.28082,59.760785],[10.278222,59.759849],[10.265835,59.754259],[10.261244,59.752462],[10.258099,59.751431],[10.255251,59.75062],[10.2447,59.748067]],[[10.245626,59.748246],[10.255285,59.750585],[10.258584,59.751535],[10.261288,59.752431],[10.265884,59.754229],[10.278269,59.759819],[10.280639,59.760682],[10.283786,59.761591]],[[5.518977,60.421795],[5.515291,60.423127]],[[10.35133,59.441218],[10.349785,59.443723]],[[6.010966,60.647523],[6.009563,60.647426],[6.004171,60.646456],[6.003058,60.646354],[6.001418,60.6464]],[[5.961935,60.637949],[5.95924,60.637911],[5.953947,60.637571]],[[10.62872,62.112543],[10.628693,62.112774]],[[10.665149,62.091039],[10.667236,62.09044],[10.668712,62.089903],[10.673375,62.087832],[10.675863,62.086515],[10.677377,62.085958],[10.679094,62.08555],[10.689951,62.083406]],[[10.628687,62.112994],[10.628899,62.114634],[10.629996,62.117498],[10.6301,62.118442],[10.628343,62.123409],[10.627506,62.12445]],[[9.510844,59.631591],[9.508424,59.630899],[9.504426,59.630187],[9.502805,59.630093],[9.499047,59.630192]],[[9.57882,59.634175],[9.566716,59.630104]],[[9.514473,59.632747],[9.514321,59.632717]],[[9.497026,59.630197],[9.496882,59.630189]],[[9.603562,59.633342],[9.603374,59.633376]],[[9.472817,59.628871],[9.471845,59.628529]],[[9.514321,59.632717],[9.512621,59.632243]],[[9.603374,59.633376],[9.601061,59.633698],[9.598056,59.63393]],[[9.609652,59.631697],[9.607957,59.632297],[9.603562,59.633342]],[[9.471845,59.628529],[9.471035,59.628121],[9.470507,59.627723],[9.469821,59.626709]],[[9.496882,59.630189],[9.48605,59.629]],[[9.677302,61.662878],[9.676839,61.662883]],[[9.590874,61.663485],[9.590716,61.663503]],[[9.612346,61.659218],[9.610089,61.659343],[9.607876,61.659677],[9.606115,61.66012],[9.603411,61.661081],[9.60143,61.661609],[9.593441,61.663118],[9.590874,61.663485]],[[9.709582,61.665769],[9.711991,61.666012],[9.714646,61.666096],[9.716765,61.666017],[9.719114,61.665779]],[[11.217932,59.573174],[11.222198,59.572543],[11.224626,59.572033],[11.228145,59.571168],[11.229726,59.570905],[11.23165,59.570813],[11.235593,59.570963],[11.237514,59.570866]],[[11.216817,59.573303],[11.217932,59.573174]],[[10.623334,60.282482],[10.623473,60.282442]],[[10.616964,60.284504],[10.618469,60.284128],[10.623334,60.282482]],[[10.62359,60.28246],[10.623394,60.282521]],[[11.134325,62.45429],[11.1336,62.45346],[11.132959,62.452336],[11.132401,62.451773],[11.131648,62.451284],[11.129447,62.450195],[11.127319,62.448388],[11.124544,62.447235],[11.123648,62.446748],[11.122646,62.445826],[11.122201,62.444753]],[[10.996809,62.398586],[10.996836,62.398712]],[[10.941755,62.378],[10.941478,62.377977]],[[10.900124,62.345113],[10.899988,62.344999]],[[10.996809,62.398586],[10.99651,62.397677],[10.995912,62.396572],[10.995126,62.395551],[10.994414,62.394881],[10.993656,62.394378],[10.992578,62.393864],[10.9887,62.392491],[10.985789,62.391596],[10.981742,62.390779],[10.977741,62.39023],[10.971738,62.389737],[10.968702,62.389258],[10.966595,62.388753],[10.96489,62.388201],[10.963688,62.387613],[10.962763,62.386973]],[[10.917881,62.37319],[10.915248,62.372667],[10.914409,62.372391],[10.913557,62.371984],[10.912987,62.371585],[10.912498,62.371052],[10.912261,62.370478],[10.912277,62.369876],[10.912564,62.369307],[10.913082,62.368785],[10.916354,62.366877],[10.919006,62.364283],[10.920177,62.362936],[10.920338,62.362342],[10.920216,62.361728],[10.919783,62.361112],[10.919319,62.360727],[10.916811,62.359426],[10.915859,62.358784],[10.910403,62.353562],[10.90962,62.353102],[10.908524,62.352679]],[[10.367339,60.219283],[10.367262,60.219234]],[[10.354483,60.207437],[10.353821,60.206901],[10.352861,60.206404],[10.347197,60.204455],[10.345521,60.203753],[10.344158,60.202813],[10.342743,60.201159],[10.342165,60.200797],[10.341489,60.200517]],[[15.18468,67.302339],[15.183593,67.303128],[15.183122,67.30377],[15.182952,67.304482],[15.182937,67.306245]],[[15.185672,67.30176],[15.18468,67.302339]],[[10.807657,59.77189],[10.807809,59.771774]],[[10.807854,59.771811],[10.807716,59.771914]],[[10.799855,59.788526],[10.799859,59.790308],[10.800305,59.792054],[10.800883,59.792908],[10.8021,59.794184],[10.802469,59.794853]],[[13.140154,65.918272],[13.138111,65.918819],[13.136362,65.919566],[13.135202,65.920347],[13.134392,65.921307],[13.134162,65.922569],[13.1354,65.92587],[13.135463,65.926424],[13.135128,65.92732],[13.134131,65.928374]],[[13.143099,65.917783],[13.140154,65.918272]],[[13.134131,65.928374],[13.133729,65.928835]],[[13.133729,65.928835],[13.133445,65.929435],[13.133439,65.930195],[13.133838,65.930917],[13.134549,65.931611]],[[6.577074,58.442903],[6.575403,58.443578],[6.572656,58.444129],[6.571531,58.444493],[6.570851,58.444839],[6.569281,58.445932],[6.568467,58.446318]],[[6.597496,58.440323],[6.595783,58.440383],[6.592594,58.440872],[6.590374,58.441118],[6.581553,58.441506],[6.580617,58.441608],[6.579607,58.441837]],[[6.579607,58.441837],[6.577074,58.442903]],[[10.652238,60.782833],[10.653265,60.783553],[10.654705,60.784013],[10.656108,60.784179],[10.660198,60.784339]],[[10.697179,60.785551],[10.697495,60.786298],[10.697585,60.787206],[10.696939,60.790021]],[[10.678477,60.78431],[10.678567,60.78424]],[[10.682559,60.781351],[10.685365,60.779051],[10.686251,60.778652],[10.687524,60.778347],[10.689259,60.778253],[10.690973,60.77849],[10.6924,60.779049],[10.692967,60.779472],[10.693309,60.779913]],[[10.678567,60.78424],[10.682559,60.781351]],[[10.752257,59.911097],[10.753444,59.910695]],[[10.546309,60.40324],[10.544364,60.404663],[10.540191,60.40876],[10.539757,60.409514],[10.539606,60.410166],[10.539686,60.410979],[10.540041,60.411744]],[[10.540297,60.416584],[10.538973,60.417631],[10.537928,60.418788],[10.537388,60.419661],[10.536198,60.422178]],[[10.521677,60.51165],[10.524506,60.513102],[10.529502,60.514934]],[[10.525155,60.438138],[10.525033,60.438215]],[[10.566738,60.380818],[10.566759,60.380943]],[[10.536198,60.422178],[10.536156,60.422245]],[[10.517502,60.443915],[10.51744,60.443991]],[[10.574651,60.596072],[10.574669,60.59615]],[[10.546393,60.403188],[10.546309,60.40324]],[[10.57062,60.365843],[10.570514,60.365926]],[[10.535688,60.527718],[10.535598,60.527784]],[[10.540041,60.411744],[10.540073,60.411798]],[[10.569922,60.355466],[10.569941,60.355586]],[[10.580549,60.314778],[10.580553,60.314879]],[[10.533389,60.426316],[10.533227,60.427113],[10.532805,60.427819],[10.532308,60.428305],[10.530829,60.429374],[10.530386,60.429859],[10.530114,60.430394],[10.529984,60.431239]],[[10.566357,60.381989],[10.563245,60.384906],[10.562407,60.385838],[10.561708,60.386963],[10.560842,60.389197],[10.559754,60.390561]],[[10.570312,60.366082],[10.567957,60.36813],[10.565088,60.371007],[10.564076,60.371716],[10.562017,60.372822],[10.561124,60.373575],[10.560648,60.374362],[10.560534,60.375137],[10.560716,60.375875],[10.561253,60.377066]],[[10.525033,60.438215],[10.522167,60.439905],[10.520311,60.441195],[10.518872,60.442434],[10.517502,60.443915]],[[10.55928,60.574111],[10.560075,60.575523],[10.561779,60.57756],[10.562665,60.580098],[10.563934,60.582177],[10.56586,60.584774],[10.568111,60.587398],[10.569522,60.58947],[10.570593,60.590435]],[[10.569666,60.360706],[10.570315,60.361588],[10.571949,60.36284],[10.572387,60.363618],[10.572342,60.364164],[10.572026,60.364686],[10.57062,60.365843]],[[10.608482,60.699005],[10.608001,60.699612],[10.607682,60.700284],[10.606805,60.703069],[10.606721,60.704042],[10.606925,60.704745],[10.608072,60.706709],[10.608599,60.708073],[10.608895,60.709717],[10.608773,60.712103],[10.608861,60.712916],[10.609356,60.714126],[10.610167,60.715184]],[[10.614848,60.685571],[10.614705,60.685919]],[[10.609178,60.690914],[10.609119,60.690992]],[[10.636923,60.768406],[10.637021,60.768469]],[[10.618293,60.676641],[10.615358,60.679809],[10.614812,60.680576]],[[10.616957,60.729184],[10.617023,60.729295]],[[10.637021,60.768469],[10.639553,60.769533],[10.640096,60.769912],[10.641226,60.770995],[10.641803,60.771302],[10.643915,60.772082],[10.644566,60.772506],[10.645024,60.773025]],[[10.618351,60.676571],[10.618293,60.676641]],[[10.596185,60.628821],[10.596336,60.629021]],[[10.610894,60.68897],[10.609178,60.690914]],[[10.618293,60.676641],[10.614812,60.680576]],[[10.614812,60.680576],[10.61443,60.681197],[10.614282,60.6819],[10.614911,60.684736],[10.614848,60.685571]],[[10.558688,60.391549],[10.557471,60.392302],[10.554065,60.394122]],[[10.614705,60.685919],[10.61382,60.686922],[10.611628,60.688369]],[[10.584364,60.616326],[10.584358,60.617466],[10.584582,60.618562],[10.584865,60.619225],[10.585579,60.619989]],[[6.948418,58.382669],[6.948169,58.382676]],[[6.951046,58.382309],[6.949859,58.382546],[6.948418,58.382669]],[[10.664051,60.257797],[10.664051,60.257893]],[[10.726019,60.22586],[10.726045,60.225963]],[[10.661598,60.272255],[10.659973,60.273601]],[[10.664051,60.257893],[10.66406,60.257991]],[[10.661921,60.267671],[10.662046,60.268418],[10.662812,60.269373]],[[10.627231,60.281868],[10.625244,60.282087],[10.623731,60.282421]],[[10.662812,60.269373],[10.662992,60.269986],[10.662889,60.270575],[10.662272,60.271556],[10.661598,60.272255]],[[10.66406,60.257991],[10.664492,60.25882],[10.666517,60.260534],[10.666759,60.261111],[10.666742,60.262038]],[[10.724284,60.191512],[10.723831,60.192144],[10.72357,60.192777],[10.723581,60.194023]],[[10.70979,60.235458],[10.714063,60.233074],[10.714854,60.232712]],[[10.394345,59.325817],[10.393234,59.324715]],[[10.429138,61.207656],[10.429619,61.207859]],[[10.436754,61.211869],[10.437661,61.212674],[10.437847,61.213504]],[[6.960011,58.378543],[6.959853,58.378619]],[[6.961535,58.377982],[6.960269,58.378425]],[[10.905835,59.267979],[10.905963,59.26815]],[[10.904185,59.263208],[10.904205,59.263078]],[[10.905963,59.26815],[10.906491,59.268905],[10.906676,59.269522],[10.906495,59.273987]],[[10.904205,59.263078],[10.904285,59.262686]],[[10.037651,62.815792],[10.037567,62.815971]],[[10.037567,62.815971],[10.036715,62.816771],[10.035457,62.817296],[10.033841,62.817598],[10.032222,62.817628]],[[10.752257,59.911097],[10.753402,59.910657]],[[11.110441,60.232183],[11.110915,60.234046],[11.111591,60.235916],[11.113264,60.239135]],[[11.113187,60.239147],[11.111513,60.235925],[11.110831,60.234051],[11.110359,60.232187]],[[11.155496,60.136189],[11.15779,60.132949],[11.158579,60.131414],[11.159128,60.129885],[11.159448,60.128403],[11.15956,60.126951],[11.159462,60.125413],[11.159123,60.123796],[11.158001,60.121117],[11.156992,60.119534],[11.156002,60.118289],[11.154057,60.116327],[11.147779,60.11097],[11.145935,60.109208],[11.143838,60.10666],[11.142272,60.103968],[11.141437,60.101743],[11.140994,60.099489],[11.13997,60.083437]],[[11.135754,60.259398],[11.13596,60.259571]],[[11.050565,59.954588],[11.050143,59.95449]],[[11.135896,60.259595],[11.135688,60.259422]],[[11.124116,60.250154],[11.119728,60.246613],[11.117449,60.244501],[11.115258,60.242068],[11.113369,60.239462]],[[11.13596,60.259571],[11.138188,60.261468]],[[11.138112,60.261487],[11.135896,60.259595]],[[11.110068,60.226446],[11.110259,60.21975],[11.109926,60.217178],[11.109561,60.215962],[11.108839,60.214312],[11.106256,60.20979]],[[11.1103,60.231396],[11.110441,60.232183]],[[11.15369,60.138595],[11.155496,60.136189]],[[11.155571,60.136203],[11.15377,60.138605]],[[11.110359,60.232187],[11.110216,60.2314]],[[11.093733,60.177454],[11.095873,60.175171],[11.098283,60.173132],[11.100626,60.171559],[11.103212,60.170251],[11.106357,60.169055],[11.109801,60.168104],[11.113418,60.167422],[11.117173,60.166988]],[[11.125649,60.166066],[11.130064,60.165174],[11.132467,60.164518],[11.134393,60.163889],[11.136272,60.163174],[11.138269,60.162287],[11.14142,60.160522],[11.142953,60.159433],[11.144131,60.158443],[11.145286,60.157277],[11.146161,60.156194],[11.147437,60.153926],[11.148223,60.151133]],[[11.15377,60.138605],[11.151809,60.141473],[11.150161,60.144665],[11.149173,60.147439],[11.148305,60.151139]],[[11.110216,60.2314],[11.110008,60.229227],[11.110047,60.227021]],[[11.135688,60.259422],[11.124656,60.250586]],[[11.144623,60.115327],[11.14656,60.116124],[11.148085,60.116639],[11.153393,60.117956]],[[11.139497,60.106308],[11.139432,60.106529]],[[11.144305,60.11518],[11.144623,60.115327]],[[11.144254,60.115158],[11.144305,60.11518]],[[11.139432,60.106529],[11.13943,60.106534]],[[11.144254,60.115158],[11.142615,60.114317],[11.141325,60.113463],[11.140286,60.112516],[11.139542,60.11151],[11.139096,60.110455],[11.138929,60.109257],[11.139024,60.108044],[11.13943,60.106534]],[[11.13943,60.106534],[11.139085,60.108185],[11.139022,60.109389],[11.139184,60.110447],[11.139629,60.111497],[11.140261,60.112376],[11.141259,60.113328],[11.14234,60.114085],[11.144254,60.115158]],[[11.132029,60.044607],[11.138547,60.055664],[11.13958,60.058442],[11.140009,60.061091]],[[10.750955,59.911771],[10.750174,59.911931]],[[11.139619,60.067922],[11.139142,60.071341]],[[11.159633,60.127321],[11.159709,60.125424],[11.160049,60.124317]],[[10.794369,59.90614],[10.793775,59.906075]],[[10.790615,59.905314],[10.790476,59.905308]],[[10.763804,59.908591],[10.764865,59.908469]],[[10.764865,59.908469],[10.766822,59.908166]],[[10.741748,60.151163],[10.741191,60.151318]],[[10.718805,60.167703],[10.718952,60.167175],[10.719276,60.166677],[10.721636,60.164143]],[[10.721636,60.164143],[10.719353,60.166689],[10.718805,60.167703]],[[10.418875,61.13986],[10.418783,61.139881]],[[10.645626,60.981514],[10.642628,60.982111],[10.641099,60.982312],[10.639717,60.982381],[10.636178,60.982315],[10.633592,60.982568],[10.631383,60.983124],[10.628139,60.98443],[10.626063,60.985061]],[[11.271431,60.582003],[11.270652,60.58133],[11.269284,60.579472]],[[11.271866,60.614052],[11.270118,60.615734],[11.268548,60.618213]],[[11.269284,60.579472],[11.269888,60.580106],[11.270748,60.581316],[11.271506,60.581977]],[[11.293298,60.601887],[11.29323,60.601983]],[[11.279988,60.610795],[11.279737,60.610842]],[[11.285176,60.591231],[11.285305,60.591359]],[[11.272896,60.613141],[11.272778,60.613242]],[[11.271506,60.581977],[11.271588,60.582035]],[[11.271509,60.582057],[11.271431,60.582003]],[[11.266344,60.619586],[11.266118,60.619654]],[[11.267865,60.618868],[11.267625,60.619026]],[[11.279492,60.610886],[11.277292,60.611151],[11.275489,60.611593],[11.274015,60.612276],[11.272896,60.613141]],[[11.277203,60.585106],[11.275871,60.584072],[11.272633,60.582684],[11.271509,60.582057]],[[11.268548,60.618213],[11.270015,60.615718],[11.271866,60.614052]],[[11.250477,60.625427],[11.249092,60.626543],[11.246304,60.627992],[11.244521,60.629104],[11.243223,60.630161],[11.242117,60.631493],[11.241227,60.632225],[11.240082,60.632833],[11.237841,60.633712],[11.236623,60.634412],[11.235056,60.635802],[11.232311,60.637542],[11.23111,60.6389]],[[11.271588,60.582035],[11.272464,60.582553],[11.275933,60.584046],[11.276608,60.584492],[11.277203,60.585106]],[[11.277297,60.585194],[11.278234,60.585982],[11.280881,60.587764],[11.285176,60.591231]],[[11.272778,60.613242],[11.271866,60.614052]],[[11.285305,60.591359],[11.289826,60.596329]],[[11.268548,60.618213],[11.267865,60.618868]],[[11.29323,60.601983],[11.292398,60.602744],[11.291488,60.603211],[11.290469,60.603537],[11.288211,60.603974],[11.287026,60.604294],[11.285974,60.604709],[11.285177,60.605142],[11.284211,60.605915],[11.283725,60.606596],[11.283505,60.607242],[11.283419,60.608594],[11.283066,60.609249],[11.282572,60.609718],[11.281889,60.610146],[11.280909,60.610553],[11.279988,60.610795]],[[11.267625,60.619026],[11.266344,60.619586]],[[11.224376,60.66421],[11.223932,60.658873],[11.224212,60.656923]],[[11.224212,60.656923],[11.224015,60.65887],[11.224376,60.66421]],[[11.215427,60.676318],[11.215406,60.676351]],[[11.224376,60.66421],[11.224543,60.667033],[11.2243,60.667969],[11.223836,60.668792],[11.222687,60.669972],[11.219098,60.672476],[11.217819,60.673511],[11.216564,60.674776],[11.215427,60.676318]],[[11.940256,58.91256],[11.940012,58.912599]],[[11.940012,58.912599],[11.936608,58.913143]],[[11.073696,60.792161],[11.073472,60.792276]],[[11.10794,60.75859],[11.107855,60.758653]],[[11.084369,60.790914],[11.084203,60.790925]],[[11.186258,60.729976],[11.186232,60.730054]],[[11.187069,60.727033],[11.186532,60.728133],[11.186258,60.729976]],[[11.151949,60.741297],[11.148499,60.7424],[11.147274,60.742872],[11.14552,60.743781],[11.143476,60.74519],[11.142247,60.745864],[11.137633,60.747679]],[[11.137633,60.747679],[11.141302,60.746217],[11.142683,60.745574],[11.14544,60.743754],[11.146865,60.742994],[11.148452,60.742361],[11.151949,60.741297]],[[11.137174,60.747857],[11.125943,60.752099],[11.123795,60.752836],[11.121182,60.75356],[11.115417,60.754717],[11.113007,60.755453],[11.111646,60.756026],[11.110476,60.756679],[11.10794,60.75859]],[[11.074232,60.79191],[11.073817,60.792099]],[[11.107855,60.758653],[11.095129,60.768457],[11.094387,60.769346],[11.093955,60.770134],[11.093529,60.771384],[11.093191,60.773101]],[[11.170519,60.738425],[11.168201,60.738276],[11.166371,60.738263],[11.164018,60.738385],[11.161498,60.738702],[11.159796,60.739016],[11.157694,60.739517],[11.151949,60.741297]],[[11.08678,60.790625],[11.085183,60.790835]],[[11.085183,60.790835],[11.084369,60.790914]],[[11.084369,60.790914],[11.085902,60.790821]],[[10.762548,60.916103],[10.761457,60.916265],[10.760358,60.916328],[10.758396,60.916167],[10.757631,60.916005],[10.7566,60.915661],[10.754307,60.914352],[10.753375,60.913988],[10.752133,60.91366],[10.750527,60.913436],[10.746659,60.91322],[10.742283,60.912555],[10.739179,60.912378],[10.736582,60.912378],[10.733907,60.912498],[10.73047,60.912786],[10.72924,60.912781]],[[10.801223,60.91553],[10.81004,60.915497],[10.820881,60.915848]],[[10.878871,60.894922],[10.875794,60.897092],[10.873186,60.898641],[10.85359,60.908335],[10.851358,60.909546],[10.848754,60.91116],[10.845693,60.912796],[10.843555,60.914243]],[[10.521509,61.01048],[10.520442,61.010632],[10.519125,61.010996],[10.518438,61.011339],[10.517797,61.011851],[10.51743,61.012699],[10.51769,61.013858],[10.517589,61.014621],[10.516927,61.015443],[10.516295,61.015857],[10.51547,61.016253],[10.511318,61.017552],[10.508149,61.018694],[10.506712,61.018919],[10.504405,61.019025],[10.503171,61.01924],[10.502484,61.019461],[10.501763,61.019804],[10.50106,61.020376],[10.500518,61.021835],[10.499991,61.022471]],[[10.72924,60.912781],[10.728975,60.912763]],[[10.598983,60.993934],[10.598805,60.994025]],[[10.935004,60.881697],[10.934779,60.881802]],[[10.654288,60.969395],[10.654269,60.969432]],[[10.910945,60.889016],[10.910665,60.888986]],[[10.727912,60.912646],[10.726122,60.912525],[10.724548,60.91269],[10.722919,60.91321],[10.722026,60.913806]],[[10.700487,60.928259],[10.69922,60.92928],[10.695198,60.931878],[10.694675,60.932496],[10.693875,60.934249]],[[10.934779,60.881802],[10.929368,60.884329]],[[10.928467,60.884751],[10.92773,60.885094]],[[10.693875,60.934249],[10.692355,60.938173],[10.69152,60.939463],[10.69028,60.940593],[10.686499,60.943165],[10.68557,60.94419],[10.685255,60.944971],[10.685088,60.946934],[10.684501,60.947871],[10.683829,60.948489],[10.682923,60.949097],[10.677267,60.952377]],[[10.654269,60.969432],[10.654069,60.970211],[10.654146,60.971609],[10.654041,60.972344],[10.652983,60.974299],[10.652594,60.976611],[10.652092,60.977612],[10.65048,60.979505],[10.649563,60.980317],[10.648828,60.980699],[10.648039,60.980972],[10.645944,60.981451]],[[10.597062,60.994628],[10.594227,60.995444],[10.591803,60.996313],[10.589752,60.997224],[10.58745,60.998451],[10.586236,60.998952],[10.581764,61.000278],[10.576861,61.002083],[10.574124,61.002784]],[[10.939786,60.879064],[10.937887,60.880226],[10.935004,60.881697]],[[10.978649,60.831046],[10.977033,60.831785],[10.976143,60.832623],[10.97591,60.833598],[10.976338,60.834943],[10.976353,60.835444],[10.976024,60.836169],[10.975422,60.836734],[10.974734,60.837137],[10.973934,60.837451],[10.970185,60.838411],[10.968399,60.839023],[10.96706,60.839702],[10.965717,60.840729],[10.965211,60.841644],[10.965152,60.843991],[10.964993,60.844937]],[[10.618978,60.986021],[10.616664,60.986284],[10.613189,60.987097],[10.609901,60.987384],[10.608673,60.987569],[10.604318,60.988772],[10.602699,60.989484],[10.60142,60.990382],[10.60062,60.991512],[10.600327,60.992562]],[[10.992164,60.826418],[10.979921,60.830569]],[[10.460796,61.1166],[10.460674,61.116999]],[[10.457299,61.119922],[10.45433,61.121356]],[[10.461412,61.113216],[10.460796,61.1166]],[[11.371324,60.052701],[11.372762,60.053649],[11.374374,60.054348]],[[11.388423,60.066182],[11.389092,60.067062],[11.389942,60.067796],[11.391171,60.068528],[11.392504,60.069108]],[[11.297486,60.003283],[11.299393,60.003958],[11.301105,60.004831],[11.302921,60.00603],[11.304419,60.007317]],[[11.335538,60.032496],[11.340561,60.034236],[11.343051,60.035369]],[[11.376498,60.055],[11.377062,60.055162]],[[11.371254,60.052647],[11.371324,60.052701]],[[11.464112,60.121972],[11.464185,60.122279]],[[11.377062,60.055162],[11.377179,60.055195]],[[11.388369,60.066096],[11.388423,60.066182]],[[11.394588,60.069934],[11.394757,60.07]],[[11.343051,60.035369],[11.343131,60.035408]],[[11.46425,60.122524],[11.464635,60.123479],[11.465255,60.124258]],[[11.320964,60.024951],[11.323258,60.026151],[11.325382,60.02794],[11.326204,60.028503],[11.329646,60.030108]],[[11.288915,60.000118],[11.290059,60.001094],[11.291749,60.001934],[11.293262,60.002391],[11.297486,60.003283]],[[11.463869,60.120781],[11.464112,60.121972]],[[11.369689,60.051468],[11.371254,60.052647]],[[11.352677,60.039709],[11.357012,60.042669],[11.360015,60.045215],[11.364079,60.047527],[11.366774,60.049656],[11.369689,60.051468]],[[11.480655,60.144742],[11.481606,60.145534],[11.482992,60.146279],[11.48918,60.148343],[11.491462,60.149372],[11.492474,60.150008],[11.494701,60.151673],[11.497523,60.15337],[11.499757,60.155376],[11.500956,60.156267],[11.50255,60.15716],[11.504364,60.157934]],[[11.420342,60.08548],[11.46069,60.113501],[11.462057,60.114876],[11.462824,60.116149],[11.463869,60.120781]],[[9.244769,61.998044],[9.243143,61.998738]],[[10.012975,62.824423],[10.01251,62.824974],[10.012313,62.825668],[10.012478,62.8263],[10.0131,62.827016]],[[10.0131,62.827016],[10.013356,62.827205]],[[9.244886,61.997991],[9.244769,61.998044]],[[9.221385,62.012682],[9.216888,62.015457],[9.214573,62.017292]],[[10.032222,62.817628],[10.032031,62.817616]],[[9.207282,62.020231],[9.189315,62.030743],[9.187409,62.031646],[9.18247,62.033703],[9.174936,62.0373],[9.168804,62.039837],[9.167207,62.040579],[9.162011,62.043605],[9.16055,62.044608],[9.159567,62.045446]],[[10.088542,62.873464],[10.089827,62.8756],[10.090801,62.876546],[10.091916,62.877261],[10.095998,62.879399],[10.099861,62.881899],[10.102545,62.8838],[10.103495,62.884675],[10.104235,62.885571]],[[8.226094,58.517936],[8.226014,58.517815]],[[8.228345,58.520543],[8.228212,58.52045]],[[8.170549,58.478299],[8.167204,58.476407],[8.164034,58.474949],[8.16139,58.473028],[8.158182,58.471068],[8.15567,58.468888],[8.153641,58.46736],[8.152057,58.465408],[8.149791,58.463686],[8.147243,58.460861],[8.146113,58.459953],[8.144438,58.459043],[8.140583,58.457619],[8.138577,58.456652],[8.137033,58.455644],[8.134907,58.45391],[8.13234,58.45237]],[[8.619481,58.670258],[8.619245,58.670244]],[[8.621551,58.703716],[8.621446,58.703841]],[[8.624495,58.668494],[8.623847,58.669258],[8.623178,58.669664],[8.622631,58.66988],[8.621254,58.670195],[8.619481,58.670258]],[[8.60505,58.682438],[8.603955,58.683328],[8.603393,58.684204],[8.603362,58.685158],[8.603813,58.686018],[8.606121,58.688637],[8.60858,58.690178],[8.609156,58.690668],[8.609611,58.691276],[8.610086,58.692365],[8.611468,58.693857],[8.612132,58.695127],[8.612846,58.695881],[8.614133,58.696654],[8.616596,58.697653]],[[6.761539,58.403866],[6.760397,58.404391],[6.758936,58.405431],[6.758217,58.405818],[6.757447,58.406097],[6.756215,58.406355],[6.754917,58.406443],[6.753665,58.406354],[6.752463,58.406105],[6.75041,58.40548],[6.748897,58.405273]],[[6.819241,58.38233],[6.818124,58.382484],[6.817107,58.382764],[6.816386,58.383073],[6.815662,58.383537],[6.815001,58.384325],[6.81454,58.386026],[6.814129,58.386691],[6.81339,58.387344],[6.812159,58.38804]],[[6.804922,58.392192],[6.804633,58.392279]],[[8.828041,62.120964],[8.827941,62.120974]],[[6.812159,58.38804],[6.812041,58.388102]],[[8.686755,62.150622],[8.685705,62.151203]],[[6.748897,58.405273],[6.74804,58.405273]],[[6.76269,58.403544],[6.762443,58.403604]],[[9.609643,60.382181],[9.609273,60.382272]],[[8.421227,62.227143],[8.421106,62.227171]],[[9.600901,60.384618],[9.600425,60.384819]],[[9.597035,60.38672],[9.596745,60.386913]],[[6.74804,58.405273],[6.747815,58.405282]],[[9.779476,61.585579],[9.779721,61.585529]],[[9.647025,60.354641],[9.647063,60.354706]],[[9.600425,60.384819],[9.598924,60.385544],[9.597035,60.38672]],[[9.636183,60.371639],[9.63221,60.372501],[9.631132,60.3729],[9.629177,60.373903],[9.62812,60.374218],[9.626695,60.374388],[9.623734,60.374318],[9.622843,60.374409],[9.622003,60.374591],[9.621223,60.374864],[9.620537,60.375246],[9.619548,60.376318]],[[6.76882,58.402439],[6.767895,58.402464],[6.766731,58.402619],[6.76269,58.403544]],[[8.366753,62.23019],[8.359128,62.230237]],[[9.808199,61.585152],[9.809693,61.585316],[9.810836,61.585358],[9.81722,61.585095],[9.825819,61.585479],[9.827975,61.58541],[9.829582,61.585198],[9.836164,61.584002],[9.837881,61.583572],[9.839812,61.582774]],[[8.778479,62.128156],[8.775455,62.12848],[8.769236,62.128862],[8.765995,62.128937],[8.762654,62.128809]],[[9.609273,60.382272],[9.603336,60.383771],[9.600901,60.384618]],[[8.581884,62.186566],[8.578815,62.187077],[8.57276,62.188302],[8.569503,62.188834]],[[6.74254,58.407523],[6.741345,58.408127],[6.739355,58.408745]],[[6.812041,58.388102],[6.810626,58.389015],[6.80947,58.390485],[6.808626,58.391127],[6.807841,58.39149],[6.807065,58.391729],[6.804922,58.392192]],[[9.596745,60.386913],[9.595078,60.3879]],[[9.671451,60.327488],[9.669857,60.328074],[9.667867,60.328501],[9.666272,60.328661],[9.662493,60.328863],[9.660927,60.329084],[9.658863,60.329639],[9.657255,60.330378]],[[11.187761,59.220937],[11.187772,59.220886]],[[11.187772,59.220886],[11.189146,59.213341]],[[11.695205,60.253197],[11.70847,60.246621],[11.710642,60.245672],[11.712843,60.244881],[11.715395,60.244139],[11.717863,60.243571],[11.720927,60.243001]],[[11.569443,60.173339],[11.566916,60.170684],[11.564971,60.169097],[11.563779,60.167974]],[[11.576021,60.182115],[11.576152,60.182181]],[[11.644936,60.209644],[11.645377,60.209758]],[[11.505121,60.15822],[11.504364,60.157934]],[[11.670645,60.220796],[11.670977,60.221025]],[[11.674314,60.237199],[11.674326,60.237341]],[[11.648899,60.2109],[11.667673,60.219143],[11.669201,60.219913],[11.670645,60.220796]],[[11.674326,60.237341],[11.674281,60.238631],[11.673378,60.24385],[11.673514,60.245256],[11.674072,60.246756]],[[11.576152,60.182181],[11.622528,60.204832],[11.624685,60.205653],[11.627112,60.206332],[11.634519,60.207669]],[[11.670977,60.221025],[11.672725,60.222457],[11.673899,60.22382],[11.674683,60.225229],[11.675112,60.226935]],[[11.675663,60.24986],[11.676282,60.250962],[11.677049,60.251802],[11.678198,60.252621],[11.679667,60.253355],[11.681488,60.254022],[11.683296,60.254491],[11.68501,60.254742],[11.687012,60.254833]],[[11.570288,60.174643],[11.570705,60.177347],[11.571016,60.178164],[11.571509,60.178956],[11.572296,60.179823],[11.57329,60.180623],[11.574416,60.181315],[11.576021,60.182115]],[[11.505738,60.158455],[11.507232,60.15912],[11.509343,60.16045],[11.510406,60.16097],[11.515351,60.162855],[11.51721,60.163398],[11.521277,60.164034],[11.530319,60.165806],[11.534317,60.166018],[11.538371,60.166472],[11.53992,60.166504],[11.541267,60.166446]],[[11.635179,60.207784],[11.641856,60.208949],[11.644862,60.209625]],[[11.74638,60.238324],[11.804699,60.227586]],[[11.999655,60.187918],[12.001479,60.187675],[12.002441,60.187624],[12.019495,60.188107]],[[11.817924,60.222956],[11.863065,60.203182]],[[11.817878,60.222976],[11.8129,60.225151],[11.810856,60.22594],[11.807846,60.226868],[11.804943,60.227539]],[[11.883256,60.197286],[11.881352,60.197218],[11.879638,60.197282],[11.877837,60.197473],[11.876066,60.197809]],[[11.737284,60.239995],[11.742494,60.239041]],[[11.876016,60.197821],[11.876066,60.197809]],[[11.7457,60.23845],[11.74638,60.238324]],[[12.005023,60.187655],[12.019495,60.188107]],[[11.952813,60.206087],[11.953335,60.205969]],[[11.742494,60.239041],[11.7457,60.23845]],[[11.99849,60.188195],[11.999655,60.187918]],[[11.875142,60.198048],[11.876016,60.197821]],[[11.953335,60.205969],[11.957351,60.20491],[11.96061,60.203819],[11.978581,60.196392],[11.97985,60.195753],[11.981176,60.194854],[11.982115,60.193966],[11.982936,60.192875]],[[11.176481,60.14075],[11.176632,60.141097]],[[11.176632,60.141097],[11.178939,60.146477]],[[11.178939,60.146477],[11.177026,60.142297],[11.176481,60.14075]],[[11.193571,60.188221],[11.194594,60.186554],[11.195177,60.184862],[11.195642,60.182114],[11.195662,60.180859]],[[11.195749,60.18177],[11.1957,60.183434],[11.195197,60.185516],[11.194465,60.18718],[11.193881,60.187873]],[[11.195662,60.180859],[11.195749,60.18177]],[[11.195749,60.18177],[11.195605,60.183435],[11.195111,60.185507],[11.194384,60.187169],[11.193881,60.187873]],[[11.193881,60.187873],[11.193571,60.188221]],[[11.179078,60.146793],[11.1801,60.149355],[11.181297,60.153397],[11.18241,60.159634],[11.18293,60.161785],[11.183426,60.163214],[11.184294,60.16474]],[[11.193571,60.188221],[11.192273,60.190309],[11.191823,60.191437],[11.189996,60.199243],[11.187504,60.207289],[11.18713,60.208178],[11.184433,60.212536]],[[11.176632,60.141097],[11.179078,60.146793]],[[7.980533,58.296632],[7.980516,58.297142],[7.980226,58.298069]],[[7.980533,58.296632],[7.980523,58.296501]],[[7.984553,58.145774],[7.988537,58.14578]],[[7.9832,58.145817],[7.983842,58.145795]],[[7.983977,58.14575],[7.983163,58.145775]],[[10.830801,59.711676],[10.829387,59.709953]],[[10.830196,59.710835],[10.831951,59.712969]],[[8.621887,58.658738],[8.620893,58.658516]],[[8.623928,58.659016],[8.622794,58.658917]],[[8.622794,58.658917],[8.621887,58.658738]],[[8.626568,58.658721],[8.625177,58.658971],[8.623928,58.659016]],[[11.184433,60.212536],[11.182876,60.215181],[11.182069,60.21689],[11.180323,60.221591]],[[11.180323,60.221591],[11.182179,60.216467],[11.18384,60.21332],[11.184433,60.212536]],[[11.199362,60.246167],[11.199568,60.246471]],[[11.199491,60.246446],[11.199915,60.247231],[11.200454,60.24778],[11.201085,60.248215],[11.203899,60.249716],[11.205031,60.250903]],[[11.205031,60.250903],[11.205213,60.251193]],[[11.205031,60.250903],[11.203538,60.249575],[11.201487,60.248507],[11.200365,60.247781],[11.199828,60.247239],[11.199491,60.246446]],[[11.180323,60.221591],[11.179576,60.223937],[11.179463,60.225012],[11.179797,60.226824],[11.18061,60.228325],[11.181818,60.229619],[11.183387,60.230828],[11.185356,60.232025],[11.188795,60.233798],[11.189962,60.234694],[11.190954,60.235762],[11.191647,60.23677],[11.192034,60.237637],[11.192254,60.238844]],[[10.210248,59.737857],[10.209378,59.738301]],[[10.209314,59.738267],[10.210208,59.737815]],[[10.837077,59.724767],[10.83581,59.722607]],[[10.218721,59.618149],[10.222792,59.627417],[10.225362,59.631868]],[[10.225286,59.631881],[10.222713,59.627426],[10.218633,59.618135]],[[10.245901,59.684375],[10.246496,59.683328],[10.246802,59.682484],[10.246963,59.680636],[10.246589,59.679159],[10.245449,59.677144]],[[10.234952,59.661087],[10.235857,59.662468]],[[10.207114,59.603862],[10.211263,59.608082]],[[10.203595,59.58741],[10.202573,59.589614],[10.202097,59.591332],[10.201898,59.593258],[10.202052,59.595261],[10.202522,59.597125],[10.203241,59.598816],[10.204526,59.600918],[10.206183,59.602892]],[[10.226781,59.63543],[10.227065,59.638107],[10.226204,59.644654],[10.2264,59.647412],[10.226942,59.649304],[10.227735,59.651027],[10.228738,59.652611],[10.230844,59.655326]],[[11.887089,57.912091],[11.885981,57.912733],[11.882582,57.914246],[11.881499,57.914906],[11.88019,57.9162],[11.878106,57.918844]],[[11.887232,57.911983],[11.887089,57.912091]],[[11.889924,57.908642],[11.889779,57.908832]],[[11.889779,57.908832],[11.88852,57.910762],[11.887786,57.911558],[11.887232,57.911983]],[[11.465255,60.124258],[11.466504,60.125231],[11.469886,60.127322]],[[11.830518,58.903114],[11.827441,58.90578],[11.826574,58.906408],[11.824272,58.907624],[11.822293,58.908355]],[[11.8307,58.902963],[11.830518,58.903114]],[[11.84534,58.898408],[11.845082,58.898486]],[[11.819478,58.909284],[11.818188,58.9097]],[[11.778626,58.91054],[11.778406,58.910499]],[[11.845082,58.898486],[11.842778,58.899038],[11.837621,58.899868],[11.835764,58.900304],[11.834428,58.900778],[11.833281,58.901309],[11.8307,58.902963]],[[11.778406,58.910499],[11.772202,58.909346],[11.769376,58.90902],[11.766886,58.908986],[11.756142,58.909292],[11.754055,58.909548],[11.752265,58.909987],[11.745084,58.912614]],[[11.818188,58.9097],[11.816518,58.910145],[11.811236,58.911307],[11.810099,58.911753],[11.808069,58.912743],[11.80663,58.913179],[11.804582,58.913491],[11.802275,58.913507]],[[10.765842,59.906403],[10.765866,59.90687],[10.76568,59.907291],[10.765343,59.907649],[10.764836,59.907975],[10.763636,59.908387],[10.761519,59.90866]],[[10.765669,59.90642],[10.765597,59.907125],[10.765004,59.907752],[10.763995,59.908214],[10.762711,59.908471]],[[10.410738,59.38974],[10.411433,59.393865],[10.411239,59.395586]],[[10.231578,59.551604],[10.233851,59.549619],[10.239826,59.545033],[10.242796,59.542206]],[[10.406189,59.405124],[10.406264,59.405016]],[[10.406264,59.405016],[10.406781,59.404415]],[[10.232885,59.550508],[10.229629,59.553697]],[[10.410636,59.396947],[10.411239,59.395586]],[[10.797222,59.839424],[10.797331,59.836748],[10.796783,59.833627],[10.797805,59.828947],[10.797904,59.827641],[10.797735,59.82008],[10.797576,59.819323],[10.796946,59.818055]],[[10.802237,59.844615],[10.802283,59.844689]],[[10.802204,59.844699],[10.802158,59.844625]],[[10.802283,59.844689],[10.803113,59.846289],[10.803096,59.847345],[10.802837,59.847839],[10.802343,59.848342],[10.801667,59.848776],[10.800588,59.849232]],[[10.387485,59.318705],[10.388754,59.320175],[10.391206,59.32262]],[[10.418903,59.269054],[10.420055,59.269358],[10.421088,59.269834],[10.4218,59.270406],[10.422196,59.27101],[10.42229,59.271702],[10.422047,59.272375],[10.421419,59.273042],[10.420497,59.273581]],[[10.385768,59.315694],[10.385321,59.31357],[10.385387,59.311666],[10.38591,59.309736],[10.386822,59.307922],[10.391199,59.30116],[10.39255,59.299371],[10.39474,59.297122],[10.399351,59.293348]],[[10.411525,59.270657],[10.413546,59.269616],[10.414816,59.26917]],[[7.951846,58.242232],[7.950353,58.241917],[7.947904,58.241787],[7.946293,58.2416],[7.944625,58.241222],[7.943418,58.240795],[7.941959,58.240037],[7.939032,58.238172],[7.937776,58.237207],[7.936308,58.235847]],[[7.954456,58.244507],[7.954016,58.243638],[7.953554,58.243111]],[[7.923809,58.212882],[7.923524,58.21025],[7.923862,58.209463],[7.924501,58.208792]],[[7.924501,58.208792],[7.925602,58.208134]],[[7.925602,58.208134],[7.925755,58.208068]],[[7.925755,58.208068],[7.926791,58.207714]],[[7.926791,58.207714],[7.927041,58.207644]],[[7.927041,58.207644],[7.927817,58.207437]],[[7.930401,58.187537],[7.930424,58.187439]],[[7.930424,58.187439],[7.931188,58.185863]],[[7.931394,58.185595],[7.931513,58.185452]],[[7.931188,58.185863],[7.931394,58.185595]],[[10.364994,59.28354],[10.363431,59.283373],[10.361869,59.28337]],[[10.355003,59.28379],[10.341616,59.284614]],[[10.218136,59.136132],[10.215884,59.136662],[10.214824,59.136812],[10.213423,59.136846],[10.21216,59.136712]],[[10.355081,59.283785],[10.355003,59.28379]],[[10.365234,59.28357],[10.364994,59.28354]],[[10.227049,59.135013],[10.226826,59.135014]],[[8.119442,58.44701],[8.116903,58.445899],[8.108303,58.443135]],[[15.427382,67.247415],[15.42732,67.248011]],[[15.403531,67.262646],[15.403216,67.262751]],[[15.429846,67.235212],[15.430791,67.236175],[15.431036,67.237065],[15.429761,67.240342]],[[15.429593,67.241049],[15.429437,67.243671]],[[15.402142,67.263124],[15.400388,67.263747],[15.397892,67.264825]],[[15.339333,67.271297],[15.339149,67.271249]],[[15.386876,67.269286],[15.386048,67.269477]],[[15.385922,67.269504],[15.380378,67.270373],[15.375634,67.270843],[15.371139,67.271022],[15.35664,67.271058],[15.354802,67.271204],[15.348916,67.27195],[15.347214,67.272073],[15.345224,67.272092],[15.343162,67.271969],[15.341138,67.271695],[15.339333,67.271297]],[[15.339149,67.271249],[15.33628,67.270449]],[[15.450154,67.138853],[15.450428,67.139627],[15.450623,67.142571],[15.450885,67.143928],[15.450829,67.144608],[15.45051,67.145262]],[[15.485534,67.164193],[15.485543,67.164424]],[[15.454493,67.119369],[15.455083,67.119989],[15.455362,67.120607],[15.455322,67.121368],[15.454954,67.122024]],[[15.483935,67.162052],[15.484201,67.162213]],[[15.47764,67.186927],[15.476128,67.187477]],[[15.476128,67.187477],[15.4716,67.189114],[15.470265,67.189792]],[[15.485543,67.164424],[15.485523,67.165672],[15.485019,67.166738],[15.481982,67.169539]],[[15.45051,67.145262],[15.450069,67.146032],[15.449932,67.146881],[15.45024,67.147723],[15.450853,67.148418]],[[15.358859,67.026567],[15.359072,67.026682]],[[15.367105,67.032173],[15.372744,67.037186],[15.377059,67.040444],[15.379874,67.042917],[15.382334,67.04574],[15.384116,67.048674],[15.38519,67.051722],[15.385959,67.056245],[15.385726,67.057698],[15.38337,67.064731]],[[10.888465,59.685477],[10.888642,59.685316]],[[10.893472,59.681798],[10.898162,59.678741],[10.899903,59.677929],[10.901579,59.677335],[10.903961,59.676718],[10.915066,59.674361],[10.921986,59.672326],[10.923459,59.671966],[10.924935,59.671717],[10.928293,59.671479],[10.929943,59.671278],[10.931942,59.670886],[10.933202,59.670538],[10.93505,59.669878],[10.947086,59.665403]],[[5.646957,58.725005],[5.647319,58.726397]],[[5.6393,58.66424],[5.639595,58.664622]],[[10.176725,59.11373],[10.17649,59.113638]],[[10.17649,59.113638],[10.16984,59.111066]],[[10.009649,59.055931],[10.007414,59.057004],[10.006012,59.057527]],[[10.141793,61.518153],[10.143232,61.519593]],[[10.10421,61.535722],[10.093582,61.538285],[10.091186,61.538961],[10.089415,61.539586],[10.087438,61.540439],[10.08432,61.542081],[10.080708,61.544186],[10.078615,61.545086],[10.076643,61.545681],[10.06256,61.549357]],[[5.635657,58.658721],[5.635829,58.659079]],[[5.635829,58.659079],[5.635859,58.659142]],[[5.635859,58.659142],[5.635908,58.659239]],[[5.635908,58.659239],[5.637197,58.661435],[5.639121,58.664009]],[[5.729169,58.550551],[5.729063,58.550648]],[[5.729063,58.550648],[5.722175,58.556936]],[[9.658734,59.142195],[9.658758,59.142252]],[[9.689382,59.121398],[9.689548,59.121385]],[[9.660071,59.138126],[9.659096,59.139165],[9.658554,59.140445],[9.658473,59.141317],[9.658734,59.142195]],[[9.686322,59.122303],[9.687762,59.121685],[9.689382,59.121398]],[[11.980754,57.726464],[11.981473,57.726737]],[[11.98321,57.727693],[11.981473,57.726737]],[[11.981525,57.726711],[11.980738,57.726414]],[[12.443958,57.704519],[12.455627,57.704396]],[[12.443262,57.704521],[12.443958,57.704519]],[[11.993687,57.715485],[11.993115,57.715142]],[[5.659811,58.696212],[5.659729,58.698032],[5.659429,58.699886],[5.659012,58.701237],[5.65814,58.70298]],[[5.659806,58.695916],[5.659811,58.696103]],[[5.659811,58.696103],[5.659811,58.696212]],[[5.659797,58.695698],[5.659806,58.695916]],[[5.634563,58.655569],[5.63459,58.655664]],[[5.63459,58.655664],[5.635657,58.658721]],[[6.133459,58.526761],[6.133329,58.526674]],[[6.133329,58.526674],[6.126111,58.52155],[6.125304,58.521094],[6.124026,58.520619],[6.123078,58.520389],[6.119883,58.519859],[6.116839,58.518932],[6.114962,58.518604],[6.112826,58.518506],[6.110389,58.518515],[6.108172,58.518622],[6.105445,58.518872]],[[9.600844,59.221508],[9.602619,59.219902],[9.604881,59.218179]],[[9.604881,59.218179],[9.600963,59.221525]],[[9.596037,59.22599],[9.595992,59.226036]],[[9.619052,59.199745],[9.618966,59.199842]],[[9.598461,59.223717],[9.598263,59.223901]],[[9.618966,59.199842],[9.617015,59.202028]],[[9.598263,59.223901],[9.596037,59.22599]],[[9.600963,59.221525],[9.600375,59.221949]],[[9.595992,59.226036],[9.593285,59.228939],[9.584399,59.239734],[9.580879,59.24349],[9.579932,59.244788],[9.57777,59.248664],[9.57664,59.249945],[9.573863,59.252672]],[[9.562543,59.255575],[9.561329,59.255724],[9.559881,59.255799],[9.553549,59.255724]],[[9.562778,59.255537],[9.562543,59.255575]],[[6.568266,58.446396],[6.562568,58.44838]],[[6.562568,58.44838],[6.562436,58.448425]],[[5.65855,58.690318],[5.65864,58.690543]],[[5.65864,58.690543],[5.659422,58.692995],[5.659797,58.695698]],[[10.153765,62.924197],[10.15402,62.924869],[10.153929,62.925543]],[[10.153622,62.923936],[10.153765,62.924197]],[[9.348927,59.335103],[9.346987,59.335278],[9.345855,59.335622],[9.345395,59.336013],[9.344999,59.337057]],[[9.352776,59.334229],[9.351938,59.334631],[9.351008,59.334894]],[[9.454684,59.310465],[9.454,59.310979],[9.453257,59.312197],[9.452649,59.312775],[9.451486,59.31332],[9.450238,59.313595]],[[9.469629,59.306705],[9.468673,59.307193],[9.468006,59.307869]],[[9.350559,59.359609],[9.352725,59.359721],[9.354222,59.360084]],[[9.390902,59.309278],[9.38868,59.309027],[9.386372,59.309003]],[[9.543411,59.261632],[9.542033,59.262228],[9.540983,59.26288],[9.540197,59.263616],[9.539146,59.264964]],[[9.336361,59.381371],[9.334599,59.382053],[9.333673,59.382509],[9.332816,59.383114],[9.332221,59.383758]],[[9.376274,59.307619],[9.376204,59.3076]],[[9.348266,59.345588],[9.348276,59.345638]],[[9.41005,59.31062],[9.409805,59.310554]],[[9.418383,59.312172],[9.418023,59.312111]],[[9.544324,59.261271],[9.544051,59.261378]],[[9.490206,59.29918],[9.490014,59.299229]],[[9.323481,59.416338],[9.323452,59.416435]],[[9.539146,59.264964],[9.539084,59.265047]],[[9.337597,59.3809],[9.336361,59.381371]],[[9.355205,59.332232],[9.355165,59.332285]],[[9.354222,59.360084],[9.35431,59.360115]],[[9.363008,59.309506],[9.36292,59.309517]],[[9.544051,59.261378],[9.543583,59.261564]],[[9.347331,59.352577],[9.347335,59.352675]],[[9.346344,59.340563],[9.346367,59.340611]],[[9.386372,59.309003],[9.386269,59.309007]],[[9.468006,59.307869],[9.467845,59.308107]],[[9.341522,59.379833],[9.341423,59.379853]],[[9.356402,59.312797],[9.356326,59.312844]],[[9.323452,59.416435],[9.323446,59.416454]],[[9.524601,59.281298],[9.524539,59.281365]],[[9.331879,59.384226],[9.331834,59.384287]],[[9.390982,59.309291],[9.390902,59.309278]],[[9.352795,59.315679],[9.35273,59.315756]],[[9.528495,59.278673],[9.528412,59.278728]],[[9.37974,59.309214],[9.3796,59.309176]],[[9.345127,59.337984],[9.345179,59.338104]],[[9.323446,59.416454],[9.323329,59.416894]],[[9.543583,59.261564],[9.543411,59.261632]],[[9.327959,59.412329],[9.327846,59.412349]],[[9.3796,59.309176],[9.379329,59.309093]],[[9.350488,59.324554],[9.350805,59.325336],[9.351378,59.326126],[9.3532,59.32737]],[[9.386269,59.309007],[9.384778,59.309123],[9.382991,59.309369]],[[9.354936,59.328769],[9.355421,59.329541],[9.355579,59.330222],[9.355544,59.331419],[9.355205,59.332232]],[[9.348276,59.345638],[9.348424,59.346607],[9.348312,59.347383]],[[9.477557,59.305021],[9.476703,59.305433],[9.475731,59.305698],[9.4725,59.306056],[9.470565,59.306427]],[[9.356326,59.312844],[9.354742,59.313623],[9.354053,59.314079],[9.352795,59.315679]],[[9.345712,59.339223],[9.346344,59.340563]],[[9.319902,59.396608],[9.319842,59.396869]],[[9.345179,59.338104],[9.345712,59.339223]],[[9.351448,59.370411],[9.351535,59.370843]],[[9.35431,59.360115],[9.355157,59.36056],[9.355701,59.361056],[9.356485,59.36277],[9.356504,59.363814],[9.355859,59.364793]],[[9.466207,59.30936],[9.464945,59.309793],[9.463373,59.310027],[9.462191,59.310017],[9.457969,59.309732],[9.456984,59.309783],[9.456112,59.30993]],[[9.347335,59.352675],[9.347209,59.354756],[9.346688,59.356978]],[[9.418023,59.312111],[9.414581,59.311088],[9.4136,59.310963],[9.411238,59.310831],[9.41005,59.31062]],[[9.351008,59.334894],[9.349883,59.335042]],[[9.380129,59.309305],[9.37974,59.309214]],[[9.353891,59.327812],[9.354936,59.328769]],[[9.355859,59.364793],[9.354673,59.365713]],[[9.350406,59.324032],[9.350488,59.324554]],[[9.470565,59.306427],[9.469629,59.306705]],[[9.349883,59.335042],[9.348927,59.335103]],[[9.327846,59.412349],[9.325641,59.412775],[9.3249,59.413068],[9.324168,59.413543],[9.32361,59.414359],[9.323655,59.415556],[9.323536,59.416149]],[[9.354673,59.365713],[9.35435,59.366069]],[[9.36292,59.309517],[9.360741,59.309782],[9.359353,59.310263],[9.35812,59.311092],[9.356941,59.31238],[9.356402,59.312797]],[[9.35273,59.315756],[9.350986,59.317469],[9.350435,59.318392],[9.349821,59.321444],[9.350373,59.323707]],[[9.352495,59.37328],[9.352235,59.373792],[9.351827,59.374196]],[[9.506076,59.291932],[9.505335,59.292818],[9.504107,59.293536],[9.500097,59.294845],[9.498267,59.295539],[9.495694,59.296702],[9.493441,59.298143],[9.491832,59.298727],[9.490206,59.29918]],[[9.349275,59.359439],[9.350559,59.359609]],[[9.478336,59.304319],[9.477557,59.305021]],[[9.467845,59.308107],[9.467327,59.308716]],[[9.347714,59.343663],[9.347767,59.34381]],[[9.376204,59.3076],[9.374971,59.307381],[9.373648,59.307362],[9.370022,59.307925],[9.367298,59.308224],[9.366174,59.308477],[9.364161,59.309266],[9.363008,59.309506]],[[9.467327,59.308716],[9.466897,59.309046],[9.466207,59.30936]],[[9.379329,59.309093],[9.378749,59.308857]],[[9.378749,59.308857],[9.377118,59.307925]],[[9.352199,59.372082],[9.352524,59.372746],[9.352495,59.37328]],[[9.456112,59.30993],[9.455445,59.310124],[9.454684,59.310465]],[[9.331834,59.384287],[9.329821,59.386823],[9.327159,59.389457],[9.325466,59.390823],[9.322063,59.393063],[9.320419,59.394599]],[[9.539084,59.265047],[9.537815,59.266837],[9.53606,59.268313]],[[9.506616,59.290664],[9.506076,59.291932]],[[9.355165,59.332285],[9.354176,59.33324]],[[9.354176,59.33324],[9.352776,59.334229]],[[9.351535,59.370843],[9.352199,59.372082]],[[9.524539,59.281365],[9.52411,59.282139],[9.523895,59.283735],[9.523496,59.284303],[9.523031,59.284709],[9.521902,59.285316],[9.518753,59.286262],[9.516963,59.287118]],[[9.409805,59.310554],[9.407536,59.309795],[9.405779,59.309422],[9.399665,59.3089],[9.397942,59.308913],[9.394993,59.309413],[9.393862,59.309514],[9.392497,59.309486],[9.390982,59.309291]],[[9.377118,59.307925],[9.376274,59.307619]],[[9.346367,59.340611],[9.347714,59.343663]],[[9.341423,59.379853],[9.3394,59.380276]],[[9.344999,59.337057],[9.344962,59.337447],[9.345121,59.337965]],[[9.528412,59.278728],[9.525377,59.280693]],[[9.319842,59.396869],[9.319045,59.398854],[9.318994,59.400149],[9.319458,59.401524],[9.32058,59.403125],[9.321778,59.404233],[9.323467,59.405252],[9.329984,59.40776]],[[9.324116,59.412702],[9.3242,59.41264]],[[9.3242,59.41264],[9.3254,59.411818],[9.325891,59.411349],[9.326237,59.410738],[9.326456,59.409853]],[[9.323218,59.416969],[9.323369,59.416448]],[[9.323405,59.416331],[9.323485,59.415838],[9.323377,59.414971]],[[9.33144,59.432062],[9.330549,59.431446],[9.329053,59.430909],[9.327771,59.430701],[9.324965,59.43054],[9.323663,59.430279],[9.320386,59.429049],[9.318666,59.428211],[9.317495,59.42722],[9.317077,59.426565],[9.316904,59.426012],[9.317029,59.42487],[9.317948,59.423573]],[[9.34143,59.446859],[9.34144,59.446208],[9.341097,59.445526]],[[9.331938,59.484589],[9.331634,59.483618],[9.330598,59.481908],[9.329968,59.481068],[9.32936,59.480585]],[[9.337315,59.463631],[9.337444,59.463586]],[[9.340233,59.461026],[9.340219,59.460941]],[[9.339499,59.454184],[9.339488,59.4541]],[[9.32936,59.480585],[9.329285,59.480539]],[[9.33152,59.432141],[9.33144,59.432062]],[[9.341097,59.445526],[9.341025,59.445438]],[[9.331947,59.484665],[9.331938,59.484589]],[[9.334357,59.435321],[9.333312,59.43474],[9.332658,59.434224],[9.332285,59.433704],[9.331866,59.43259],[9.33152,59.432141]],[[9.329285,59.480539],[9.328585,59.480187],[9.327728,59.479895],[9.32528,59.479435],[9.324232,59.479136],[9.323283,59.478687],[9.322524,59.478071]],[[9.337444,59.463586],[9.338701,59.463087],[9.339646,59.462431],[9.340122,59.461761],[9.340233,59.461026]],[[9.340219,59.460941],[9.33948,59.459455],[9.339305,59.458746],[9.339499,59.454184]],[[9.339488,59.4541],[9.339348,59.453466],[9.338775,59.452332],[9.338725,59.45162],[9.338959,59.451052],[9.341095,59.447548]],[[9.341095,59.447548],[9.34143,59.446859]],[[9.342358,59.501485],[9.339521,59.499291],[9.339149,59.498592],[9.33908,59.497214],[9.338862,59.496655],[9.337913,59.495352],[9.336661,59.494198]],[[9.341025,59.445438],[9.340482,59.444952],[9.33971,59.444516],[9.337256,59.443739],[9.336273,59.443305],[9.335431,59.442671],[9.334752,59.441775],[9.334422,59.440947],[9.334423,59.440297],[9.334763,59.439248],[9.335671,59.437571],[9.335675,59.436713]],[[9.335675,59.436713],[9.33531,59.436007],[9.334357,59.435321]],[[9.322524,59.478071],[9.321955,59.477218],[9.322024,59.476561],[9.322382,59.475999]],[[9.323273,59.515625],[9.322447,59.515571],[9.321495,59.515607],[9.320614,59.515739],[9.319764,59.515975],[9.318022,59.516769],[9.316358,59.517875],[9.315273,59.518942],[9.314574,59.520044],[9.314136,59.521329],[9.31409,59.522789],[9.313721,59.52347],[9.313114,59.52397],[9.31243,59.52431],[9.309432,59.525123],[9.308746,59.525419],[9.308156,59.525813],[9.307655,59.526436],[9.307068,59.528506],[9.306576,59.529196]],[[9.300896,59.531236],[9.300798,59.531261]],[[9.285023,59.541783],[9.284289,59.542076]],[[9.306576,59.529196],[9.306441,59.529309]],[[9.271403,59.557077],[9.271236,59.557147]],[[9.274202,59.556289],[9.273781,59.556415]],[[9.270823,59.557321],[9.271236,59.557147]],[[9.335344,59.493344],[9.336378,59.494125]],[[9.305664,59.529768],[9.304974,59.53003]],[[9.273781,59.556415],[9.271403,59.557077]],[[9.306441,59.529309],[9.305664,59.529768]],[[9.284289,59.542076],[9.283553,59.542499],[9.282973,59.543105],[9.280586,59.547367],[9.279161,59.550254],[9.276923,59.552977],[9.276469,59.553767],[9.275958,59.555187],[9.275351,59.555745],[9.274401,59.556214]],[[9.304974,59.53003],[9.300896,59.531236]],[[9.336461,59.494201],[9.336824,59.494642]],[[10.785302,59.854048],[10.784538,59.852889],[10.78449,59.852011],[10.784739,59.851498],[10.78534,59.850812],[10.785908,59.850237],[10.786539,59.8498],[10.787196,59.849488],[10.788132,59.849184],[10.789966,59.848889],[10.791857,59.848917],[10.793802,59.849291]],[[10.787241,59.860255],[10.787237,59.860205]],[[10.787316,59.860203],[10.787317,59.860253]],[[10.787317,59.860253],[10.787089,59.861171],[10.785874,59.862963],[10.78552,59.864796]],[[10.787237,59.860205],[10.786622,59.858565],[10.786566,59.856216],[10.785422,59.854226]],[[10.785479,59.85417],[10.786647,59.856211],[10.786667,59.858344],[10.787316,59.860203]],[[10.765949,59.903551],[10.766717,59.904025]],[[10.759489,59.900809],[10.760235,59.901032]],[[11.359285,62.784855],[11.359223,62.784798]],[[10.726647,59.540722],[10.725376,59.543851],[10.724887,59.545404],[10.722874,59.55529]],[[9.873129,60.25834],[9.873121,60.25878],[9.872905,60.259284],[9.872523,60.259696],[9.871914,60.260094],[9.870493,60.260603],[9.868614,60.260803]],[[9.863683,60.260966],[9.85796,60.261151]],[[9.909107,60.247754],[9.907677,60.248117]],[[9.872412,60.256952],[9.873129,60.25834]],[[9.907677,60.248117],[9.906147,60.248374],[9.904516,60.248517],[9.903126,60.24854],[9.899378,60.248349],[9.897223,60.248326],[9.895008,60.248474],[9.892968,60.24875]],[[9.856086,60.261213],[9.849761,60.261437],[9.84809,60.261666],[9.84667,60.262024]],[[10.610379,60.286424],[10.608881,60.28651],[10.607835,60.286661],[10.606822,60.286958],[10.606002,60.287374],[10.605293,60.287929],[10.60468,60.288636],[10.603845,60.290765],[10.603369,60.291204],[10.602828,60.291518],[10.601585,60.291941],[10.598436,60.292423],[10.597092,60.29277],[10.595881,60.293269],[10.593538,60.29466]],[[10.556018,60.392983],[10.558584,60.3915]],[[10.552335,60.39506],[10.551227,60.395918],[10.550291,60.397033],[10.548764,60.400909],[10.54836,60.401622],[10.547605,60.402389],[10.546393,60.403188]],[[10.616957,60.284552],[10.616126,60.284717]],[[10.623515,60.28243],[10.623473,60.282442]],[[10.623731,60.282421],[10.62359,60.28246]],[[10.574973,60.323084],[10.574117,60.324288],[10.573971,60.325795],[10.573755,60.326291],[10.57204,60.327857],[10.57159,60.328713],[10.571616,60.329483],[10.572346,60.33136],[10.572379,60.333472],[10.572658,60.334384]],[[10.616106,60.284676],[10.616964,60.284504]],[[10.613847,60.285013],[10.61254,60.285152],[10.611411,60.285183],[10.608277,60.284807],[10.607193,60.284787],[10.605899,60.284945],[10.604742,60.285288],[10.603779,60.285836],[10.603263,60.286435],[10.603118,60.286956],[10.603211,60.288395],[10.602952,60.289],[10.602476,60.289546],[10.601759,60.290058],[10.600693,60.290537],[10.599527,60.290859],[10.598017,60.29115]],[[10.68489,60.251619],[10.684225,60.251946],[10.683302,60.252232],[10.680363,60.252689],[10.677233,60.253344],[10.675635,60.253424],[10.673039,60.253156],[10.671993,60.253143],[10.67079,60.253287],[10.669585,60.253633]],[[10.722053,60.20572],[10.7236,60.207477],[10.724117,60.208403],[10.724738,60.210043],[10.726211,60.21233],[10.726346,60.213422],[10.725945,60.215194],[10.726213,60.21622],[10.727636,60.218301],[10.729036,60.219789]],[[10.66565,60.256023],[10.664472,60.256904],[10.664072,60.257623]],[[10.724132,60.199175],[10.723381,60.200569],[10.72192,60.202262],[10.721391,60.203244],[10.721367,60.204493],[10.72195,60.205601]],[[10.70479,60.237751],[10.702879,60.238235],[10.702201,60.238557],[10.701671,60.238943],[10.701155,60.239781],[10.701234,60.241051],[10.701051,60.241621],[10.700473,60.242231],[10.699344,60.242821]],[[10.659973,60.273601],[10.658264,60.275534],[10.657565,60.275969],[10.656572,60.276327],[10.647161,60.278048],[10.642716,60.27843],[10.641457,60.278784],[10.639418,60.279931],[10.637948,60.280403],[10.633238,60.281276],[10.630843,60.28158],[10.628362,60.2818]],[[10.785322,60.136959],[10.784562,60.138257],[10.783881,60.13913],[10.782159,60.140787],[10.78097,60.141483],[10.777589,60.14287],[10.775859,60.143866]],[[10.858633,60.099135],[10.857277,60.099687],[10.856135,60.100346],[10.851913,60.10383],[10.850692,60.104653],[10.848849,60.10552],[10.845626,60.106585]],[[10.71878,60.167834],[10.718862,60.16884],[10.719362,60.169703],[10.720101,60.170393],[10.722016,60.171593],[10.722619,60.172415],[10.722681,60.173056],[10.722464,60.174034],[10.722049,60.174859],[10.721135,60.176101],[10.720969,60.176722],[10.721311,60.177551],[10.722453,60.178434]],[[10.862954,60.084716],[10.863631,60.084233],[10.864884,60.0837]],[[10.726226,60.183904],[10.725792,60.187658]],[[10.798444,60.128627],[10.79832,60.128664]],[[10.845626,60.106585],[10.845512,60.106622]],[[10.726232,60.183839],[10.726226,60.183904]],[[10.862892,60.084778],[10.862954,60.084716]],[[10.863055,60.084739],[10.862994,60.084797]],[[10.833157,60.116111],[10.832855,60.116169]],[[10.832855,60.116169],[10.83129,60.116512],[10.82994,60.117032]],[[10.761018,60.149792],[10.766281,60.147901],[10.770449,60.146671],[10.771806,60.146192],[10.773412,60.145417],[10.775859,60.143866]],[[10.825978,60.119002],[10.830454,60.116748],[10.831784,60.116338],[10.832855,60.116169]],[[10.862994,60.084797],[10.862627,60.085377],[10.862585,60.086038],[10.862707,60.086488],[10.863302,60.087474]],[[10.775859,60.143866],[10.773923,60.145228],[10.771902,60.146234],[10.770527,60.146721],[10.76702,60.147728],[10.761018,60.149792]],[[10.737685,60.151729],[10.736168,60.151789],[10.734905,60.151977],[10.733742,60.152292],[10.732574,60.152789],[10.729619,60.154802],[10.72763,60.156449]],[[10.725666,60.159906],[10.725664,60.160975],[10.725131,60.161804],[10.724515,60.162269],[10.722602,60.163329],[10.721636,60.164143]],[[10.760083,60.150126],[10.758608,60.15049],[10.757176,60.150615],[10.755928,60.15056],[10.753071,60.150157],[10.751235,60.150134],[10.747531,60.150516],[10.743879,60.150708],[10.742834,60.150878],[10.741748,60.151163]],[[10.83781,60.109854],[10.83665,60.110586],[10.836027,60.111453],[10.835955,60.112051],[10.836301,60.114024],[10.836042,60.114729],[10.835563,60.115208],[10.834839,60.115631],[10.834062,60.11591],[10.833157,60.116111]],[[10.813724,60.121252],[10.811925,60.122191],[10.808528,60.123472],[10.806757,60.124326],[10.805328,60.125294],[10.803675,60.126939],[10.802771,60.127504],[10.801614,60.127924],[10.798444,60.128627]],[[10.870125,60.061829],[10.869912,60.062788],[10.86994,60.063538],[10.870186,60.064205],[10.871228,60.066014],[10.871493,60.067337],[10.87123,60.068569],[10.869433,60.071671],[10.869094,60.072853],[10.869155,60.073839],[10.869438,60.074638],[10.870815,60.076511],[10.87123,60.077524],[10.871102,60.078725],[10.870147,60.080401]],[[10.867083,60.058373],[10.866924,60.058343]],[[10.81813,60.040224],[10.81837,60.040354]],[[10.818043,60.040176],[10.81813,60.040224]],[[10.820431,60.041533],[10.827531,60.04591],[10.828561,60.046443],[10.829419,60.046707],[10.830175,60.04684],[10.832883,60.04693],[10.833974,60.047065],[10.835211,60.047421],[10.836095,60.047906],[10.836677,60.048536],[10.837024,60.049926],[10.837622,60.050613],[10.843332,60.053685],[10.844355,60.054532],[10.844787,60.05538],[10.844967,60.0567],[10.844801,60.057891],[10.844258,60.05941],[10.844343,60.06008],[10.844642,60.06053],[10.84511,60.060947],[10.846942,60.062198],[10.848175,60.062917]],[[10.811723,60.0365],[10.812135,60.03705],[10.812911,60.037618]],[[10.787002,59.967331],[10.787849,59.967765],[10.78845,59.968328],[10.788685,59.968846],[10.788691,59.969541]],[[10.8167,60.039491],[10.818043,60.040176]],[[10.8167,60.039491],[10.812728,60.037599],[10.812085,60.037089],[10.811723,60.0365]],[[10.858336,60.059341],[10.859872,60.058693],[10.861788,60.0583],[10.864516,60.058126],[10.866076,60.058176],[10.867114,60.058318]],[[10.780994,59.965618],[10.780048,59.965295]],[[10.781396,59.938867],[10.782307,59.936828]],[[10.782307,59.936828],[10.782849,59.935477],[10.782992,59.933897],[10.783277,59.933212]],[[10.791928,59.909982],[10.792922,59.909591]],[[10.779665,59.942834],[10.778635,59.94508]],[[10.51054,60.451284],[10.510456,60.451338]],[[10.508338,60.497814],[10.508356,60.497881]],[[10.516525,60.447466],[10.516743,60.448062],[10.516715,60.4486],[10.516464,60.44907],[10.515958,60.449543],[10.514733,60.450123],[10.511761,60.450748],[10.51054,60.451284]],[[10.508356,60.497881],[10.508479,60.499489],[10.508971,60.50048],[10.50974,60.501097],[10.511636,60.501888],[10.512485,60.502384],[10.513052,60.502961],[10.513367,60.50363]],[[12.000111,57.727331],[11.999203,57.727653],[11.998266,57.727855],[11.994657,57.728241]],[[10.535598,60.527784],[10.534769,60.528451],[10.534186,60.529205],[10.533926,60.530019],[10.533991,60.531383],[10.533798,60.532182],[10.533372,60.532874],[10.532329,60.534039],[10.532077,60.534644],[10.532128,60.535214],[10.532461,60.535752],[10.534416,60.537261],[10.534889,60.538109],[10.534863,60.538547],[10.534598,60.539068],[10.532926,60.540407],[10.532528,60.541098],[10.532645,60.541919],[10.533614,60.543001]],[[10.555224,60.56751],[10.555278,60.567587]],[[10.538497,60.550092],[10.538559,60.55012]],[[10.540134,60.550649],[10.541383,60.551114],[10.54228,60.55156],[10.543348,60.552276],[10.543788,60.552689],[10.551317,60.561666],[10.552266,60.562677],[10.553571,60.563827]],[[10.598126,60.637843],[10.601948,60.643423],[10.602771,60.64517],[10.603081,60.646939],[10.60289,60.649469],[10.603009,60.651344],[10.603863,60.655433],[10.604467,60.656989]],[[10.722874,59.55529],[10.722361,59.557879]],[[10.722278,59.557875],[10.72279,59.555284]],[[10.72279,59.555284],[10.724679,59.545893],[10.725299,59.543844],[10.72657,59.540714]],[[10.722361,59.557879],[10.721898,59.560857],[10.722096,59.563675],[10.722756,59.565933],[10.724978,59.571472],[10.726573,59.574031],[10.731253,59.579565],[10.732515,59.581236],[10.738507,59.590493],[10.739271,59.592065]],[[10.634211,60.758752],[10.634294,60.758835]],[[10.696376,60.794421],[10.696342,60.794477]],[[10.634294,60.758835],[10.634714,60.759513],[10.635032,60.76092],[10.635947,60.762467],[10.636232,60.763226],[10.636294,60.76466],[10.636072,60.766591]],[[12.002395,57.725579],[12.00272,57.725208]],[[12.002189,57.725833],[12.001209,57.726717],[12.000111,57.727331]],[[12.000111,57.727331],[11.998086,57.728193]],[[11.998086,57.728193],[11.996764,57.728534],[11.994469,57.72896]],[[12.002768,57.724543],[12.002418,57.725213],[12.001675,57.726116],[12.001012,57.726623],[12.000254,57.727011],[11.998986,57.727421],[11.994657,57.728241]],[[11.994657,57.728241],[11.993899,57.728371]],[[10.54788,60.291576],[10.54775,60.291562]],[[10.476523,60.298005],[10.474474,60.298476],[10.47305,60.298666],[10.471638,60.298712],[10.46848,60.298578],[10.467364,60.298643],[10.466233,60.298802]],[[8.84918,62.118644],[8.84582,62.118725],[8.842955,62.118998]],[[6.668072,58.315992],[6.667404,58.313022],[6.66742,58.31262]],[[6.668896,58.310992],[6.671134,58.30916],[6.671481,58.308475],[6.671564,58.307722]],[[6.661563,58.321328],[6.662671,58.321158],[6.663489,58.320937],[6.664319,58.320581],[6.664958,58.320144],[6.667839,58.317031],[6.66808,58.316467],[6.668072,58.315992]],[[10.83432,59.717472],[10.834399,59.716828],[10.834926,59.716133],[10.835742,59.715541],[10.837146,59.714978]],[[6.653128,58.41209],[6.651583,58.411903],[6.650193,58.411517],[6.64925,58.411085],[6.646808,58.40956],[6.645928,58.409181],[6.640729,58.40789]],[[6.624618,58.403984],[6.62445,58.403944]],[[9.984242,62.746849],[9.984276,62.746953]],[[9.987623,62.753122],[9.988502,62.753391],[9.989532,62.753589],[9.992404,62.753828],[9.993694,62.75405],[9.994848,62.75441],[9.995938,62.754991],[9.996609,62.755663],[9.996851,62.756433],[9.996661,62.757116],[9.995919,62.758211],[9.995726,62.758778]],[[9.675875,59.128001],[9.67634,59.127685]],[[10.885219,59.689637],[10.886491,59.687596],[10.888465,59.685477]],[[10.885186,59.689704],[10.885219,59.689637]],[[7.246538,60.669192],[7.245328,60.669577]],[[10.245524,59.677132],[10.246457,59.678669],[10.246823,59.679549],[10.247063,59.680636],[10.247063,59.681632],[10.246828,59.682748],[10.246391,59.683754],[10.244771,59.685933]],[[10.23578,59.662481],[10.234875,59.6611]],[[10.402809,59.413654],[10.404651,59.412549],[10.405761,59.411389],[10.406158,59.410648],[10.406377,59.409885],[10.406351,59.408992],[10.406142,59.408302]],[[10.406781,59.404415],[10.407392,59.403908],[10.409262,59.402786],[10.410124,59.40189],[10.410367,59.400892],[10.409922,59.39858],[10.410096,59.397843],[10.410543,59.397084]],[[10.409448,59.360248],[10.409917,59.358905],[10.409983,59.354466],[10.410431,59.35327],[10.411347,59.35224],[10.416372,59.348214],[10.417191,59.347316],[10.417663,59.346441],[10.417859,59.345278],[10.417684,59.344386],[10.417219,59.34349],[10.41624,59.342408]],[[10.409767,59.37682],[10.408324,59.375056],[10.407434,59.37342],[10.406805,59.371385],[10.406536,59.369287],[10.406668,59.367128],[10.407186,59.364992],[10.409448,59.360248]],[[10.402533,59.330411],[10.399719,59.329443],[10.397596,59.328443],[10.395922,59.327313],[10.394345,59.325817]],[[10.41624,59.342408],[10.415141,59.341281],[10.414514,59.340343],[10.414215,59.339614],[10.413466,59.33664],[10.412911,59.335764],[10.412021,59.334827],[10.410655,59.333828],[10.40867,59.332755],[10.406938,59.332034],[10.402533,59.330411]],[[10.393234,59.324715],[10.388676,59.320187],[10.387406,59.318716]],[[10.393309,59.3247],[10.394345,59.325817]],[[10.408134,59.27876],[10.408409,59.280675],[10.408363,59.281617],[10.407967,59.282938],[10.406948,59.284769]],[[10.407852,59.27754],[10.407788,59.277122]],[[10.405141,59.287279],[10.406751,59.284968],[10.408118,59.282325],[10.40833,59.280675],[10.408031,59.278618]],[[10.40443,59.28822],[10.403509,59.289374]],[[10.369621,59.283931],[10.368629,59.283935],[10.367325,59.283828]],[[10.341616,59.284614],[10.340152,59.284623],[10.338939,59.284508]],[[10.395994,59.282703],[10.393876,59.282804]],[[10.361869,59.28337],[10.355081,59.283785]],[[10.33207,59.279457],[10.31365,59.25519],[10.312574,59.253391],[10.31172,59.251478],[10.311167,59.249701],[10.310794,59.247472]],[[10.310794,59.247472],[10.310948,59.246241],[10.311588,59.245089],[10.31251,59.244166],[10.314499,59.24267],[10.31541,59.241531],[10.31581,59.240378],[10.31566,59.238961],[10.313765,59.235804],[10.313175,59.233246],[10.312488,59.231899],[10.311484,59.230818],[10.309264,59.229108],[10.308239,59.228107],[10.307236,59.226774],[10.306179,59.224829],[10.305529,59.224117],[10.304324,59.223243],[10.302792,59.22249]],[[10.302792,59.22249],[10.302313,59.222285]],[[10.264874,59.164039],[10.263763,59.162526],[10.26223,59.15932],[10.261213,59.157767],[10.24815,59.142719]],[[10.24815,59.142719],[10.247499,59.142065],[10.247,59.14172],[10.244947,59.140839]],[[10.228408,59.13508],[10.227272,59.135013]],[[10.16984,59.111066],[10.168411,59.110397],[10.167396,59.109651],[10.166656,59.108706],[10.166382,59.107627]],[[10.210647,59.136307],[10.209348,59.135612],[10.207585,59.134095],[10.200636,59.12582],[10.198958,59.124235],[10.197332,59.123047],[10.195351,59.121886],[10.188486,59.118785]],[[10.166382,59.107627],[10.166398,59.103341],[10.166654,59.101835],[10.167161,59.10049],[10.169372,59.096581],[10.169786,59.095455],[10.169876,59.093985],[10.169456,59.0925]],[[10.169456,59.0925],[10.160047,59.070588],[10.159341,59.069462],[10.158221,59.068117],[10.15277,59.063079]],[[10.145904,59.056781],[10.144948,59.056007],[10.143734,59.055353],[10.142316,59.054863],[10.14048,59.054475]],[[10.14048,59.054475],[10.131607,59.052867],[10.129307,59.052306],[10.127243,59.051687]],[[10.097687,59.037517],[10.096406,59.037011],[10.094499,59.036616],[10.093272,59.03653],[10.089578,59.036494]],[[10.122431,59.04965],[10.119958,59.048135],[10.116307,59.04526],[10.114853,59.044343],[10.113118,59.043428],[10.111422,59.042676],[10.109185,59.041851],[10.104194,59.040476],[10.102895,59.040051],[10.101389,59.039423],[10.097687,59.037517]],[[10.089578,59.036494],[10.087297,59.03653],[10.085657,59.036819],[10.084193,59.037409],[10.083236,59.038175]],[[10.083236,59.038175],[10.07649,59.046067],[10.075028,59.04701],[10.074079,59.047401],[10.072805,59.047787]],[[10.072805,59.047787],[10.071319,59.048051],[10.070013,59.048144]],[[10.066159,59.048308],[10.05826,59.048623],[10.055024,59.04858],[10.052912,59.048447],[10.050576,59.048196],[10.048471,59.047872],[10.04566,59.047323]],[[10.034774,59.049509],[10.029348,59.050397],[10.026685,59.050531]],[[10.026685,59.050531],[10.02486,59.050737],[10.023371,59.051211]],[[10.208906,59.738552],[10.208553,59.738741]],[[10.208581,59.738656],[10.209314,59.738267]],[[10.687993,59.919807],[10.685509,59.920539]],[[10.633259,59.914109],[10.629537,59.914909],[10.628457,59.915015],[10.62719,59.914996],[10.626065,59.914848],[10.625063,59.914593],[10.621978,59.913352]],[[10.64352,59.914087],[10.646233,59.914656],[10.65065,59.916039],[10.65196,59.916265],[10.654625,59.916539],[10.656036,59.916815],[10.657312,59.917202],[10.659018,59.917933]],[[10.623508,59.913843],[10.6257,59.91453],[10.626889,59.914709],[10.627885,59.914757],[10.628915,59.914719],[10.630053,59.914578],[10.633107,59.913932]],[[10.643489,59.914147],[10.642803,59.914046]],[[10.522945,59.891974],[10.529903,59.894258]],[[10.528565,59.893859],[10.522946,59.892032]],[[10.500754,59.889543],[10.490675,59.887562],[10.486892,59.886639],[10.484618,59.885925],[10.48244,59.885105],[10.480624,59.884301],[10.478567,59.883219],[10.47603,59.881562],[10.474571,59.880342],[10.472784,59.878397],[10.470247,59.87452],[10.468801,59.87284],[10.46742,59.871568],[10.464974,59.869752]],[[10.500794,59.889507],[10.50304,59.889894],[10.507143,59.890386]],[[10.438265,59.837871],[10.438065,59.836747],[10.437851,59.836302],[10.437094,59.835373],[10.43624,59.834712]],[[10.438187,59.837872],[10.437991,59.836773],[10.437782,59.836321],[10.436999,59.835393],[10.436167,59.834756]],[[10.220451,59.737623],[10.219877,59.737535]],[[10.216335,59.737081],[10.219918,59.737468]],[[10.237726,59.746135],[10.232073,59.743403],[10.229854,59.741753]],[[11.439955,59.127895],[11.441434,59.127436],[11.443451,59.126322]],[[11.38746,59.120916],[11.389147,59.121155],[11.390801,59.121668]],[[11.492221,59.053559],[11.496725,59.051672],[11.497895,59.051033],[11.4988,59.050368]],[[11.482129,59.059774],[11.486397,59.056343],[11.487276,59.055744],[11.488701,59.055026],[11.492221,59.053559]],[[11.443451,59.126322],[11.443667,59.126196]],[[11.390801,59.121668],[11.390974,59.121724]],[[11.4988,59.050368],[11.498882,59.0503]],[[11.430979,59.126958],[11.431059,59.126967]],[[11.431059,59.126967],[11.432528,59.127181],[11.436435,59.128019],[11.437427,59.128109],[11.438336,59.128096]],[[11.476129,59.121169],[11.476304,59.120321],[11.476081,59.119665]],[[11.475895,59.121533],[11.476129,59.121169]],[[11.438336,59.128096],[11.439955,59.127895]],[[11.515103,59.023101],[11.514811,59.021796],[11.515082,59.020724],[11.515749,59.019852],[11.517254,59.018607],[11.517909,59.017864],[11.518238,59.017179],[11.518491,59.015415],[11.518745,59.01475],[11.519218,59.014167],[11.520766,59.012977],[11.521213,59.012452],[11.522011,59.009918],[11.523707,59.007243],[11.524708,59.006152],[11.526916,59.004644],[11.527911,59.003807],[11.529536,59.001614]],[[11.443667,59.126196],[11.445478,59.125142],[11.446378,59.124743],[11.447962,59.124333],[11.449372,59.124203],[11.450632,59.124259],[11.451788,59.124465],[11.456698,59.126095],[11.458649,59.126474],[11.460021,59.126547],[11.461357,59.126479],[11.462887,59.126218],[11.464238,59.125823]],[[11.390974,59.121724],[11.392818,59.122288],[11.394853,59.122613],[11.398075,59.122786],[11.403981,59.122746],[11.405686,59.122866],[11.406932,59.123152],[11.409119,59.124065],[11.410676,59.124511],[11.412,59.12468],[11.416562,59.125012],[11.419815,59.125547],[11.423705,59.126376],[11.4253,59.126599],[11.427548,59.126788]],[[11.587586,58.958036],[11.587791,58.957967]],[[11.550924,58.96829],[11.550902,58.968181]],[[11.633613,58.941126],[11.633728,58.941138]],[[11.667613,58.937371],[11.668439,58.936897],[11.669121,58.936305],[11.669469,58.935823],[11.669817,58.934898]],[[11.647741,58.942695],[11.650073,58.942904],[11.651527,58.942883],[11.653095,58.942703],[11.655288,58.942231]],[[11.655288,58.942231],[11.659707,58.941174],[11.66115,58.940704],[11.662117,58.94022],[11.663389,58.939175],[11.664127,58.938709],[11.666835,58.937692]],[[11.588575,58.957659],[11.591214,58.956369],[11.592,58.955894],[11.592787,58.955157],[11.594928,58.952496],[11.595878,58.951877],[11.597109,58.951414]],[[11.600373,58.950391],[11.605232,58.948799],[11.613057,58.945246],[11.615127,58.944435],[11.617883,58.943577],[11.625439,58.941581]],[[11.550902,58.968181],[11.550902,58.967315],[11.551361,58.966474],[11.552349,58.965726],[11.553687,58.965199],[11.568209,58.962614],[11.570036,58.962211],[11.571891,58.961553],[11.576985,58.959251],[11.57841,58.958808],[11.5799,58.958615],[11.585406,58.958466],[11.586464,58.958315],[11.587586,58.958036]],[[11.189593,59.203964],[11.18936,59.202713],[11.189542,59.201962],[11.189821,59.201466],[11.190787,59.200472],[11.19174,59.199894],[11.192836,59.199379]],[[11.190159,59.207284],[11.190067,59.205784],[11.189624,59.204077]],[[11.189267,59.212559],[11.190159,59.207284]],[[11.334937,59.119296],[11.33519,59.11925]],[[11.332109,59.119374],[11.332408,59.119396]],[[11.189624,59.204077],[11.189593,59.203964]],[[11.206345,59.180844],[11.206797,59.18074]],[[11.241679,59.155874],[11.238088,59.160729],[11.236555,59.163952]],[[11.28386,59.130863],[11.28827,59.127779]],[[11.33519,59.11925],[11.336542,59.118896],[11.339354,59.117735],[11.340313,59.117512],[11.341406,59.117386]],[[11.241679,59.155874],[11.242009,59.155414]],[[11.358716,59.118263],[11.359063,59.118279]],[[11.359063,59.118279],[11.360584,59.118428],[11.362183,59.118729]],[[11.332408,59.119396],[11.333839,59.119451],[11.334512,59.119363]],[[11.294196,59.12431],[11.296173,59.123638]],[[11.206797,59.18074],[11.212057,59.180143]],[[11.146242,59.263164],[11.161682,59.250957],[11.162599,59.250126],[11.163267,59.249174],[11.163605,59.248059],[11.163564,59.247208],[11.163055,59.245305],[11.163152,59.243987],[11.163846,59.24264],[11.164464,59.241955],[11.165434,59.241129]],[[8.806328,58.734403],[8.805104,58.733864]],[[8.859623,58.765847],[8.860486,58.764348],[8.860533,58.763801],[8.860386,58.763298],[8.859876,58.762633],[8.859248,58.762176],[8.858498,58.761813],[8.857277,58.761419]],[[6.357012,58.329509],[6.356976,58.329475]],[[6.357104,58.329599],[6.357062,58.329562]],[[6.357062,58.329562],[6.357012,58.329509]],[[6.357106,58.329556],[6.357108,58.32949]],[[9.370492,59.529415],[9.368793,59.529035],[9.36762,59.528643],[9.364128,59.526892],[9.357042,59.523784],[9.355795,59.52339],[9.353219,59.522855],[9.351983,59.522475],[9.350811,59.521862],[9.349158,59.520601]],[[9.368966,59.546244],[9.367736,59.544638],[9.367516,59.543991],[9.367484,59.543314],[9.36786,59.542239],[9.36973,59.539687],[9.370029,59.538812],[9.370136,59.537766]],[[9.385209,59.593597],[9.383961,59.592753],[9.383547,59.592284],[9.383274,59.591745],[9.383213,59.591026],[9.383657,59.589714],[9.383724,59.588997],[9.383575,59.588364],[9.38289,59.58688],[9.382749,59.585414],[9.382545,59.584822],[9.381765,59.583948],[9.379884,59.582689],[9.378745,59.581782],[9.376973,59.579794]],[[9.46856,59.624189],[9.468193,59.623371],[9.468115,59.62254]],[[9.378693,59.535132],[9.380997,59.535691],[9.382405,59.535857]],[[9.468123,59.622456],[9.468443,59.621608],[9.469057,59.62083]],[[9.384772,59.564066],[9.384767,59.563976]],[[9.469057,59.62083],[9.469122,59.62076]],[[9.376164,59.53132],[9.375814,59.531275]],[[9.469821,59.626709],[9.46978,59.626626]],[[9.48605,59.629],[9.485874,59.628981]],[[9.369023,59.546328],[9.368966,59.546244]],[[9.468115,59.62254],[9.468123,59.622456]],[[9.379696,59.573461],[9.379753,59.573378]],[[9.54242,59.630097],[9.542312,59.630131]],[[9.382924,59.559432],[9.382901,59.559351]],[[9.46978,59.626626],[9.4686,59.624269]],[[9.4686,59.624269],[9.46856,59.624189]],[[9.37501,59.555238],[9.374913,59.555171]],[[9.390471,59.595397],[9.390269,59.595346]],[[9.523845,59.632325],[9.5237,59.632346]],[[9.384777,59.564128],[9.384772,59.564066]],[[9.376973,59.579794],[9.376918,59.579708]],[[9.379753,59.573378],[9.382877,59.569933]],[[9.381515,59.530673],[9.378558,59.531305],[9.377393,59.531381],[9.376164,59.53132]],[[9.382877,59.569933],[9.384278,59.568513],[9.38481,59.567597],[9.38495,59.566789],[9.384777,59.564128]],[[9.539812,59.630539],[9.536777,59.630567],[9.534484,59.630731],[9.523845,59.632325]],[[9.5237,59.632346],[9.520187,59.632883],[9.518459,59.633044],[9.516316,59.633003],[9.514473,59.632747]],[[9.384253,59.53586],[9.384591,59.535842]],[[9.398164,59.598448],[9.396395,59.597864],[9.393021,59.596222],[9.390471,59.595397]],[[9.598056,59.63393],[9.596198,59.6341],[9.594525,59.634475],[9.59312,59.635046],[9.59201,59.635793]],[[9.469122,59.62076],[9.469719,59.619794],[9.469749,59.619262],[9.469598,59.618781],[9.468798,59.617901],[9.468163,59.61752],[9.467382,59.617198]],[[9.383578,59.561297],[9.383137,59.560578],[9.382924,59.559432]],[[9.485874,59.628981],[9.482837,59.628658],[9.481123,59.628615],[9.47953,59.628732],[9.477067,59.629158],[9.475585,59.629267],[9.474009,59.629145],[9.472817,59.628871]],[[9.377715,59.535009],[9.378693,59.535132]],[[9.382901,59.559351],[9.382314,59.558425],[9.381267,59.55768],[9.380188,59.557225],[9.376781,59.556169],[9.375844,59.555741],[9.37501,59.555238]],[[9.376918,59.579708],[9.376647,59.578942],[9.376791,59.578094],[9.377252,59.577422],[9.378753,59.575988],[9.379057,59.575389],[9.379213,59.574664]],[[9.382566,59.530551],[9.381515,59.530673]],[[9.374913,59.555171],[9.374,59.554446],[9.373028,59.553471],[9.371454,59.551032],[9.369872,59.549337],[9.369584,59.548708],[9.369427,59.547214],[9.369023,59.546328]],[[9.382405,59.535857],[9.384253,59.53586]],[[9.343851,59.516672],[9.343395,59.516163],[9.343192,59.515742],[9.343187,59.514319],[9.342995,59.513738],[9.341512,59.512126],[9.341033,59.511094],[9.341246,59.509154],[9.341005,59.50738],[9.341661,59.504985]],[[9.498197,59.630214],[9.497026,59.630197]],[[9.466493,59.616898],[9.463949,59.616014],[9.462272,59.615271],[9.460849,59.614486],[9.458102,59.612706],[9.457135,59.612222]],[[9.23003,62.002413],[9.228463,62.003119],[9.227437,62.003946],[9.226947,62.004753],[9.226342,62.007555],[9.225482,62.009241],[9.223982,62.010899],[9.222869,62.01176],[9.221506,62.012613]],[[9.243143,61.998738],[9.242951,61.998813]],[[15.463685,66.745594],[15.463849,66.747674],[15.464912,66.752105],[15.467376,66.757695],[15.467847,66.759129],[15.467975,66.761541],[15.467717,66.762705],[15.467372,66.763301],[15.466493,66.764136],[15.46382,66.766009],[15.46298,66.766819],[15.461312,66.768825],[15.459608,66.772126],[15.457271,66.774545],[15.456241,66.77517],[15.453034,66.776694],[15.45031,66.778595],[15.446339,66.781046],[15.442089,66.783304],[15.439884,66.784974],[15.438071,66.786165],[15.433236,66.788657],[15.430142,66.790556]],[[15.461083,66.741479],[15.462482,66.742434],[15.46328,66.743294],[15.46358,66.743978],[15.463683,66.745495]],[[12.356866,58.68589],[12.356837,58.686059]],[[12.356837,58.686059],[12.356114,58.690711],[12.355662,58.692761],[12.354894,58.695262],[12.353945,58.697515],[12.352916,58.699528],[12.35136,58.702036]],[[9.613436,59.629919],[9.61202,59.630427],[9.609652,59.631697]],[[9.635127,59.636216],[9.635087,59.636111]],[[9.624131,59.631303],[9.622646,59.630893]],[[9.64198,59.674044],[9.641854,59.673995]],[[9.613597,59.629878],[9.613436,59.629919]],[[9.625585,59.631654],[9.625396,59.631619]],[[9.635087,59.636111],[9.635163,59.634269],[9.634927,59.633699],[9.634591,59.633277]],[[9.622646,59.630893],[9.62145,59.630564]],[[9.625396,59.631619],[9.624131,59.631303]],[[9.641854,59.673995],[9.641121,59.673638],[9.640402,59.673124]],[[9.645803,59.674359],[9.644117,59.674444]],[[14.13377,66.307885],[14.13182,66.312374]],[[14.130971,66.314319],[14.130621,66.315556],[14.1308,66.316051],[14.131261,66.316574]],[[14.34829,66.348665],[14.347643,66.34976]],[[14.347643,66.34976],[14.346615,66.350498],[14.345331,66.351069],[14.340888,66.352223],[14.339246,66.352844],[14.337945,66.353705],[14.337308,66.354601],[14.337213,66.355214],[14.337367,66.355847],[14.338529,66.358572],[14.33912,66.359478],[14.339775,66.360025],[14.340588,66.360486],[14.343117,66.361392]],[[14.329428,66.341098],[14.330513,66.34172],[14.331989,66.342279]],[[14.331989,66.342279],[14.336436,66.343255]],[[14.336436,66.343255],[14.340312,66.344172],[14.34339,66.345065],[14.345682,66.34585],[14.347173,66.346641]],[[14.853964,66.460597],[14.854029,66.460705]],[[14.862659,66.47181],[14.867328,66.476209],[14.871906,66.479575],[14.872481,66.480341],[14.873143,66.482152],[14.873866,66.483046],[14.876408,66.48499],[14.881121,66.488019],[14.882605,66.489124],[14.88401,66.490415],[14.886646,66.493448],[14.88744,66.494061],[14.888739,66.494741],[14.890211,66.495274],[14.897324,66.497199],[14.901839,66.498261],[14.905069,66.499302]],[[14.832146,66.442788],[14.841477,66.447902]],[[15.156366,66.451128],[15.159497,66.45097],[15.163439,66.450582],[15.165541,66.450468],[15.172144,66.45071],[15.178171,66.450752],[15.180595,66.450883],[15.186845,66.451465],[15.190451,66.45172],[15.192331,66.451957],[15.199888,66.4538],[15.203001,66.454775],[15.205668,66.456027],[15.210064,66.458391],[15.212519,66.459908],[15.213667,66.460475],[15.21555,66.461107],[15.220584,66.462251],[15.222774,66.463096],[15.224124,66.463973],[15.226123,66.465954],[15.228793,66.467834],[15.231635,66.471106],[15.232207,66.473489],[15.232993,66.475095],[15.233022,66.476171],[15.231802,66.478989]],[[15.153516,66.451314],[15.1542,66.45125]],[[15.1542,66.45125],[15.156366,66.451128]],[[15.093748,66.469905],[15.100121,66.467711],[15.108361,66.4654],[15.111897,66.46386]],[[15.111897,66.46386],[15.126856,66.458554],[15.12995,66.457644],[15.137154,66.455891],[15.142729,66.454207]],[[15.306589,66.550524],[15.31863,66.560171],[15.320569,66.56142],[15.322544,66.56232],[15.324952,66.563125],[15.326925,66.563628],[15.333492,66.565076]],[[15.371287,66.613283],[15.375381,66.616804],[15.37665,66.618181],[15.385587,66.634297]],[[15.350687,66.576227],[15.351474,66.577418],[15.352415,66.579413],[15.353434,66.582617],[15.353627,66.58445],[15.353414,66.591111],[15.353682,66.592704]],[[15.353682,66.592704],[15.353737,66.592865]],[[15.333492,66.565076],[15.335931,66.565683],[15.337472,66.566265],[15.338724,66.566955],[15.340219,66.568062]],[[15.389499,66.637929],[15.393813,66.641044],[15.397107,66.64265],[15.398249,66.643351],[15.402826,66.647907],[15.403416,66.648763],[15.40362,66.649414],[15.403591,66.650264],[15.403132,66.6523],[15.403437,66.653518]],[[15.433747,66.692181],[15.434674,66.693167],[15.438068,66.69759],[15.439368,66.698765],[15.445713,66.703486],[15.450151,66.707329],[15.451743,66.708544],[15.454085,66.709902],[15.458317,66.711789]],[[15.412794,66.66152],[15.414361,66.6628]],[[15.403437,66.653518],[15.40359,66.653764]],[[15.41262,66.661378],[15.412794,66.66152]],[[15.458317,66.711789],[15.459731,66.712555],[15.460599,66.713289],[15.461171,66.714204],[15.461264,66.715023],[15.460906,66.715947],[15.459501,66.717629],[15.459166,66.718311],[15.459131,66.719235],[15.459625,66.721276],[15.459516,66.722533],[15.458499,66.726064],[15.456291,66.729884],[15.45582,66.733621]],[[15.432153,66.69097],[15.433747,66.692181]],[[15.414361,66.6628],[15.415546,66.664051],[15.415789,66.664677],[15.415784,66.665455],[15.41529,66.666424],[15.413292,66.6685],[15.412923,66.669334],[15.412859,66.670169],[15.413416,66.671544],[15.415839,66.67454],[15.416012,66.675281],[15.41583,66.677229],[15.41609,66.677969],[15.416964,66.678952],[15.41841,66.67984],[15.419496,66.680294],[15.423236,66.68149],[15.424286,66.681934],[15.425341,66.682541],[15.425994,66.683068],[15.42655,66.683748],[15.426943,66.685051]],[[15.426943,66.685051],[15.427182,66.686154],[15.4276,66.687058],[15.428357,66.688059],[15.429422,66.68903]],[[15.40359,66.653764],[15.404537,66.654769],[15.41262,66.661378]],[[9.103829,59.042968],[9.105207,59.041759],[9.109031,59.037291],[9.112163,59.034567],[9.11384,59.032413],[9.118261,59.02795],[9.119712,59.025845],[9.120779,59.024655],[9.123922,59.022128],[9.127159,59.020108],[9.129675,59.01825],[9.132663,59.015144],[9.135547,59.013098]],[[9.088572,59.048279],[9.088672,59.048229]],[[9.087386,59.049129],[9.087861,59.0487]],[[9.087861,59.0487],[9.088572,59.048279]],[[10.459354,63.438252],[10.46547,63.436585],[10.467273,63.436295],[10.469264,63.436148]],[[10.542084,63.429901],[10.544284,63.430367],[10.546197,63.430484],[10.548189,63.430314],[10.550201,63.429852]],[[10.661493,63.437782],[10.663288,63.437419],[10.665143,63.437268],[10.667088,63.437323],[10.669982,63.43766],[10.672302,63.43778],[10.674656,63.437708],[10.677113,63.43741]],[[10.736463,63.432317],[10.736629,63.432332]],[[10.692943,63.434392],[10.693107,63.43436]],[[10.681999,63.436488],[10.682185,63.436454]],[[10.736629,63.432332],[10.741914,63.432795],[10.74502,63.432791]],[[10.56873,63.433191],[10.571927,63.433827],[10.575562,63.434808],[10.578426,63.435798],[10.581918,63.437266],[10.58389,63.437926],[10.595081,63.440879],[10.599956,63.441884]],[[10.550201,63.429852],[10.551614,63.42957],[10.55326,63.429379],[10.554675,63.429318],[10.556204,63.429358],[10.557724,63.42951],[10.559247,63.429785],[10.560621,63.430161],[10.561588,63.430529]],[[10.682185,63.436454],[10.692943,63.434392]],[[10.710181,63.432612],[10.712784,63.432293]],[[10.607725,63.440784],[10.609115,63.438876],[10.609742,63.438393],[10.610802,63.437905],[10.612272,63.43753],[10.613892,63.43737],[10.615257,63.437401],[10.617056,63.437666]],[[10.693107,63.43436],[10.696381,63.43379],[10.700202,63.433351]],[[10.617773,63.4378],[10.625185,63.439171]],[[10.657363,63.439975],[10.659574,63.438499],[10.661281,63.437842]],[[10.49917,63.4327],[10.503493,63.432146],[10.510095,63.430716]],[[10.781314,63.41439],[10.782322,63.413581],[10.783296,63.413176],[10.784416,63.412889]],[[10.777693,63.422884],[10.778203,63.422243],[10.778365,63.421814],[10.778447,63.420127],[10.779064,63.418882],[10.779357,63.417563],[10.781314,63.41439]],[[10.754338,63.432876],[10.763564,63.431235],[10.765633,63.430719],[10.767825,63.429939],[10.769943,63.428897],[10.771529,63.427919],[10.77636,63.423947]],[[10.811423,63.531671],[10.812427,63.532025],[10.813827,63.532333],[10.817354,63.532559],[10.818904,63.532801],[10.81984,63.533075],[10.82168,63.533809],[10.822994,63.53413],[10.824232,63.534256],[10.825794,63.534217]],[[10.894033,63.497357],[10.893282,63.497968],[10.892349,63.498503],[10.888158,63.50048],[10.885265,63.501553],[10.882424,63.502232],[10.879471,63.502629],[10.876627,63.502768],[10.874494,63.502724],[10.867003,63.502362]],[[10.860022,63.542718],[10.866002,63.54343],[10.873026,63.544598],[10.875897,63.544828],[10.880059,63.544932],[10.883519,63.544887],[10.885536,63.544694],[10.888594,63.544198],[10.889812,63.544132]],[[10.842848,63.536377],[10.843985,63.536837],[10.846798,63.53837],[10.849245,63.539377],[10.851228,63.540027],[10.854736,63.540979],[10.857931,63.542294],[10.858847,63.54253],[10.860022,63.542718]],[[10.803322,63.511336],[10.803236,63.511444]],[[10.826127,63.534187],[10.826359,63.534167]],[[10.839625,63.507246],[10.832976,63.508222],[10.82978,63.508545],[10.827539,63.508631],[10.819021,63.508666]],[[10.867003,63.502362],[10.864866,63.502332],[10.863268,63.502493],[10.861632,63.502866],[10.860391,63.503348]],[[10.803236,63.511444],[10.802822,63.512266]],[[10.897151,63.545625],[10.899499,63.546371]],[[10.913803,63.45197],[10.913765,63.454466]],[[10.913362,63.474891],[10.913331,63.476286]],[[10.802822,63.512266],[10.801365,63.5175]],[[10.813426,63.508687],[10.811353,63.508701],[10.809821,63.508793],[10.808389,63.508995],[10.807133,63.509278],[10.806051,63.50962],[10.804912,63.510122],[10.80403,63.510674],[10.803322,63.511336]],[[10.909929,63.448604],[10.911474,63.449257],[10.912666,63.450032],[10.91345,63.450904],[10.913803,63.45197]],[[10.826359,63.534167],[10.828383,63.534069],[10.829896,63.534183],[10.841198,63.536012],[10.842669,63.536323]],[[10.902737,63.548522],[10.904014,63.549581],[10.905791,63.550361],[10.906662,63.550848],[10.908026,63.55212],[10.908707,63.55255],[10.910561,63.553206],[10.913992,63.553896]],[[11.199749,63.712049],[11.200127,63.712583],[11.200668,63.71304],[11.201501,63.713496],[11.202449,63.713847],[11.203952,63.714184],[11.207078,63.714611],[11.209919,63.715511],[11.210976,63.715758],[11.213602,63.71605]],[[11.073593,63.643565],[11.07402,63.644449],[11.074716,63.645407],[11.07724,63.647694],[11.079942,63.6496],[11.081139,63.650202],[11.082663,63.650775]],[[11.068564,63.635413],[11.067267,63.635982],[11.066333,63.636799],[11.066081,63.63772],[11.066258,63.638254],[11.066599,63.638691]],[[10.913992,63.553896],[10.91836,63.554897],[10.922824,63.556093],[10.924456,63.556641],[10.933704,63.560136],[10.935918,63.561177],[10.938753,63.562788],[10.941023,63.563699],[10.943126,63.564259],[10.94739,63.565131],[10.950964,63.56597]],[[11.024933,63.590454],[11.025915,63.591149],[11.027196,63.591672],[11.028649,63.592027],[11.032285,63.592666],[11.035695,63.593731],[11.039397,63.594524],[11.040838,63.595163]],[[11.243151,63.715419],[11.245636,63.715226],[11.247749,63.715368],[11.24976,63.715798],[11.252035,63.71664],[11.253585,63.717551],[11.254491,63.71837],[11.256158,63.721356],[11.256885,63.722217],[11.257529,63.722711],[11.258755,63.723418],[11.261283,63.724518],[11.263079,63.725099],[11.264827,63.725551],[11.27163,63.726757],[11.275341,63.727618]],[[11.075323,63.632176],[11.075247,63.632282]],[[11.066599,63.638691],[11.066736,63.638818]],[[11.00291,63.58027],[11.003089,63.580371]],[[11.04202,63.596846],[11.042082,63.59817],[11.041752,63.599185],[11.041067,63.600203],[11.039298,63.601955],[11.039007,63.602472],[11.038932,63.603021],[11.039231,63.60385],[11.040088,63.604667],[11.040975,63.605152],[11.043267,63.606032]],[[11.165748,63.687825],[11.167528,63.688566],[11.16944,63.689102],[11.183602,63.691719],[11.185316,63.692228],[11.186993,63.693013],[11.188282,63.694055],[11.188888,63.69514],[11.188941,63.695956],[11.188624,63.698074],[11.189019,63.699208],[11.193084,63.703751]],[[10.950964,63.56597],[10.956884,63.567083],[10.960648,63.568261],[10.963507,63.568989],[10.966564,63.569942],[10.97075,63.570837],[10.973721,63.571885],[10.974908,63.572103],[10.978021,63.572391],[10.979646,63.572714],[10.984644,63.574398],[10.98885,63.576059],[10.990172,63.576336],[10.992457,63.576599],[10.993889,63.576847],[10.996196,63.57756]],[[10.996196,63.57756],[11.001284,63.579532],[11.00291,63.58027]],[[11.003089,63.580371],[11.011676,63.58573],[11.012902,63.586374],[11.015075,63.587097],[11.018942,63.587828],[11.02102,63.588388],[11.023275,63.589333],[11.024933,63.590454]],[[11.066736,63.638818],[11.067377,63.639255],[11.070893,63.641082],[11.072349,63.64195],[11.073166,63.642728],[11.073593,63.643565]],[[11.043267,63.606032],[11.05577,63.61069]],[[11.275341,63.727618],[11.277579,63.728421],[11.279788,63.729665],[11.280724,63.730071],[11.282953,63.730675],[11.286176,63.731321]],[[11.1346,63.67756],[11.138026,63.678238],[11.142793,63.67933],[11.146864,63.68041],[11.151527,63.681835],[11.155639,63.683285],[11.15972,63.684931],[11.162159,63.686032],[11.165748,63.687825]],[[11.12364,63.675784],[11.124993,63.676547],[11.125932,63.676862],[11.127014,63.677091],[11.128525,63.677237],[11.132024,63.677264],[11.1346,63.67756]],[[11.213602,63.71605],[11.221747,63.716459],[11.226728,63.716524],[11.230129,63.71649],[11.236016,63.716199],[11.239077,63.715918],[11.243151,63.715419]],[[11.468448,63.997415],[11.475563,64.000031],[11.47693,64.000463],[11.484651,64.002183],[11.495411,64.004819]],[[11.472324,63.772408],[11.473735,63.77436],[11.474615,63.776176],[11.474866,63.777655],[11.47467,63.779115]],[[11.446121,63.8308],[11.445802,63.831269],[11.445163,63.831797],[11.444183,63.832281],[11.443228,63.832589],[11.439947,63.833336],[11.435038,63.834306],[11.430661,63.835384],[11.428984,63.835604],[11.427235,63.835678]],[[11.305331,63.746801],[11.305773,63.747]],[[11.495679,64.004887],[11.496259,64.005046]],[[11.421572,63.886849],[11.421783,63.886912]],[[11.421783,63.886912],[11.422745,63.887281],[11.423767,63.8879]],[[11.483558,63.793784],[11.482861,63.795339],[11.48177,63.796625],[11.476125,63.801413],[11.472809,63.803617],[11.469001,63.80555],[11.465463,63.806974],[11.46196,63.808124],[11.456964,63.809459],[11.455361,63.809985]],[[11.413051,63.761079],[11.415476,63.761026],[11.417281,63.761192],[11.418901,63.761596],[11.420678,63.762368],[11.421612,63.762679],[11.422743,63.762896],[11.424007,63.762982],[11.425533,63.762898],[11.427008,63.762592],[11.428017,63.76219],[11.429349,63.76135],[11.430498,63.760809],[11.43199,63.760411],[11.433552,63.760226],[11.435697,63.760267],[11.450507,63.761451]],[[11.434097,63.898115],[11.436597,63.901712],[11.436975,63.902552],[11.437175,63.903523],[11.437049,63.904947],[11.436113,63.907548],[11.435346,63.910632],[11.4345,63.912062],[11.426787,63.921266],[11.425196,63.923537],[11.424354,63.925318],[11.420366,63.93684]],[[11.389934,63.757594],[11.392232,63.758286],[11.394823,63.758624]],[[11.417013,63.885513],[11.418334,63.886127],[11.421572,63.886849]],[[11.473582,63.783176],[11.473515,63.78408],[11.474114,63.784877],[11.47541,63.785547],[11.477305,63.785992]],[[11.439031,63.985862],[11.441354,63.98716],[11.443576,63.988132],[11.447813,63.989609],[11.452542,63.991417],[11.456609,63.992658]],[[11.424253,63.980022],[11.424818,63.980896],[11.425512,63.981488],[11.426488,63.982033],[11.428372,63.982835],[11.430256,63.983511],[11.431591,63.983886],[11.435659,63.984569]],[[11.370648,63.754585],[11.37265,63.754392],[11.375077,63.75435],[11.377032,63.754472],[11.379847,63.754849],[11.382532,63.755347],[11.384829,63.755895],[11.387283,63.756632],[11.389934,63.757594]],[[11.456609,63.992658],[11.45808,63.993103],[11.458991,63.993493],[11.461833,63.99545],[11.462818,63.995931],[11.464046,63.996307],[11.466934,63.996949],[11.468448,63.997415]],[[11.411682,63.961995],[11.411488,63.963416],[11.412221,63.965123],[11.413705,63.967314],[11.416224,63.970128]],[[12.138328,64.179725],[12.140389,64.17969],[12.142634,64.179387],[12.14709,64.178073],[12.149878,64.177491],[12.152282,64.17721],[12.155411,64.177097]],[[11.990951,64.166806],[11.993574,64.167142],[11.998804,64.167389],[12.000791,64.16761],[12.002452,64.167926],[12.00722,64.169137],[12.012467,64.170001],[12.016413,64.170546],[12.017674,64.170663],[12.019187,64.170701],[12.02081,64.17062],[12.022188,64.170454]],[[11.550523,64.038819],[11.551519,64.039191],[11.552811,64.039514],[11.557421,64.040126],[11.561204,64.040409],[11.568747,64.04044],[11.570528,64.040661],[11.572985,64.041208]],[[11.572985,64.041208],[11.575588,64.041856],[11.57758,64.042451],[11.579923,64.043328],[11.581787,64.044212],[11.583284,64.045099],[11.584506,64.046001],[11.588998,64.0499],[11.591043,64.051106],[11.592811,64.051799],[11.594095,64.052176],[11.595548,64.052506],[11.597797,64.052875]],[[12.098009,64.177882],[12.100215,64.178447],[12.102216,64.178732],[12.10943,64.179145],[12.120998,64.180078],[12.123885,64.180069],[12.128495,64.179658],[12.130365,64.17957],[12.138328,64.179725]],[[11.791599,64.129101],[11.793293,64.128894],[11.795201,64.12881],[11.797108,64.128901],[11.798578,64.129096],[11.803188,64.13015],[11.807125,64.130682],[11.808564,64.130943],[11.813806,64.132389],[11.821517,64.133898],[11.831434,64.136279]],[[11.940541,64.148523],[11.9427,64.149437],[11.945395,64.150764],[11.947861,64.151689],[11.950603,64.15246],[11.956136,64.153685],[11.958392,64.154293],[11.96014,64.154904],[11.964193,64.15661],[11.971713,64.158494],[11.973334,64.159047],[11.974918,64.159763]],[[12.265372,64.214975],[12.275777,64.218896],[12.279647,64.220116],[12.283383,64.221034],[12.302152,64.225141],[12.316865,64.228774],[12.325397,64.23069],[12.327014,64.231185],[12.330598,64.23259],[12.333409,64.233576],[12.3391,64.23523]],[[12.368821,64.240835],[12.370387,64.241185],[12.371941,64.241716],[12.376954,64.244362]],[[11.891749,64.13516],[11.90453,64.133568],[11.907035,64.133584],[11.908442,64.133746],[11.909541,64.133961],[11.910818,64.134333],[11.911777,64.134732],[11.919542,64.139],[11.921154,64.13955],[11.925028,64.140486],[11.926617,64.14107],[11.930124,64.143207],[11.932607,64.144362]],[[11.597797,64.052875],[11.599461,64.053256],[11.600707,64.053783],[11.60315,64.055291],[11.603593,64.055688],[11.603924,64.056232],[11.603981,64.056871],[11.60362,64.057592],[11.602968,64.058145],[11.601591,64.058968],[11.600963,64.05959],[11.600724,64.060469],[11.601048,64.0612],[11.602599,64.062443],[11.605287,64.063887],[11.607307,64.065287],[11.608373,64.065865]],[[11.835409,64.136665],[11.838986,64.136782],[11.841965,64.137105],[11.844582,64.137588],[11.84757,64.138329],[11.849072,64.138548],[11.850861,64.138636],[11.855041,64.138656],[11.860191,64.13847],[11.866674,64.137953],[11.868266,64.137968],[11.872683,64.138287],[11.875449,64.138234],[11.877095,64.138011],[11.878288,64.137732],[11.879529,64.1373],[11.881421,64.13645],[11.882616,64.136072]],[[11.980538,64.162815],[11.984983,64.164277]],[[11.649151,64.10491],[11.656831,64.107736],[11.658752,64.108685],[11.661997,64.110613],[11.664122,64.111611],[11.66723,64.112713],[11.670126,64.113468],[11.672788,64.11398],[11.677216,64.114582],[11.705991,64.117403]],[[11.932607,64.144362],[11.936069,64.145357],[11.937144,64.145813]],[[11.635254,64.082866],[11.63629,64.084283],[11.63645,64.085688],[11.635876,64.087359],[11.635201,64.088669],[11.634661,64.089412],[11.633563,64.090443]],[[11.542846,64.035987],[11.544682,64.036191],[11.546003,64.036515],[11.547125,64.036991],[11.549341,64.038201]],[[11.620516,64.072792],[11.622748,64.074144],[11.634177,64.081837]],[[11.641177,64.0995],[11.642215,64.099997],[11.643134,64.100612],[11.643951,64.101447],[11.64475,64.102604],[11.64574,64.103429],[11.646887,64.104052],[11.649151,64.10491]],[[12.378121,64.381662],[12.376193,64.381371],[12.37436,64.381338],[12.372733,64.381518],[12.371182,64.381903],[12.370046,64.382407],[12.36928,64.382997],[12.36822,64.38489]],[[12.337644,64.443236],[12.336935,64.44407],[12.336665,64.445102],[12.336954,64.446025],[12.337865,64.447388],[12.337797,64.44825],[12.337203,64.448969],[12.334699,64.4507],[12.333875,64.451854]],[[12.388898,64.255355],[12.398597,64.256837],[12.403811,64.25819],[12.414454,64.259989],[12.420967,64.261345],[12.43221,64.2634],[12.436786,64.264026],[12.445439,64.264797]],[[12.339189,64.40403],[12.340381,64.406837],[12.340804,64.407517],[12.341601,64.408357],[12.34349,64.409854],[12.344102,64.410605],[12.344418,64.411278],[12.344508,64.412302],[12.344134,64.413344],[12.343187,64.414437],[12.341924,64.415301],[12.338685,64.416921],[12.337782,64.417644],[12.337238,64.41837]],[[12.384033,64.249919],[12.383797,64.250883]],[[12.471864,64.264923],[12.476301,64.265079],[12.479358,64.265376],[12.485275,64.266416],[12.488317,64.267194],[12.518182,64.277949],[12.528463,64.281958]],[[12.495503,64.380888],[12.494076,64.381823]],[[12.522322,64.364569],[12.521737,64.365632],[12.520316,64.367041]],[[12.559107,64.293245],[12.560246,64.294039],[12.560924,64.294933],[12.561029,64.295887],[12.560576,64.296813]],[[12.445439,64.264797],[12.448132,64.265028],[12.450305,64.265086],[12.452305,64.264907],[12.454567,64.264411]],[[12.522091,64.339044],[12.526383,64.34708],[12.527316,64.349493],[12.527686,64.351608],[12.527767,64.355523],[12.528083,64.357415]],[[12.528083,64.357415],[12.528116,64.35826],[12.527971,64.358687],[12.526957,64.360212],[12.526233,64.360902],[12.524092,64.362125],[12.523223,64.362817],[12.522322,64.364569]],[[12.543844,64.32641],[12.542106,64.329357],[12.541242,64.330289],[12.539558,64.331309],[12.538297,64.331811],[12.537243,64.33212]],[[12.363802,64.510054],[12.364501,64.511557],[12.365691,64.512701],[12.367868,64.513924],[12.370793,64.515084]],[[12.424593,64.537012],[12.426181,64.537012],[12.427802,64.536861],[12.432363,64.535892],[12.435448,64.535497],[12.438368,64.535407],[12.439526,64.535479],[12.440714,64.535656]],[[12.536181,64.607703],[12.537978,64.608444],[12.539466,64.608844],[12.542122,64.609407],[12.543165,64.609736],[12.544149,64.610177],[12.545079,64.610813],[12.545605,64.611435],[12.54584,64.61208],[12.545964,64.613232],[12.546645,64.614109],[12.547206,64.614476],[12.548251,64.614934],[12.549515,64.615269],[12.550712,64.615457]],[[12.459034,64.552594],[12.466629,64.556548],[12.472689,64.560071],[12.474515,64.561311],[12.476693,64.563462],[12.477624,64.564092],[12.479187,64.564739],[12.481663,64.565337]],[[12.604156,64.649056],[12.606755,64.65031],[12.610414,64.651773],[12.61282,64.652575],[12.617923,64.654062],[12.627301,64.657438],[12.629607,64.65835],[12.632199,64.659601],[12.634986,64.661234],[12.637589,64.66292],[12.640481,64.664986]],[[12.694791,64.686749],[12.695632,64.688103],[12.697113,64.689833],[12.698222,64.690789],[12.699719,64.691757],[12.701369,64.692581],[12.703742,64.693499],[12.706228,64.694297],[12.709779,64.695268]],[[12.667598,64.671255],[12.675313,64.677493],[12.676855,64.678495],[12.678968,64.679447],[12.685822,64.681769],[12.692042,64.684351],[12.693683,64.685348],[12.694356,64.68604],[12.694791,64.686749]],[[12.510862,64.586247],[12.511127,64.588547],[12.5118,64.590292],[12.512826,64.591854],[12.514313,64.593379],[12.517313,64.595552],[12.524037,64.59966],[12.525377,64.60078],[12.527124,64.60256],[12.528035,64.603255],[12.53242,64.605739],[12.536181,64.607703]],[[12.640481,64.664986],[12.64145,64.665591],[12.642661,64.66612],[12.64383,64.666483],[12.645434,64.666818],[12.647272,64.667027],[12.650831,64.667118],[12.652589,64.667274],[12.656888,64.668084],[12.661514,64.668622],[12.663038,64.668891],[12.664316,64.669252],[12.665493,64.669742],[12.666378,64.670282],[12.667598,64.671255]],[[12.550712,64.615457],[12.559034,64.616565],[12.561235,64.617031],[12.563872,64.617794],[12.566492,64.618852],[12.581008,64.625903],[12.582864,64.627304],[12.5853,64.630208],[12.58665,64.63138],[12.588548,64.632546],[12.592834,64.634594],[12.59513,64.636106],[12.598517,64.639573],[12.601408,64.642138],[12.602184,64.643075],[12.602696,64.64424],[12.602792,64.647183]],[[12.498035,64.570553],[12.501297,64.572098],[12.504354,64.574091],[12.505719,64.574846],[12.50736,64.57559],[12.51091,64.576935],[12.51257,64.577722],[12.513843,64.578486],[12.514738,64.579344],[12.515198,64.580409],[12.515185,64.580965],[12.514906,64.581692],[12.514017,64.58267],[12.512272,64.583837],[12.511473,64.584581],[12.511036,64.585307],[12.510862,64.586247]],[[12.382373,64.524112],[12.382298,64.524924],[12.381401,64.526062]],[[13.077989,64.911517],[13.116489,64.927015]],[[12.855062,64.757859],[12.856176,64.758394],[12.857015,64.759111],[12.857311,64.759795],[12.857338,64.761032],[12.857722,64.761667],[12.858619,64.762335],[12.860027,64.762906]],[[12.810909,64.738385],[12.81137,64.739611],[12.812463,64.741168],[12.813763,64.742443],[12.815827,64.743931],[12.817228,64.744728],[12.819297,64.745695],[12.820573,64.746129],[12.823279,64.746875],[12.825311,64.747636],[12.826989,64.748522],[12.82886,64.749929]],[[12.82886,64.749929],[12.829962,64.750632],[12.831213,64.751116],[12.837748,64.752552],[12.839405,64.753098],[12.844161,64.754965],[12.846286,64.75554],[12.851492,64.756663],[12.853285,64.757197],[12.855062,64.757859]],[[12.774546,64.718395],[12.775597,64.718892],[12.776612,64.719518],[12.778031,64.720845]],[[13.123556,64.930314],[13.125235,64.931027],[13.127194,64.931456],[13.129414,64.931622],[13.131528,64.931511],[13.133114,64.931241],[13.134801,64.930702],[13.139094,64.928387]],[[13.057807,64.863667],[13.064428,64.874617],[13.065618,64.876918],[13.067794,64.881956],[13.071692,64.888501],[13.072979,64.889855],[13.077821,64.893557],[13.079031,64.894917],[13.079875,64.896453],[13.080245,64.89829],[13.080166,64.899251],[13.079827,64.900377],[13.079171,64.901579],[13.07517,64.907128]],[[12.989187,64.824958],[12.990089,64.825611],[12.991088,64.826611],[12.992251,64.828807],[12.993145,64.829819],[12.994381,64.830613],[12.997591,64.832069],[12.998437,64.832661],[13.000433,64.834389],[13.003934,64.836495],[13.005175,64.837538],[13.006718,64.839331],[13.00801,64.840319],[13.013213,64.84345],[13.022388,64.847337]],[[13.022388,64.847337],[13.023321,64.847685],[13.024528,64.847991],[13.028893,64.848697]],[[13.07517,64.907128],[13.074793,64.908264],[13.075205,64.909542],[13.076261,64.910585],[13.077989,64.911517]],[[12.805909,64.733946],[12.806249,64.734617],[12.80683,64.735163],[12.809184,64.736359],[12.810054,64.736963],[12.810583,64.737568],[12.810909,64.738385]],[[13.35198,65.214024],[13.352894,65.215119],[13.357968,65.21854],[13.358931,65.219519]],[[13.359823,65.155074],[13.360795,65.155465]],[[13.161574,64.926376],[13.161785,64.926472]],[[13.331048,65.084931],[13.3324,65.08652],[13.334708,65.088689],[13.335856,65.090739],[13.336965,65.09217],[13.338593,65.093598],[13.34133,65.095478],[13.342262,65.096266],[13.346101,65.101205]],[[13.394929,65.440159],[13.39118,65.44615],[13.389598,65.448281],[13.388943,65.450423],[13.388249,65.45112],[13.386738,65.45217],[13.386115,65.452891]],[[13.289818,65.036617],[13.295674,65.038318],[13.297973,65.039083],[13.299983,65.039887],[13.304342,65.041918],[13.306552,65.042824],[13.315905,65.045913],[13.318572,65.046917],[13.320764,65.047864],[13.322769,65.049066],[13.324049,65.050199],[13.326941,65.054449],[13.328807,65.056492]],[[13.195041,64.952428],[13.198124,64.953719],[13.202349,64.955142],[13.205418,64.956276],[13.226293,64.964871],[13.230214,64.966835],[13.23315,64.968792],[13.259096,64.992642],[13.260584,64.994188],[13.261853,64.996009],[13.262684,64.997935],[13.26454,65.004295],[13.264587,65.005675],[13.264346,65.00671]],[[13.161785,64.926472],[13.169817,64.930235]],[[13.379584,65.40248],[13.380453,65.403321],[13.3815,65.40518],[13.382963,65.41058],[13.383498,65.411945],[13.384137,65.412996],[13.386787,65.416508],[13.387497,65.417977],[13.387628,65.418925],[13.387195,65.42086],[13.387371,65.421487],[13.388424,65.423363],[13.388447,65.424023],[13.38815,65.425357]],[[13.261792,65.01139],[13.260901,65.012647],[13.259201,65.014254],[13.258938,65.014901],[13.259001,65.015433],[13.262251,65.020372],[13.263134,65.02126],[13.26534,65.022928],[13.266118,65.024599],[13.26653,65.025075],[13.267538,65.025721],[13.271135,65.027328],[13.276285,65.029224],[13.277118,65.029738],[13.278524,65.030989],[13.27938,65.031454],[13.280358,65.031797],[13.282722,65.03237],[13.283706,65.032692]],[[13.346101,65.101205],[13.346528,65.101838],[13.346773,65.102706],[13.346685,65.103372],[13.346354,65.104035],[13.345287,65.105076],[13.341878,65.106913],[13.34073,65.107893],[13.340341,65.108857],[13.340374,65.110551],[13.338999,65.112711],[13.33907,65.114334],[13.338858,65.114968],[13.33834,65.115625],[13.337812,65.116043],[13.335491,65.117321],[13.334728,65.117979],[13.333534,65.119803],[13.331776,65.121701],[13.331551,65.122323],[13.331627,65.123072]],[[13.328807,65.056492],[13.329504,65.057498],[13.329655,65.058518]],[[13.283706,65.032692],[13.285139,65.033464],[13.286695,65.034957],[13.287697,65.035677],[13.288651,65.036185],[13.289818,65.036617]],[[13.221835,65.712307],[13.219,65.712608],[13.217733,65.7129],[13.216582,65.713307],[13.21528,65.713966],[13.214395,65.714577],[13.213865,65.715268],[13.213672,65.71594]],[[13.346765,65.592718],[13.345221,65.593157],[13.34361,65.593437],[13.341979,65.593574],[13.338614,65.593715],[13.336083,65.593929],[13.331736,65.594468],[13.329493,65.594884]],[[13.23472,65.778658],[13.23368,65.781055],[13.231533,65.783038],[13.229719,65.785807],[13.228233,65.786934]],[[13.374314,65.574376],[13.371478,65.578435],[13.36986,65.580384],[13.367367,65.582836],[13.36469,65.584986],[13.360375,65.587805],[13.358817,65.588683],[13.357338,65.589273],[13.35327,65.590497],[13.349621,65.591739]],[[13.213672,65.71594],[13.213268,65.717115],[13.212429,65.718516]],[[13.262664,65.649284],[13.262526,65.650165]],[[13.240985,65.753683],[13.240502,65.756348],[13.24045,65.757819],[13.241393,65.76334],[13.241388,65.764179],[13.240921,65.765455],[13.23999,65.767011],[13.238133,65.768885],[13.237686,65.76957],[13.237415,65.771788],[13.23653,65.774091],[13.236356,65.776588],[13.235909,65.777387],[13.23472,65.778658]],[[13.228233,65.786934],[13.219634,65.792048],[13.216517,65.794978],[13.214168,65.796975],[13.213332,65.798081],[13.213169,65.798847],[13.213261,65.799427],[13.21473,65.802016],[13.215376,65.804078],[13.215441,65.805036],[13.215014,65.806689],[13.215076,65.807446],[13.216339,65.809952],[13.217153,65.81201],[13.217644,65.813823],[13.217683,65.815195]],[[13.233736,65.748539],[13.234464,65.749182],[13.235587,65.749721]],[[13.242783,65.687114],[13.2432,65.68784],[13.245249,65.689309],[13.245763,65.690115]],[[13.268338,65.631864],[13.267976,65.632547],[13.267121,65.633469],[13.261203,65.637722],[13.260594,65.63833],[13.260255,65.638976],[13.26029,65.641264],[13.259841,65.64353],[13.259913,65.644244],[13.260434,65.645172],[13.262094,65.646719],[13.262527,65.647323],[13.262811,65.648167],[13.262664,65.649284]],[[13.251438,65.673127],[13.250141,65.673856],[13.248971,65.674777],[13.24819,65.67578],[13.247758,65.676812]],[[13.196215,65.85083],[13.19639,65.851551],[13.196337,65.852185],[13.194935,65.854293],[13.194757,65.856081],[13.194406,65.857177],[13.193407,65.858553],[13.190834,65.860394],[13.190062,65.861188],[13.189668,65.862052],[13.189683,65.863685],[13.189457,65.864334]],[[12.283702,58.382576],[12.283474,58.382173]],[[9.654485,59.648702],[9.654437,59.648874]],[[9.654635,59.666418],[9.654671,59.666501]],[[9.654671,59.666501],[9.654958,59.667448],[9.654934,59.668267],[9.654554,59.669594],[9.654005,59.670288]],[[9.70541,59.627025],[9.704047,59.62608],[9.702014,59.624381],[9.701267,59.623982],[9.699702,59.623398]],[[9.699702,59.623398],[9.697568,59.622763],[9.696411,59.622528],[9.693626,59.6223],[9.692186,59.622324],[9.690672,59.622544],[9.689455,59.622913],[9.688525,59.623373],[9.687341,59.62427]],[[9.699702,59.623398],[9.698347,59.622925],[9.697137,59.622612],[9.694331,59.622266],[9.693132,59.622218],[9.69217,59.622263],[9.690256,59.622597]],[[9.654437,59.648874],[9.654324,59.649661],[9.654528,59.650437],[9.654912,59.65101],[9.656442,59.652397],[9.656902,59.652968],[9.657629,59.654709],[9.659189,59.657281],[9.659382,59.658362]],[[9.769707,59.671982],[9.769123,59.671183],[9.768534,59.670616]],[[9.870878,59.737878],[9.869989,59.736737],[9.868173,59.735238]],[[9.82071,59.715496],[9.814166,59.710647],[9.811665,59.708908]],[[9.864539,59.731168],[9.864307,59.730315],[9.863947,59.72964],[9.861147,59.726153]],[[9.870945,59.737957],[9.870878,59.737878]],[[9.805389,59.705219],[9.805258,59.705164]],[[9.791245,59.692771],[9.791267,59.692708]],[[9.718118,59.636578],[9.718075,59.636524]],[[9.811665,59.708908],[9.811566,59.70884]],[[9.724639,59.639066],[9.724509,59.63904]],[[9.833138,59.716829],[9.83286,59.716835]],[[9.713741,59.632739],[9.713695,59.632674]],[[9.789923,59.689266],[9.789863,59.689211]],[[9.794863,59.696965],[9.79471,59.696855]],[[9.861147,59.726153],[9.861098,59.726091]],[[9.769779,59.672076],[9.769707,59.671982]],[[9.739176,59.648669],[9.738429,59.647097],[9.7379,59.646289],[9.7371,59.645451],[9.736061,59.644651],[9.728153,59.640147],[9.726543,59.639517],[9.724639,59.639066]],[[9.718075,59.636524],[9.717565,59.636026],[9.715963,59.634932],[9.713741,59.632739]],[[9.791267,59.692708],[9.791524,59.691776],[9.791422,59.691023],[9.790948,59.690236],[9.789923,59.689266]],[[9.763141,59.664998],[9.763782,59.665666],[9.764848,59.667225],[9.76558,59.668065],[9.768534,59.670616]],[[9.768534,59.670616],[9.766505,59.669032],[9.765389,59.667971],[9.763141,59.664998]],[[9.79471,59.696855],[9.792486,59.695583],[9.791671,59.694886],[9.791127,59.6938],[9.791245,59.692771]],[[9.779392,59.679538],[9.777354,59.678147],[9.774997,59.675992],[9.771681,59.673944],[9.769779,59.672076]],[[9.713695,59.632674],[9.713072,59.63117],[9.712279,59.63033],[9.71139,59.629835],[9.70807,59.628476],[9.705512,59.627089]],[[9.861098,59.726091],[9.860122,59.724908],[9.859491,59.724362],[9.855991,59.722467],[9.850985,59.718167],[9.850101,59.717629],[9.849075,59.717205],[9.847186,59.716746],[9.845303,59.716583],[9.833138,59.716829]],[[9.789863,59.689211],[9.785432,59.68527],[9.784704,59.684817],[9.782741,59.683858],[9.782041,59.683345],[9.7814,59.682547],[9.780655,59.68063],[9.78014,59.680078],[9.779542,59.679636]],[[9.162409,59.391581],[9.157053,59.394044],[9.155937,59.394461],[9.154539,59.394782],[9.14947,59.395411],[9.147692,59.395815],[9.146045,59.396368]],[[9.170091,59.388239],[9.168143,59.388482]],[[9.181363,59.39044],[9.181154,59.390372]],[[9.172864,59.388283],[9.171404,59.388171],[9.170091,59.388239]],[[9.129748,62.074984],[9.130468,62.075932],[9.131018,62.076946]],[[9.904494,59.770704],[9.904736,59.770563]],[[9.877386,59.744945],[9.877307,59.744855]],[[9.877307,59.744855],[9.876804,59.744035],[9.876211,59.74167],[9.875824,59.740987],[9.874684,59.740029],[9.872314,59.738948]],[[9.676033,61.662896],[9.67572,61.662903]],[[9.676839,61.662883],[9.676033,61.662896]],[[10.005661,59.751717],[10.001852,59.752188]],[[10.031486,59.752663],[10.031323,59.752606]],[[10.031323,59.752606],[10.030713,59.752395]],[[10.030713,59.752395],[10.030545,59.752338]],[[10.061144,59.751862],[10.060985,59.75195]],[[9.97143,59.757902],[9.968115,59.758713],[9.96573,59.759102],[9.957114,59.759732]],[[10.071841,59.748879],[10.069343,59.749171],[10.066837,59.749664],[10.06465,59.750295],[10.062879,59.750985]],[[10.017594,59.750667],[10.013509,59.750789],[10.005661,59.751717]],[[10.060985,59.75195],[10.058926,59.753056],[10.057504,59.753599],[10.05594,59.753975],[10.052714,59.754537],[10.051258,59.754672],[10.047692,59.754689],[10.043762,59.7549],[10.042634,59.754853],[10.041117,59.754663]],[[9.935583,59.760847],[9.930445,59.760148],[9.928478,59.760002],[9.925727,59.760083],[9.923124,59.76048],[9.920279,59.761268],[9.917995,59.762231],[9.91657,59.763078],[9.912706,59.765777]],[[10.147593,59.744622],[10.122845,59.746079],[10.119797,59.746065],[10.109886,59.74557],[10.106037,59.7456],[10.103521,59.745775],[10.09035,59.747066]],[[10.09035,59.747066],[10.076938,59.748379]],[[12.709373,58.009241],[12.71006,58.009496]],[[12.709456,58.009214],[12.691974,58.001781],[12.683788,57.998216],[12.671428,57.993391],[12.668074,57.992307],[12.653438,57.988556]],[[12.653438,57.988556],[12.650898,57.987907]],[[8.706387,58.616264],[8.70643,58.616205]],[[8.683191,58.461747],[8.683301,58.461723]],[[8.655089,58.654331],[8.655154,58.654294]],[[8.71055,58.597299],[8.710659,58.597091]],[[8.655229,58.464374],[8.655363,58.464402]],[[8.70643,58.616205],[8.707194,58.614539],[8.707464,58.613632],[8.707427,58.612811],[8.707026,58.611591],[8.707048,58.611046],[8.707266,58.610561],[8.70802,58.609643],[8.708198,58.609012],[8.707984,58.608304],[8.707183,58.607409],[8.70694,58.606982],[8.706865,58.606392],[8.706997,58.605549],[8.707529,58.604677],[8.709172,58.60361],[8.709753,58.602908],[8.709869,58.602315],[8.709638,58.600906],[8.710126,58.599632],[8.710401,58.598005]],[[8.710659,58.597091],[8.711227,58.596486]],[[8.683301,58.461723],[8.684791,58.461554],[8.686467,58.4617],[8.691679,58.463409],[8.692928,58.463674],[8.694378,58.463712],[8.697343,58.463443],[8.698455,58.463468],[8.699277,58.463568],[8.700752,58.463967],[8.702977,58.465177],[8.70398,58.46556],[8.705654,58.465898],[8.707798,58.465995]],[[8.655363,58.464402],[8.656197,58.464645],[8.656819,58.464927],[8.658654,58.466222],[8.660445,58.467314],[8.66207,58.468212],[8.663135,58.468576],[8.664052,58.468733],[8.664886,58.468779],[8.667483,58.468617],[8.66926,58.468641],[8.670807,58.468825],[8.672925,58.46925],[8.673721,58.469317],[8.674661,58.469294],[8.675949,58.469074],[8.677992,58.468424],[8.679139,58.467947],[8.679768,58.467491],[8.680143,58.467002],[8.680272,58.466625],[8.680554,58.464194],[8.680858,58.463109],[8.681274,58.462632],[8.681732,58.46231],[8.682403,58.461991],[8.683191,58.461747]],[[8.655154,58.654294],[8.655746,58.653885],[8.656854,58.652866],[8.658371,58.652144],[8.671544,58.647813],[8.672474,58.647415],[8.672969,58.647083],[8.673438,58.646554],[8.673598,58.646167],[8.673722,58.645017],[8.674225,58.644337],[8.674876,58.643898],[8.675643,58.643577],[8.676504,58.643361],[8.678483,58.643023],[8.679715,58.642536],[8.68032,58.642092],[8.680678,58.641627],[8.680836,58.641081],[8.680725,58.640517]],[[8.711227,58.596486],[8.712447,58.595699],[8.712966,58.595055],[8.713079,58.594329],[8.712494,58.593086],[8.712465,58.592503],[8.712772,58.591875],[8.713855,58.590711],[8.713981,58.589839],[8.713111,58.587992],[8.711823,58.586575],[8.711521,58.584915],[8.710535,58.583801],[8.710204,58.583255],[8.710055,58.582717],[8.709909,58.580698],[8.709752,58.580269],[8.709236,58.579678],[8.707515,58.578511],[8.706164,58.576906]],[[8.572774,58.64432],[8.569888,58.641962],[8.569253,58.641308],[8.568609,58.640412]],[[8.739931,58.696969],[8.739672,58.696322],[8.73921,58.695724],[8.738538,58.695173],[8.737823,58.694751],[8.734536,58.693178],[8.733142,58.692784],[8.731664,58.692548]],[[8.660411,58.657355],[8.658906,58.656851]],[[8.522213,58.629527],[8.522029,58.629667]],[[8.655426,58.6566],[8.654034,58.656845]],[[8.587467,58.649884],[8.585183,58.648915]],[[8.568609,58.640412],[8.56789,58.639487]],[[8.7052,58.680773],[8.705062,58.680742]],[[8.614334,58.657526],[8.610912,58.657656],[8.608128,58.657485],[8.606143,58.657199],[8.601986,58.656442],[8.597225,58.655921],[8.595384,58.655594],[8.593314,58.654957],[8.591471,58.654011],[8.590155,58.65288],[8.589471,58.651614]],[[8.676546,58.658934],[8.676617,58.658124],[8.676182,58.657286],[8.675167,58.656518],[8.673937,58.656035]],[[8.517876,58.631273],[8.515911,58.631888],[8.513038,58.633221],[8.510255,58.63388],[8.508627,58.63443],[8.507378,58.635088],[8.505448,58.6365],[8.504357,58.637082],[8.503609,58.637326],[8.502638,58.637526],[8.501182,58.637623],[8.499734,58.637505],[8.498659,58.637261],[8.496197,58.636212],[8.493675,58.635431],[8.49265,58.634991],[8.492021,58.634558],[8.491591,58.634099],[8.490996,58.632659],[8.490655,58.632168],[8.490172,58.631748],[8.489363,58.631286]],[[8.658906,58.656851],[8.657819,58.656629],[8.65707,58.656557],[8.655426,58.6566]],[[8.670283,58.655786],[8.668828,58.656101],[8.667855,58.656488]],[[8.667855,58.656488],[8.666077,58.657356],[8.664365,58.657731],[8.663398,58.657795],[8.662306,58.657751],[8.661377,58.657614],[8.660411,58.657355]],[[9.660542,59.137749],[9.660071,59.138126]],[[9.659251,59.143419],[9.660177,59.145444]],[[9.616062,59.203118],[9.615751,59.20357]],[[9.623267,59.193172],[9.622175,59.195991]],[[9.646337,59.163977],[9.645607,59.165118],[9.644307,59.16849],[9.64153,59.172804]],[[9.615751,59.20357],[9.615628,59.203817]],[[9.605322,59.21782],[9.605231,59.217894]],[[9.571667,59.253763],[9.565417,59.255042]],[[9.573863,59.252672],[9.572835,59.253351],[9.571667,59.253763]],[[9.607981,59.215492],[9.607124,59.216353],[9.605322,59.21782]],[[9.599405,59.222847],[9.598461,59.223717]],[[9.544834,59.261061],[9.544324,59.261271]],[[9.553549,59.255724],[9.553483,59.255723]],[[9.53606,59.268313],[9.535319,59.26918],[9.535004,59.270814],[9.534522,59.271679]],[[9.679576,59.126016],[9.681387,59.125406],[9.682922,59.124704],[9.684233,59.123891],[9.686322,59.122303]],[[9.67634,59.127685],[9.678008,59.126639],[9.679576,59.126016]],[[9.702825,59.123167],[9.703731,59.121814]],[[9.689373,59.101692],[9.688586,59.101416],[9.687982,59.101015]],[[9.687982,59.101015],[9.686382,59.099535]],[[9.697566,59.081252],[9.697388,59.08081],[9.696921,59.08037],[9.694591,59.079274],[9.69397,59.078754],[9.693177,59.077666],[9.69222,59.077115]],[[9.688818,59.07512],[9.688558,59.073281]],[[9.534522,59.271679],[9.532747,59.27381],[9.531898,59.275805],[9.531474,59.27641],[9.530263,59.277472],[9.528495,59.278673]],[[9.525377,59.280693],[9.524601,59.281298]],[[9.516963,59.287118],[9.515994,59.287662],[9.515173,59.287971],[9.512234,59.288567],[9.50842,59.289571],[9.507408,59.290003],[9.506751,59.290508]],[[9.506751,59.290508],[9.506616,59.290664]],[[9.490014,59.299229],[9.482406,59.301037]],[[9.450238,59.313595],[9.449131,59.313684],[9.44821,59.31367],[9.446461,59.313425],[9.445047,59.31295],[9.443483,59.312076],[9.442724,59.311748],[9.441326,59.311399],[9.440029,59.311278],[9.438186,59.311399],[9.435164,59.312047],[9.433428,59.312332],[9.431458,59.312557],[9.429404,59.312688],[9.426123,59.31268],[9.418383,59.312172]],[[9.482406,59.301037],[9.481261,59.30142],[9.480506,59.301886],[9.478336,59.304319]],[[9.382991,59.309369],[9.381556,59.309459],[9.380129,59.309305]],[[9.350373,59.323707],[9.350406,59.324032]],[[9.3532,59.32737],[9.353891,59.327812]],[[9.345121,59.337965],[9.345127,59.337984]],[[9.347767,59.34381],[9.347778,59.34384]],[[9.347778,59.34384],[9.348266,59.345588]],[[9.348312,59.347383],[9.347504,59.349967],[9.347331,59.352577]],[[9.354327,59.366103],[9.353822,59.36766],[9.353372,59.368167],[9.352315,59.368876],[9.351779,59.369361],[9.3515,59.369867],[9.351448,59.370411]],[[9.346688,59.356978],[9.346665,59.357681],[9.347143,59.358437],[9.348071,59.359044],[9.349275,59.359439]],[[9.35435,59.366069],[9.354327,59.366103]],[[9.351827,59.374196],[9.349714,59.375741],[9.347309,59.377114],[9.345143,59.378593],[9.343496,59.379297],[9.341522,59.379833]],[[9.332221,59.383758],[9.331879,59.384226]],[[9.320419,59.394599],[9.320103,59.395083],[9.319969,59.395616]],[[9.3394,59.380276],[9.337597,59.3809]],[[9.319969,59.395616],[9.319902,59.396608]],[[9.323536,59.416149],[9.323481,59.416338]],[[9.329984,59.40776],[9.330905,59.408246],[9.331455,59.408785],[9.331691,59.409359],[9.331583,59.410036],[9.33096,59.410925],[9.330203,59.411533],[9.329271,59.411979],[9.327959,59.412329]],[[9.323377,59.414971],[9.323322,59.413796],[9.323644,59.413176],[9.324116,59.412702]],[[9.318005,59.423504],[9.319948,59.421155],[9.322493,59.418644],[9.322925,59.417927],[9.323218,59.416969]],[[10.626643,62.128465],[10.626639,62.128573]],[[10.619593,62.169959],[10.62151,62.171386],[10.623219,62.173001],[10.624702,62.174946],[10.626108,62.177569],[10.626823,62.178216],[10.628936,62.179665],[10.629573,62.180288],[10.632734,62.184351],[10.63441,62.186096],[10.635782,62.18829],[10.636716,62.189009],[10.637873,62.189616]],[[12.363807,58.658561],[12.362212,58.661282],[12.360652,58.664934],[12.359816,58.668023],[12.359013,58.672756]],[[12.363877,58.658454],[12.363807,58.658561]],[[12.394186,58.60898],[12.396327,58.612922],[12.397398,58.616023],[12.397824,58.619205],[12.397771,58.620874],[12.397439,58.623023],[12.397058,58.624398],[12.396347,58.626191],[12.39555,58.627762],[12.394636,58.629219],[12.393511,58.630729],[12.391926,58.632523],[12.390145,58.634231],[12.388683,58.635461]],[[12.394186,58.60898],[12.394016,58.608687]],[[12.4568,58.693244],[12.449961,58.685867],[12.448659,58.684292],[12.412487,58.63407]],[[12.394415,58.608966],[12.394216,58.608689]],[[10.210208,59.737815],[10.211064,59.737401]],[[10.2092,59.738394],[10.208906,59.738552]],[[11.112683,59.612788],[11.112762,59.612703]],[[11.112762,59.612703],[11.113205,59.612324]],[[9.331724,59.487051],[9.331947,59.484665]],[[9.336824,59.494642],[9.3379,59.496835],[9.338182,59.49809],[9.337986,59.504534],[9.337389,59.506701],[9.337511,59.507555],[9.338252,59.509293],[9.338126,59.510533]],[[9.336661,59.494198],[9.336613,59.494161]],[[9.338126,59.510533],[9.337804,59.511068],[9.3374,59.511456],[9.336715,59.511891],[9.335936,59.512242]],[[9.329846,59.514833],[9.329422,59.514956]],[[9.326026,59.515727],[9.325301,59.515776]],[[9.265738,59.557922],[9.261855,59.557206],[9.260471,59.557103]],[[9.258468,59.557095],[9.256762,59.557085]],[[12.233605,58.760442],[12.233322,58.76051]],[[12.233322,58.76051],[12.232291,58.760817]],[[12.232291,58.760817],[12.231985,58.760925]],[[12.231985,58.760925],[12.230409,58.761652],[12.229293,58.762424]],[[12.238235,58.759536],[12.237961,58.75959]],[[12.237961,58.75959],[12.236761,58.759822]],[[12.291333,58.510894],[12.28898,58.508842],[12.287439,58.507094],[12.281625,58.497424]],[[12.281625,58.497424],[12.281446,58.497127]],[[9.41633,61.872249],[9.417167,61.872932]],[[9.417492,61.873186],[9.418954,61.874281],[9.419427,61.875016],[9.419351,61.875775],[9.418591,61.87659],[9.417663,61.877071],[9.41635,61.877516],[9.412337,61.878365],[9.411016,61.878776],[9.409127,61.879734],[9.406582,61.881295],[9.404329,61.88235],[9.403459,61.883049],[9.403175,61.883776],[9.403238,61.885452],[9.403571,61.886072],[9.404901,61.887285],[9.405257,61.887754],[9.405523,61.888533],[9.405387,61.88939]],[[12.246236,58.072651],[12.246418,58.072855]],[[12.246308,58.072635],[12.238836,58.063808],[12.235362,58.060315],[12.233235,58.058476],[12.230546,58.056406],[12.223597,58.05177]],[[12.246489,58.072839],[12.246308,58.072635]],[[12.246418,58.072855],[12.249075,58.075556],[12.251971,58.078082],[12.260274,58.084242],[12.267267,58.090236],[12.285469,58.104854],[12.288644,58.107812],[12.291413,58.110664],[12.294016,58.11366],[12.295705,58.115848],[12.29823,58.119588],[12.301517,58.125132],[12.304514,58.130373],[12.305651,58.132885],[12.306797,58.136312],[12.314147,58.161266],[12.314731,58.162912],[12.315734,58.165144],[12.317125,58.167547],[12.318572,58.169623],[12.320028,58.171424],[12.32498,58.177012],[12.326631,58.179185],[12.328096,58.181394]],[[12.310812,58.248791],[12.310834,58.248654]],[[12.310736,58.248788],[12.310576,58.250853],[12.310705,58.252967],[12.31114,58.255109],[12.311834,58.257292]],[[12.310758,58.248651],[12.310736,58.248788]],[[12.311905,58.257284],[12.31122,58.255107],[12.310783,58.252955],[12.31066,58.250857],[12.310812,58.248791]],[[12.311967,58.257461],[12.311905,58.257284]],[[12.314346,58.273132],[12.314928,58.271305],[12.315176,58.269759],[12.315121,58.266928],[12.314707,58.264977],[12.311894,58.257464]],[[12.311834,58.257292],[12.311894,58.257464]],[[12.435584,58.356783],[12.435934,58.356886]],[[12.372353,58.364729],[12.373224,58.364588]],[[12.372018,58.364783],[12.372353,58.364729]],[[12.47169,58.364862],[12.475879,58.365731],[12.478739,58.366181],[12.481866,58.366536],[12.484369,58.366702],[12.487638,58.366817],[12.489923,58.366809],[12.492753,58.366643],[12.495594,58.366304],[12.500623,58.36541],[12.502828,58.364898],[12.505555,58.364143],[12.507846,58.363355],[12.509922,58.362532],[12.516625,58.359511],[12.518494,58.35884],[12.52155,58.357959],[12.52387,58.357441],[12.526034,58.357053],[12.535418,58.355734]],[[9.666341,62.57536],[9.666424,62.575444]],[[9.67409,62.583073],[9.674252,62.583167]],[[9.682557,62.588046],[9.68671,62.59034]],[[9.666424,62.575444],[9.667417,62.576614],[9.669061,62.579141],[9.670008,62.580222],[9.671492,62.581466],[9.67409,62.583073]],[[9.662363,62.571391],[9.662415,62.5715]],[[9.662415,62.5715],[9.663514,62.572998],[9.666341,62.57536]],[[11.048348,59.953877],[11.044758,59.953191],[11.041013,59.952588],[11.039879,59.952474]],[[11.048798,59.953957],[11.050304,59.954346]],[[11.047423,59.953544],[11.048619,59.95385],[11.050408,59.954115]],[[11.063242,59.952225],[11.063546,59.952153]],[[11.260709,59.984558],[11.2608,59.984578]],[[11.241061,59.98583],[11.242703,59.985961],[11.244415,59.985967],[11.245935,59.985856],[11.247422,59.985615]],[[11.073986,59.949729],[11.063591,59.952199]],[[11.267573,59.987448],[11.268634,59.988234],[11.270001,59.989457],[11.270825,59.990025],[11.274334,59.991565],[11.275276,59.992194],[11.276464,59.993312],[11.277176,59.993815],[11.282025,59.996118]],[[11.063546,59.952153],[11.073986,59.949729]],[[10.230787,59.552385],[10.231578,59.551604]],[[10.230023,59.654394],[10.228526,59.652434],[10.227483,59.650703],[10.226693,59.648834],[10.226248,59.647034],[10.226151,59.644264],[10.226972,59.638434],[10.226939,59.636976],[10.226696,59.635436]],[[10.230844,59.655326],[10.232944,59.658069],[10.234759,59.660808]],[[10.358692,59.434686],[10.362175,59.432806],[10.366683,59.430799],[10.369712,59.429651],[10.381043,59.425696]],[[10.393876,59.282804],[10.369621,59.283931]],[[10.406607,59.279406],[10.40278,59.28044],[10.400524,59.281452]],[[10.400524,59.281452],[10.398657,59.282232]],[[10.407788,59.277122],[10.407689,59.276539]],[[10.411438,59.270708],[10.408805,59.272556],[10.408047,59.273292],[10.40747,59.274465],[10.407549,59.275651]],[[11.883256,60.197286],[11.884483,60.197395]],[[11.894087,60.19993],[11.906998,60.204481],[11.909449,60.205187],[11.912845,60.20581],[11.925928,60.207423],[11.92923,60.207701],[11.933119,60.207876],[11.936466,60.207895],[11.939805,60.207794],[11.943502,60.207533],[11.94675,60.207167],[11.949751,60.2067],[11.952813,60.206087]],[[12.029731,60.19076],[12.031063,60.191871],[12.031518,60.192631],[12.03168,60.193272]],[[12.03168,60.193272],[12.031739,60.193587]],[[12.053762,60.259538],[12.055261,60.266844],[12.05527,60.26792],[12.054856,60.268974],[12.054236,60.269776],[12.05329,60.27059],[12.04531,60.276179],[12.044079,60.277144],[12.043,60.278162],[12.042005,60.279349],[12.033669,60.29346],[12.032556,60.2961],[12.029761,60.303653],[12.029235,60.304719],[12.028506,60.305698],[12.023133,60.311313],[12.022736,60.311843],[12.022417,60.312305],[12.022009,60.313429],[12.021967,60.314732]],[[8.350014,62.230294],[8.349823,62.230295]],[[8.34975,62.230296],[8.349476,62.230297]],[[12.12923,60.03823],[12.126233,60.030881],[12.125383,60.029122]],[[12.132624,60.072649],[12.133166,60.071529],[12.134776,60.06936],[12.135134,60.068534],[12.13519,60.067321],[12.134611,60.065664]],[[12.138033,59.976134],[12.140545,59.974978],[12.143567,59.973858],[12.162469,59.968489],[12.165216,59.967556],[12.167186,59.966716],[12.178466,59.961488],[12.180587,59.960307],[12.185052,59.957406],[12.187895,59.955928],[12.189905,59.9551],[12.191889,59.954422],[12.197423,59.952953]],[[12.125383,60.029122],[12.121234,60.02104]],[[12.118513,60.08704],[12.118603,60.086268],[12.118859,60.08559],[12.119276,60.08493],[12.11993,60.084228]],[[12.132606,60.072691],[12.132624,60.072649]],[[12.118514,60.087103],[12.118513,60.08704]],[[12.129331,60.038477],[12.12923,60.03823]],[[12.116723,60.10643],[12.116753,60.10637]],[[12.11932,60.090894],[12.119306,60.090832]],[[12.131873,60.04472],[12.131854,60.044674]],[[12.12009,60.084083],[12.120158,60.08402]],[[12.115337,59.986356],[12.116528,59.98538],[12.118067,59.984426],[12.119285,59.983841],[12.12213,59.982701]],[[12.206598,59.949175],[12.201205,59.951659],[12.199278,59.952386],[12.197423,59.952953]],[[12.115831,60.108357],[12.116723,60.10643]],[[12.131854,60.044674],[12.129331,60.038477]],[[12.116753,60.10637],[12.117854,60.103937],[12.118887,60.100892],[12.118998,60.100158],[12.118948,60.097731],[12.119201,60.09699],[12.119998,60.095491],[12.120086,60.094382]],[[12.119306,60.090832],[12.118514,60.087103]],[[12.121234,60.02104],[12.120002,60.018498]],[[12.243422,59.931855],[12.206598,59.949175]],[[12.115831,60.108357],[12.113677,60.11304]],[[12.37574,58.646213],[12.374739,58.647039]],[[12.36848,58.652729],[12.367091,58.654246]],[[12.367091,58.654246],[12.365301,58.656417],[12.363877,58.658454]],[[12.050855,60.150884],[12.053146,60.149549],[12.056046,60.148202],[12.057715,60.147569],[12.062396,60.146065],[12.064783,60.145003],[12.066014,60.144242],[12.0671,60.143404],[12.069025,60.141255],[12.069784,60.140561],[12.071728,60.139338],[12.078197,60.136725],[12.081669,60.135575]],[[12.108482,60.121242],[12.111084,60.118118],[12.112193,60.116259]],[[12.029274,60.188101],[12.029356,60.188096]],[[12.108284,60.121476],[12.108482,60.121242]],[[12.052714,60.170477],[12.052727,60.170436]],[[12.113284,60.113887],[12.113511,60.113403]],[[12.098598,60.130721],[12.098977,60.130451]],[[12.045087,60.179347],[12.045108,60.179292]],[[12.113511,60.113403],[12.113677,60.11304]],[[12.098977,60.130451],[12.102109,60.128201],[12.103443,60.127072],[12.104417,60.126067],[12.108284,60.121476]],[[12.046105,60.177991],[12.04941,60.175148],[12.050641,60.173925],[12.051913,60.172203],[12.052714,60.170477]],[[12.049373,60.151992],[12.049685,60.151719]],[[12.036524,60.186985],[12.037833,60.18648],[12.038922,60.185931],[12.042929,60.183512],[12.043928,60.182779],[12.044488,60.182139],[12.044808,60.181529],[12.045087,60.179347]],[[12.052104,60.164491],[12.051495,60.163665],[12.049564,60.161732],[12.049123,60.160996],[12.048909,60.16033],[12.048042,60.154399],[12.048404,60.153218],[12.049373,60.151992]],[[11.014762,59.956335],[11.016727,59.956132],[11.018618,59.955608],[11.01976,59.955042],[11.021641,59.953739],[11.023394,59.953043]],[[11.014405,59.956344],[11.014762,59.956335]],[[9.984041,59.05846],[9.953415,59.061833],[9.948045,59.062694],[9.943378,59.063632]],[[11.065976,59.964403],[11.071982,59.979471],[11.07331,59.98178],[11.075785,59.985033]],[[11.050997,59.954696],[11.050749,59.954634]],[[11.052454,59.955047],[11.053525,59.955379]],[[11.065875,59.964413],[11.064893,59.962708],[11.063507,59.961082]],[[11.051869,59.954819],[11.053574,59.955346]],[[11.129127,60.040474],[11.130808,60.042671],[11.132029,60.044607]],[[11.148305,60.151139],[11.147471,60.154057],[11.14624,60.156208],[11.145362,60.157294],[11.144203,60.158463],[11.143023,60.159456],[11.141489,60.160545],[11.139983,60.161454],[11.138136,60.162409],[11.13444,60.163923],[11.132326,60.164608],[11.130103,60.16521],[11.125679,60.166105]],[[11.093015,60.186496],[11.093517,60.18737]],[[11.092938,60.186507],[11.092051,60.184551],[11.091746,60.182412],[11.092072,60.180439],[11.093007,60.178464]],[[11.104252,60.206319],[11.101441,60.201462]],[[11.093517,60.18737],[11.09364,60.18758]],[[11.11719,60.167029],[11.113197,60.167499],[11.109579,60.168202],[11.10617,60.169166],[11.103135,60.17034],[11.100508,60.171693],[11.09835,60.173155],[11.095715,60.17541],[11.093836,60.177437]],[[11.106665,60.21035],[11.109173,60.214812],[11.110089,60.217528],[11.110342,60.219753],[11.110139,60.226437]],[[11.148223,60.151133],[11.149091,60.147433],[11.150201,60.144385],[11.151732,60.141461],[11.15369,60.138595]],[[11.099617,60.197677],[11.101411,60.200797]],[[11.117173,60.166988],[11.122131,60.16653],[11.124727,60.166209]],[[11.097597,60.193785],[11.098818,60.195985]],[[11.093437,60.187381],[11.092938,60.186507]],[[11.243195,60.318369],[11.242413,60.317829]],[[12.298042,59.884019],[12.294511,59.886755]],[[12.301239,59.881657],[12.301058,59.88179]],[[12.301058,59.88179],[12.300669,59.882094]],[[12.302236,59.880935],[12.301239,59.881657]],[[12.294511,59.886755],[12.293689,59.887603]],[[12.349842,59.850688],[12.348223,59.852994],[12.346823,59.854457],[12.345229,59.855722],[12.343068,59.857045],[12.3184,59.86838],[12.315364,59.87004],[12.314134,59.870894],[12.31218,59.872537],[12.310228,59.874716],[12.308589,59.876242],[12.302236,59.880935]],[[12.293689,59.887603],[12.291837,59.89003]],[[9.078574,59.409823],[9.077115,59.40981],[9.074771,59.409634]],[[9.078714,59.409819],[9.078574,59.409823]],[[9.065719,59.408862],[9.064718,59.408739],[9.063747,59.408522],[9.060918,59.407591]],[[9.059716,59.407062],[9.058543,59.406319],[9.057599,59.405303],[9.057264,59.404595],[9.056998,59.403114],[9.056721,59.402417],[9.054878,59.399288],[9.054088,59.398258]],[[8.138069,62.285201],[8.138047,62.285378]],[[8.137875,62.284367],[8.138048,62.284848]],[[8.137093,62.282223],[8.137087,62.282317]],[[8.138048,62.284848],[8.138069,62.285201]],[[8.137929,62.285715],[8.137585,62.286199],[8.136908,62.286733],[8.133294,62.288529],[8.132609,62.289134],[8.131464,62.290629],[8.129646,62.291787],[8.129089,62.292251],[8.128051,62.294223],[8.126089,62.296314],[8.125837,62.296955],[8.125717,62.298127],[8.125078,62.298964]],[[8.137087,62.282317],[8.137235,62.282986],[8.137875,62.284367]],[[9.255259,59.394366],[9.253901,59.394165],[9.252765,59.393833]],[[9.21389,59.389343],[9.212886,59.389632],[9.211618,59.389813],[9.210301,59.389824],[9.209081,59.389667]],[[9.269819,59.393849],[9.26964,59.393815]],[[9.087146,59.407512],[9.087003,59.407549]],[[9.181154,59.390372],[9.181044,59.390334]],[[9.286881,59.399582],[9.286733,59.399536]],[[9.146045,59.396368],[9.145882,59.396435]],[[9.297569,59.402177],[9.297379,59.402141]],[[9.132892,59.401567],[9.132705,59.401629]],[[9.252765,59.393833],[9.252597,59.393768]],[[9.097813,59.406166],[9.097653,59.406202]],[[9.181044,59.390334],[9.17812,59.389413],[9.175218,59.388651],[9.172864,59.388283]],[[9.145882,59.396435],[9.141414,59.398383],[9.140289,59.39868],[9.138821,59.398919]],[[9.138676,59.398943],[9.137475,59.399203],[9.136252,59.399655],[9.134129,59.40105],[9.132892,59.401567]],[[9.26964,59.393815],[9.268499,59.39364],[9.267211,59.393553],[9.261982,59.393728]],[[9.087003,59.407549],[9.083802,59.4087],[9.081241,59.409492],[9.079862,59.409744],[9.078714,59.409819]],[[9.297379,59.402141],[9.295473,59.401804],[9.292104,59.401348],[9.290167,59.400788],[9.287984,59.399995]],[[9.097653,59.406202],[9.095311,59.406821],[9.09381,59.407069],[9.091874,59.407204],[9.088953,59.407236],[9.087146,59.407512]],[[9.245068,59.38993],[9.243626,59.389626]],[[9.256054,59.394402],[9.255259,59.394366]],[[9.209081,59.389667],[9.207712,59.389416],[9.206648,59.389311],[9.203329,59.389423],[9.200666,59.389649],[9.188254,59.391083],[9.186597,59.391218],[9.185366,59.39121],[9.184003,59.391083],[9.182676,59.390829],[9.181528,59.390493]],[[9.235896,59.388379],[9.231371,59.387529],[9.228176,59.386764],[9.227109,59.386599],[9.225679,59.386491],[9.224012,59.386517],[9.22276,59.386645],[9.217621,59.387651]],[[9.286733,59.399536],[9.285223,59.399203],[9.282587,59.39891],[9.28134,59.398599],[9.280641,59.398315],[9.278426,59.397153],[9.274351,59.395715],[9.271427,59.394308],[9.269819,59.393849]],[[9.132705,59.401629],[9.128296,59.403025],[9.126454,59.403409],[9.12512,59.403528],[9.122041,59.403518],[9.120101,59.403646],[9.108826,59.405015],[9.10748,59.405265],[9.105243,59.405831],[9.104112,59.406005],[9.102629,59.406059],[9.09977,59.405936],[9.097813,59.406166]],[[9.070448,59.356861],[9.071131,59.356297],[9.072327,59.355007]],[[9.066528,59.358675],[9.067499,59.358109],[9.06952,59.357366],[9.0701,59.357066]],[[9.072785,59.354555],[9.073914,59.353663],[9.078988,59.35039],[9.081115,59.348818]],[[9.094003,59.31296],[9.094043,59.312873]],[[9.072327,59.355007],[9.072785,59.354555]],[[9.049374,59.371355],[9.049586,59.371129]],[[9.044974,59.380339],[9.045,59.380255]],[[9.08138,59.34863],[9.081497,59.348559]],[[9.066409,59.358768],[9.066528,59.358675]],[[9.094043,59.312873],[9.094444,59.312307],[9.096995,59.309783],[9.097567,59.309036],[9.09782,59.308494]],[[9.0701,59.357066],[9.070448,59.356861]],[[9.081497,59.348559],[9.082764,59.347999],[9.084941,59.347447],[9.085742,59.347141],[9.086526,59.346683],[9.087153,59.346054],[9.087457,59.345132],[9.087434,59.342053],[9.088028,59.339346]],[[9.045,59.380255],[9.045063,59.379681],[9.044778,59.377152],[9.044971,59.376241],[9.045576,59.375485],[9.047452,59.373967],[9.049374,59.371355]],[[9.049586,59.371129],[9.050368,59.370462],[9.052388,59.369242],[9.054115,59.368005],[9.057676,59.365957],[9.059358,59.364257],[9.062109,59.362661],[9.063018,59.36199],[9.066409,59.358768]],[[9.099221,59.301398],[9.101737,59.29755]],[[9.053946,59.398104],[9.050856,59.394858],[9.050253,59.39396],[9.049441,59.392226],[9.048746,59.391403],[9.045946,59.38886],[9.044577,59.387792],[9.04261,59.386474],[9.041888,59.385858]],[[9.101082,59.294271],[9.10021,59.293237]],[[12.468477,58.706275],[12.468103,58.705553],[12.467208,58.704582]],[[12.489894,58.732559],[12.485037,58.726982],[12.480294,58.720548],[12.476581,58.714891],[12.475309,58.713223],[12.468085,58.70541]],[[12.468085,58.70541],[12.464856,58.701945]],[[11.986722,57.712826],[11.984965,57.711303],[11.984192,57.710926],[11.983225,57.710616]],[[12.358992,58.672878],[12.356866,58.68589]],[[12.359013,58.672756],[12.358992,58.672878]],[[11.096797,60.193892],[11.096518,60.193407]],[[10.763237,59.900916],[10.762973,59.899783],[10.763083,59.898429],[10.763571,59.897261],[10.764541,59.895992]],[[10.765192,59.905108],[10.765997,59.906385]],[[10.766289,59.907589],[10.76696,59.906893],[10.767507,59.906537]],[[10.764649,59.908312],[10.765568,59.908033],[10.766289,59.907589]],[[10.762086,59.908481],[10.763435,59.908133]],[[10.755476,59.89746],[10.755662,59.89679],[10.75608,59.8961],[10.75796,59.894226],[10.759191,59.892714],[10.761303,59.890807],[10.762878,59.889785]],[[10.764743,59.907667],[10.765201,59.9071],[10.76537,59.90644]],[[10.760628,59.894479],[10.760588,59.895184],[10.760799,59.896028],[10.762914,59.900877]],[[10.763782,59.901892],[10.763115,59.901707]],[[10.76485,59.907698],[10.763937,59.908303]],[[10.761314,59.901784],[10.759594,59.901075]],[[10.763064,59.909213],[10.763871,59.90897]],[[9.063336,59.091845],[9.064819,59.090277]],[[9.065684,59.097225],[9.065561,59.097114]],[[9.101613,59.111765],[9.098536,59.110502],[9.09613,59.109624]],[[9.078271,59.106249],[9.077016,59.106224],[9.075655,59.106068],[9.074534,59.105819],[9.073585,59.105501],[9.072632,59.10504],[9.068572,59.102424]],[[9.066694,59.099018],[9.066471,59.098079],[9.065684,59.097225]],[[9.092882,59.130674],[9.099754,59.127705]],[[9.081933,59.179903],[9.082099,59.177476],[9.083682,59.170935]],[[9.099846,59.127654],[9.100463,59.127251],[9.101,59.126738],[9.101258,59.126349],[9.101426,59.125749]],[[9.103045,59.121425],[9.103071,59.121371]],[[9.08395,59.169805],[9.08398,59.169661]],[[9.08928,59.187177],[9.089029,59.186961]],[[9.095966,59.109569],[9.095355,59.10936]],[[9.068572,59.102424],[9.068313,59.10226]],[[9.08589,59.105859],[9.085767,59.105865]],[[9.084144,59.15114],[9.083994,59.151028]],[[9.104386,59.1158],[9.104363,59.115733]],[[9.099754,59.127705],[9.099846,59.127654]],[[9.091141,59.131894],[9.091348,59.131685]],[[9.089384,59.187272],[9.08928,59.187177]],[[9.09613,59.109624],[9.095966,59.109569]],[[9.067486,59.101685],[9.066921,59.101167],[9.066572,59.100571],[9.066493,59.100108],[9.066617,59.099422]],[[9.095355,59.10936],[9.094835,59.109182]],[[9.101426,59.125749],[9.101425,59.125574]],[[9.0832,59.150007],[9.083082,59.149673]],[[9.102076,59.111999],[9.101613,59.111765]],[[9.101425,59.125574],[9.101127,59.124376],[9.101209,59.123736],[9.101533,59.123179],[9.102614,59.122038],[9.103045,59.121425]],[[9.089029,59.186961],[9.086524,59.184997],[9.082987,59.182558],[9.08221,59.181483],[9.081976,59.180378]],[[9.066617,59.099422],[9.066694,59.099018]],[[9.083682,59.170935],[9.08395,59.169805]],[[9.094835,59.109182],[9.093615,59.108668],[9.091566,59.107147],[9.089981,59.106398],[9.089102,59.106117],[9.087953,59.105902],[9.08692,59.105832],[9.08589,59.105859]],[[9.102644,59.112375],[9.102076,59.111999]],[[9.068313,59.10226],[9.067486,59.101685]],[[9.086475,59.153003],[9.085859,59.152211]],[[9.104363,59.115733],[9.103592,59.113771]],[[9.085767,59.105865],[9.078271,59.106249]],[[9.08398,59.169661],[9.084079,59.168419],[9.083796,59.16529],[9.08392,59.163807],[9.084321,59.162093],[9.085683,59.159495],[9.085801,59.158846],[9.085716,59.15785]],[[9.083082,59.149673],[9.083019,59.148969],[9.083285,59.148295],[9.083695,59.147829],[9.084824,59.146906],[9.085343,59.146104],[9.085658,59.142968],[9.085559,59.140915],[9.085716,59.140406],[9.087204,59.138731],[9.089075,59.134418],[9.089676,59.133485],[9.090754,59.13229]],[[9.103592,59.113771],[9.103174,59.112917],[9.102644,59.112375]],[[9.083994,59.151028],[9.083569,59.150629],[9.0832,59.150007]],[[9.085338,59.151833],[9.084144,59.15114]],[[9.640862,62.552773],[9.640942,62.552846]],[[9.640942,62.552846],[9.643195,62.554577],[9.645328,62.556553],[9.64617,62.557173],[9.64742,62.557798],[9.650325,62.558935]],[[9.129507,59.254591],[9.128139,59.254401],[9.126799,59.254011]],[[9.110046,59.282315],[9.111126,59.281551],[9.112719,59.28064]],[[9.111323,59.244185],[9.111727,59.243743],[9.112338,59.243306],[9.114563,59.242255]],[[9.111159,59.245689],[9.111043,59.244838],[9.111323,59.244185]],[[9.118244,59.25085],[9.115417,59.249797],[9.114489,59.249204],[9.113721,59.248477]],[[9.106663,59.286142],[9.106753,59.286096]],[[9.121806,59.272917],[9.121872,59.272846]],[[9.11307,59.247819],[9.112774,59.247525]],[[9.133289,59.259578],[9.133676,59.259259]],[[9.12,59.274521],[9.120465,59.274136]],[[9.112679,59.247426],[9.11198,59.24671]],[[9.126799,59.254011],[9.118244,59.25085]],[[9.112774,59.247525],[9.112679,59.247426]],[[9.132915,59.255196],[9.132787,59.255147]],[[9.089828,59.189405],[9.089872,59.18933]],[[9.113721,59.248477],[9.11307,59.247819]],[[9.120865,59.238032],[9.12151,59.23735],[9.12175,59.236689],[9.121628,59.235931],[9.12118,59.2353],[9.120137,59.234583],[9.115539,59.232573],[9.114952,59.232182],[9.114528,59.231735]],[[9.089872,59.18933],[9.090057,59.188744],[9.090031,59.188293],[9.089848,59.187826],[9.089384,59.187272]],[[9.113458,59.280228],[9.114737,59.279424],[9.116961,59.277583],[9.11887,59.275546],[9.12,59.274521]],[[9.114528,59.231735],[9.114229,59.231236],[9.114134,59.23067],[9.114833,59.228655],[9.114789,59.227527],[9.114432,59.2267],[9.112853,59.224432],[9.112734,59.223898],[9.112781,59.22285],[9.112568,59.222163],[9.112194,59.221681],[9.111011,59.220631],[9.110612,59.219969],[9.110583,59.219146],[9.111413,59.217686],[9.111531,59.217154],[9.111303,59.21633],[9.110789,59.21573],[9.109542,59.215003],[9.106792,59.214167],[9.105744,59.21372],[9.104902,59.213185],[9.103185,59.211691],[9.102252,59.21116],[9.10094,59.210747],[9.098202,59.210242],[9.096697,59.209614],[9.096135,59.209201],[9.095734,59.208748],[9.095262,59.207179],[9.094889,59.206605],[9.09426,59.206061],[9.0933,59.205507],[9.092111,59.205051],[9.089561,59.204347],[9.082762,59.202968],[9.081306,59.202359],[9.080683,59.201895],[9.080287,59.201408],[9.079435,59.198655],[9.079352,59.197912],[9.07975,59.196852],[9.08061,59.195464],[9.081503,59.194517],[9.083374,59.193123],[9.085544,59.191838],[9.088796,59.190362],[9.089422,59.189897],[9.089828,59.189405]],[[9.112719,59.28064],[9.113458,59.280228]],[[9.114563,59.242255],[9.117116,59.240997],[9.117785,59.240471],[9.118974,59.239271],[9.120865,59.238032]],[[9.106753,59.286096],[9.10735,59.285747],[9.107883,59.285284],[9.108245,59.28473],[9.108792,59.28341],[9.109793,59.282501]],[[9.134005,59.258988],[9.134798,59.258098],[9.13498,59.257474],[9.134939,59.256994],[9.134681,59.256438],[9.134328,59.256035],[9.133747,59.255604],[9.132915,59.255196]],[[9.132787,59.255147],[9.132209,59.254962]],[[9.104549,59.286817],[9.105381,59.286591]],[[9.121872,59.272846],[9.122619,59.271909],[9.123668,59.270182],[9.124433,59.269273],[9.125464,59.268408],[9.128117,59.266621],[9.129049,59.265785],[9.132012,59.260998],[9.133289,59.259578]],[[9.132209,59.254962],[9.131137,59.254739],[9.129507,59.254591]],[[9.105381,59.286591],[9.106663,59.286142]],[[9.11198,59.24671],[9.111159,59.245689]],[[9.120465,59.274136],[9.121806,59.272917]],[[9.151811,58.976507],[9.152742,58.975725]],[[9.157282,58.968609],[9.157316,58.968475]],[[9.15116,58.977204],[9.151256,58.977099]],[[9.157254,58.968715],[9.157282,58.968609]],[[9.152742,58.975725],[9.153614,58.975069],[9.154111,58.974487],[9.156625,58.970402],[9.157254,58.968715]],[[10.763928,59.889406],[10.762489,59.89113],[10.761008,59.89353],[10.760628,59.894479]],[[12.01555,57.802904],[12.015793,57.809259],[12.015652,57.812224],[12.013258,57.825105],[12.012847,57.828527],[12.012622,57.832353],[12.012673,57.836473],[12.013346,57.850045],[12.013622,57.85214],[12.014429,57.854605],[12.017467,57.861184],[12.018675,57.863008],[12.020151,57.864744],[12.021601,57.866147],[12.023224,57.867487],[12.03085,57.872893],[12.032685,57.874336],[12.034684,57.876256],[12.036073,57.877931],[12.037119,57.879508],[12.037953,57.881155],[12.039724,57.886189],[12.040873,57.888721],[12.049177,57.903912],[12.051366,57.907634],[12.053007,57.909844],[12.054758,57.911814],[12.064283,57.921427],[12.065729,57.923084]],[[12.65234,57.988317],[12.653438,57.988556]],[[10.76401,59.895902],[10.763124,59.897217],[10.76272,59.898426],[10.762684,59.899471],[10.763072,59.900897]],[[10.829179,59.81936],[10.848148,59.765895],[10.848875,59.763579],[10.849314,59.761626],[10.849612,59.759268],[10.849671,59.757325],[10.849467,59.754509],[10.849034,59.752212],[10.8484,59.750009],[10.843978,59.737328]],[[11.375849,59.118996],[11.376951,59.118886],[11.377844,59.118913],[11.379929,59.119295]],[[11.362183,59.118729],[11.363395,59.119154],[11.365482,59.12022],[11.367137,59.120649],[11.368348,59.12076],[11.369547,59.120734],[11.370729,59.12057],[11.371792,59.120277]],[[11.37585,59.119],[11.375572,59.119038]],[[11.321867,59.11979],[11.324281,59.11925],[11.326382,59.119014],[11.328793,59.119009],[11.33158,59.119313]],[[11.242009,59.155414],[11.242823,59.154428],[11.24412,59.153518],[11.245765,59.152837],[11.24762,59.152406]],[[11.25416,59.150578],[11.260546,59.146977],[11.262872,59.145524],[11.28386,59.130863]],[[11.28827,59.127779],[11.291552,59.125562],[11.294196,59.12431]],[[11.223383,59.176919],[11.231793,59.170464],[11.233434,59.169024],[11.234384,59.16796],[11.235171,59.166845],[11.236555,59.163952]],[[11.202182,59.18388],[11.202669,59.182897],[11.203546,59.182033],[11.204786,59.181343],[11.206345,59.180844]],[[11.192836,59.199379],[11.19542,59.19818],[11.196811,59.197335],[11.198154,59.196259],[11.199279,59.194897],[11.199736,59.193995],[11.200029,59.192911],[11.200134,59.189828],[11.200393,59.188356],[11.202182,59.18388]],[[11.189146,59.213341],[11.189267,59.212559]],[[11.168651,59.238543],[11.170552,59.237012]],[[11.142974,59.269435],[11.144067,59.26742],[11.145286,59.264449],[11.146064,59.263341]],[[11.141703,59.271205],[11.14203,59.270783]],[[11.129755,59.278389],[11.130468,59.277661]],[[11.117633,59.286559],[11.122174,59.283173]],[[11.135216,59.275517],[11.136958,59.274926],[11.138567,59.274156],[11.139538,59.273494],[11.14088,59.272178]],[[11.14088,59.272178],[11.141703,59.271205]],[[11.087053,59.274354],[11.08862,59.27504],[11.089925,59.276024],[11.090709,59.276864],[11.091179,59.277975]],[[11.091395,59.28053],[11.0915,59.282685],[11.091812,59.28356],[11.092156,59.284081],[11.092911,59.284852],[11.094323,59.285772],[11.103278,59.289483],[11.104302,59.289815],[11.10577,59.290131],[11.106996,59.290271],[11.108484,59.290311],[11.110049,59.290206]],[[11.11317,59.289499],[11.114813,59.288628],[11.117524,59.286637]],[[11.028451,59.268268],[11.029436,59.268185]],[[11.033889,59.266367],[11.034703,59.26592]],[[11.051357,59.265783],[11.057906,59.268101],[11.060332,59.268792],[11.063241,59.269342],[11.074647,59.270882],[11.076673,59.271223],[11.079747,59.271966],[11.085234,59.273752]],[[11.024209,59.267908],[11.024624,59.267965]],[[11.020115,59.266311],[11.021115,59.266918],[11.022048,59.267336],[11.022964,59.267644],[11.024209,59.267908]],[[11.016358,59.263749],[11.020115,59.266311]],[[10.980931,59.237165],[10.984825,59.240686]],[[10.988468,59.243982],[10.991129,59.24639],[10.992691,59.247628],[11.016358,59.263749]],[[10.978544,59.233269],[10.978642,59.234292],[10.979026,59.235163],[10.979725,59.236048],[10.980731,59.236981]],[[10.965335,59.219029],[10.967503,59.220227],[10.969848,59.222155],[10.97671,59.226771],[10.977752,59.227607],[10.978578,59.228659],[10.978962,59.229714],[10.978996,59.23046],[10.978605,59.23255]],[[10.959613,59.213636],[10.960704,59.215319],[10.96187,59.216708],[10.963033,59.217766],[10.964288,59.218522]],[[10.964288,59.218522],[10.965335,59.219029]],[[10.955277,59.209335],[10.955659,59.20946]],[[10.955659,59.20946],[10.956781,59.209999],[10.957518,59.210549],[10.95793,59.211004],[10.958985,59.212645]],[[10.955277,59.209335],[10.954859,59.209221]],[[10.954859,59.209221],[10.95321,59.208977],[10.951107,59.208998],[10.950012,59.209149],[10.949081,59.209374],[10.947473,59.210006]],[[10.94573,59.211641],[10.946149,59.211014],[10.946704,59.210493]],[[10.916753,59.225449],[10.917455,59.224634],[10.91829,59.224054],[10.919526,59.223505],[10.92074,59.223158]],[[10.92074,59.223158],[10.927922,59.221444],[10.930853,59.220521]],[[10.906402,59.257952],[10.907699,59.255352],[10.908213,59.253945],[10.90951,59.24517],[10.911726,59.237431]],[[10.90337,59.278382],[10.903314,59.277574],[10.903551,59.276964],[10.904046,59.27639],[10.904775,59.275846]],[[10.906495,59.273987],[10.905991,59.2749],[10.904775,59.275846]],[[10.904175,59.265117],[10.904086,59.264115],[10.904185,59.263208]],[[10.884093,59.311314],[10.884038,59.310245],[10.884576,59.309234],[10.885741,59.308317],[10.88736,59.307601]],[[10.88736,59.307601],[10.888932,59.306947],[10.889962,59.306414],[10.891044,59.305707],[10.891912,59.304968],[10.892572,59.304206],[10.894798,59.300909],[10.895637,59.299886],[10.902951,59.292886],[10.904035,59.291448],[10.904466,59.290166],[10.904898,59.286214],[10.90337,59.278382]],[[10.86164,59.347918],[10.86145,59.347926]],[[10.881446,59.331239],[10.882594,59.328852],[10.883093,59.327213],[10.883498,59.319645],[10.884753,59.315422],[10.884734,59.313617],[10.884093,59.311314]],[[10.879352,59.335992],[10.879884,59.334488],[10.880648,59.332871]],[[10.880648,59.332871],[10.881446,59.331239]],[[10.833414,59.348515],[10.834826,59.348094],[10.836446,59.347763],[10.838198,59.347566],[10.840019,59.34752]],[[10.840019,59.34752],[10.859928,59.347968]],[[10.731679,59.38605],[10.729958,59.386849]],[[10.812538,59.354324],[10.81495,59.353788]],[[10.827525,59.350619],[10.829412,59.350015],[10.833414,59.348515]],[[10.660481,59.405094],[10.662719,59.403974],[10.664938,59.403127],[10.667706,59.402337],[10.670221,59.401834]],[[10.657208,59.419804],[10.657701,59.418244],[10.657784,59.417171],[10.657607,59.416092],[10.656666,59.412909],[10.656688,59.411295],[10.658131,59.407199],[10.65912,59.406041],[10.660481,59.405094]],[[10.655437,59.434648],[10.655309,59.43441]],[[10.668222,59.4424],[10.666262,59.440632]],[[10.673011,59.456597],[10.671644,59.454965],[10.670656,59.453215],[10.669373,59.449616],[10.669232,59.447861]],[[10.669362,59.445465],[10.669245,59.443795],[10.668817,59.443073],[10.668222,59.4424]],[[10.669232,59.447861],[10.669337,59.44683]],[[10.673081,59.456578],[10.673428,59.456935]],[[10.693132,59.478752],[10.692824,59.478404]],[[10.700988,59.485309],[10.696145,59.481764],[10.694854,59.480613],[10.693362,59.479012]],[[10.701056,59.485286],[10.70374,59.487481],[10.70664,59.490812],[10.708462,59.493402],[10.713113,59.50113],[10.714453,59.502983],[10.716145,59.504807],[10.721492,59.509925],[10.723667,59.51244],[10.7252,59.514502],[10.727528,59.518089],[10.729031,59.521171],[10.73005,59.524253],[10.730638,59.527768]],[[10.739422,59.592596],[10.739809,59.596991],[10.74019,59.598078],[10.740733,59.59894],[10.741694,59.59997],[10.74309,59.601009],[10.747223,59.603108]],[[10.739175,59.592073],[10.738408,59.590511],[10.73242,59.581253],[10.730971,59.579331],[10.726497,59.574044],[10.7249,59.57148],[10.722579,59.56567],[10.722016,59.563679],[10.721822,59.562215],[10.721816,59.560856],[10.722278,59.557875]],[[10.75634,59.607514],[10.763759,59.611107],[10.76622,59.612429],[10.769159,59.614304],[10.771311,59.616069],[10.772457,59.617244],[10.778925,59.6246],[10.779736,59.625712],[10.781534,59.628677],[10.782711,59.630144],[10.784111,59.631534],[10.787163,59.634008],[10.788774,59.635507],[10.796154,59.644095],[10.797232,59.645719],[10.798008,59.647414],[10.798428,59.648965],[10.798579,59.650545],[10.798401,59.653986],[10.798096,59.655861],[10.797519,59.657684],[10.796487,59.659823]],[[10.73933,59.592601],[10.739175,59.592073]],[[10.739271,59.592065],[10.739422,59.592596]],[[10.747169,59.603139],[10.74303,59.601037],[10.741622,59.599991],[10.740656,59.598955],[10.740111,59.598089],[10.739726,59.596995],[10.73933,59.592601]],[[10.794026,59.664365],[10.793471,59.665964],[10.793433,59.667563],[10.793691,59.668636],[10.795166,59.672602]],[[10.796406,59.659804],[10.797328,59.657943],[10.798015,59.655854],[10.798322,59.653983],[10.798499,59.650546],[10.798288,59.648658],[10.797825,59.647139],[10.796992,59.645444],[10.79608,59.644109],[10.788702,59.635524],[10.787463,59.634341],[10.784041,59.631554],[10.782641,59.630162],[10.781462,59.628692],[10.779654,59.625726],[10.778839,59.624617],[10.77237,59.617264],[10.771226,59.616094],[10.768785,59.61412],[10.766146,59.61246],[10.763203,59.610893],[10.756963,59.607874]],[[10.795084,59.67261],[10.7937,59.668907],[10.793348,59.667564],[10.793383,59.665962],[10.793939,59.664353]],[[10.795166,59.672602],[10.800252,59.686157],[10.800947,59.687596],[10.801759,59.688896]],[[10.828772,59.709157],[10.829464,59.709936]],[[10.802469,59.689865],[10.80462,59.692191],[10.80966,59.696711],[10.811846,59.698361],[10.814507,59.699982]],[[10.827848,59.708317],[10.826116,59.70685],[10.823899,59.705341]],[[10.827918,59.708296],[10.828772,59.709157]],[[10.828696,59.709173],[10.827848,59.708317]],[[10.832151,59.713345],[10.832003,59.713149]],[[10.832233,59.713333],[10.832975,59.714774]],[[5.653391,58.682558],[5.65343,58.682608]],[[5.65343,58.682608],[5.65683,58.687118],[5.657893,58.688919],[5.65855,58.690318]],[[6.502379,60.644644],[6.501293,60.644801]],[[6.497509,60.644561],[6.492896,60.643358],[6.479334,60.640878],[6.473415,60.639545],[6.471719,60.639316],[6.470551,60.639238],[6.46921,60.639227],[6.467677,60.639313]],[[7.800272,58.181569],[7.799435,58.183788],[7.798876,58.184753]],[[7.809858,58.175074],[7.808938,58.175657],[7.80795,58.176115],[7.806819,58.176488],[7.80413,58.177132],[7.803195,58.177484],[7.80236,58.177931],[7.801659,58.178479],[7.801099,58.179196],[7.800272,58.181569]],[[7.81947,58.169341],[7.819021,58.169584]],[[7.828022,58.163279],[7.823928,58.16665],[7.821404,58.168272],[7.81947,58.169341]],[[7.844787,58.152944],[7.84258,58.153176],[7.840668,58.153614],[7.839549,58.154011],[7.838505,58.154497],[7.837358,58.155301]],[[7.837358,58.155301],[7.83731,58.155341]],[[7.789344,58.192864],[7.788378,58.193709]],[[7.790294,58.192141],[7.789344,58.192864]],[[7.795668,58.187439],[7.794044,58.189531],[7.792232,58.190864]],[[7.792232,58.190864],[7.791508,58.191331]],[[7.784735,58.195889],[7.784039,58.196499]],[[7.788378,58.193709],[7.787186,58.194593],[7.784735,58.195889]],[[7.798876,58.184753],[7.797878,58.18574],[7.796049,58.187086]],[[7.796049,58.187086],[7.795668,58.187439]],[[7.7835,58.197701],[7.782942,58.199246]],[[7.784039,58.196499],[7.7835,58.197701]],[[7.782942,58.199246],[7.782435,58.200103]],[[7.782087,58.20056],[7.781546,58.201161]],[[7.780507,58.201988],[7.779544,58.202407]],[[7.781546,58.201161],[7.780507,58.201988]],[[7.777379,58.202778],[7.77538,58.202741],[7.773344,58.202511],[7.772043,58.202181],[7.768716,58.200952],[7.767737,58.200664],[7.766044,58.200416],[7.764338,58.200443]],[[7.764338,58.200443],[7.763644,58.200531]],[[7.763644,58.200531],[7.76164,58.200831],[7.759817,58.200882]],[[7.759817,58.200882],[7.759405,58.200862]],[[7.756287,58.200734],[7.751115,58.200826]],[[7.759405,58.200862],[7.756287,58.200734]],[[7.751115,58.200826],[7.747631,58.200931],[7.743338,58.200706],[7.741641,58.200741]],[[7.741641,58.200741],[7.738077,58.201127],[7.736607,58.201158]],[[7.732285,58.199992],[7.730741,58.199709],[7.72922,58.199626],[7.724492,58.199888],[7.722788,58.199828]],[[7.715821,58.199384],[7.715708,58.199378]],[[7.707175,58.200719],[7.705407,58.201099]],[[7.715411,58.199358],[7.713802,58.199343],[7.71227,58.19953]],[[7.54468,58.182336],[7.543651,58.182827],[7.542706,58.183462],[7.542026,58.184134],[7.54133,58.185239]],[[7.54133,58.185239],[7.540737,58.186908]],[[7.705407,58.201099],[7.701943,58.201542],[7.699848,58.201971],[7.697501,58.202562],[7.693123,58.203898],[7.688108,58.205032],[7.686445,58.205264],[7.684278,58.205445],[7.68101,58.205527]],[[7.672939,58.206798],[7.672264,58.206929]],[[7.518711,58.200935],[7.515088,58.205528],[7.51417,58.207006],[7.513663,58.208082]],[[7.505869,58.224942],[7.505776,58.225289]],[[7.504805,58.227806],[7.504419,58.228348]],[[7.505776,58.225289],[7.505479,58.226512],[7.504805,58.227806]],[[7.503939,58.229974],[7.503974,58.230249]],[[7.504419,58.228348],[7.50398,58.229168],[7.503939,58.229974]],[[7.504289,58.232029],[7.504447,58.232679]],[[7.503974,58.230249],[7.504289,58.232029]],[[7.503552,58.237389],[7.503368,58.238085]],[[7.504447,58.232679],[7.504846,58.234186],[7.504849,58.234872],[7.504587,58.235464],[7.50387,58.236467],[7.503552,58.237389]],[[7.4991,58.242502],[7.496475,58.244216]],[[7.496475,58.244216],[7.493344,58.245847]],[[7.493344,58.245847],[7.492975,58.246173]],[[7.492975,58.246173],[7.492248,58.24723]],[[7.048025,58.343293],[7.043994,58.345962],[7.043057,58.346688],[7.042543,58.347335]],[[7.042543,58.347335],[7.042402,58.347851]],[[7.039487,58.359939],[7.038053,58.360588],[7.036276,58.361102]],[[7.036276,58.361102],[7.033747,58.361463]],[[6.408974,58.472],[6.40672,58.471807],[6.404636,58.471503],[6.400515,58.470437],[6.396967,58.47021],[6.393829,58.469514],[6.390057,58.469119],[6.388748,58.468853],[6.386528,58.468256],[6.384112,58.467896],[6.383237,58.467686]],[[6.383237,58.467686],[6.382519,58.467427]],[[6.416417,58.473084],[6.411854,58.472327],[6.409729,58.472065]],[[6.409729,58.472065],[6.408974,58.472]],[[6.430266,58.475408],[6.428287,58.474967],[6.427112,58.474829],[6.424195,58.474856],[6.423042,58.474799]],[[6.498677,58.486501],[6.496475,58.487228],[6.495472,58.487393],[6.494382,58.487448],[6.493057,58.487351],[6.490943,58.487001],[6.488738,58.486437]],[[6.175429,58.548498],[6.17502,58.548115]],[[6.17502,58.548115],[6.173884,58.547114]],[[6.196507,58.549804],[6.193917,58.54914]],[[6.197386,58.54992],[6.196507,58.549804]],[[6.142012,58.530605],[6.140715,58.530252]],[[6.140715,58.530252],[6.138481,58.529632],[6.136928,58.529012],[6.133459,58.526761]],[[5.979918,58.468451],[5.97336,58.47005]],[[5.981112,58.468055],[5.979918,58.468451]],[[5.814555,58.498857],[5.814304,58.498937]],[[5.817752,58.497833],[5.814555,58.498857]],[[8.043203,58.343356],[8.042856,58.342443],[8.041807,58.340808],[8.041138,58.339013],[8.040644,58.338205],[8.039597,58.337093],[8.036937,58.334815],[8.035373,58.333686],[8.034443,58.333184],[8.030153,58.331654],[8.027008,58.329908],[8.025307,58.329067],[8.023618,58.328346],[8.020699,58.327307],[8.019445,58.326645],[8.014897,58.323068],[8.013852,58.322405],[8.011231,58.320978],[8.009693,58.319846],[8.008256,58.318261],[8.007222,58.316282],[8.006628,58.315473]],[[8.04329,58.344118],[8.043203,58.343356]],[[8.090779,58.393131],[8.090627,58.392866]],[[8.090627,58.392866],[8.089739,58.391923],[8.087568,58.390515],[8.086699,58.3898],[8.085308,58.387996],[8.083044,58.38619],[8.080806,58.383517],[8.080583,58.382733],[8.080814,58.381939],[8.081279,58.381384],[8.082533,58.380372],[8.082993,58.379697],[8.083085,58.378913],[8.08259,58.377962],[8.082119,58.377551],[8.081453,58.37716],[8.078698,58.37619],[8.077624,58.37563],[8.075289,58.37355],[8.073687,58.372392],[8.072818,58.371992],[8.070861,58.371361],[8.070088,58.370974],[8.069271,58.370273],[8.068208,58.368755],[8.067633,58.368266],[8.066728,58.367701]],[[8.315834,58.529703],[8.313635,58.529579]],[[8.313279,58.529578],[8.308622,58.529715],[8.307445,58.529817],[8.306304,58.530008],[8.304676,58.530514],[8.300422,58.532499],[8.298884,58.532893],[8.297452,58.533064],[8.293047,58.53316],[8.288737,58.53348],[8.284232,58.533509],[8.275756,58.53399],[8.273886,58.53381],[8.269063,58.532623],[8.2677,58.532386],[8.266286,58.532237]],[[8.327452,58.531248],[8.326258,58.530991],[8.325076,58.53089],[8.321931,58.531092],[8.320415,58.531003],[8.319335,58.530783],[8.317043,58.529976],[8.315834,58.529703]],[[8.335359,58.530646],[8.333846,58.531109]],[[8.337637,58.530443],[8.335919,58.530545]],[[8.335919,58.530545],[8.335359,58.530646]],[[8.341886,58.53135],[8.340473,58.530954]],[[8.339589,58.530714],[8.338672,58.530532],[8.337637,58.530443]],[[8.398281,58.585454],[8.397253,58.584348],[8.396116,58.583348]],[[8.391099,58.578816],[8.386518,58.57658],[8.385344,58.575765],[8.384527,58.574969],[8.384008,58.574242],[8.382477,58.57137],[8.379958,58.568688],[8.378575,58.565091],[8.37818,58.564413],[8.37726,58.563544],[8.3754,58.562442],[8.374455,58.561695],[8.372313,58.559243],[8.370112,58.556456],[8.369514,58.555135],[8.369415,58.552884],[8.369026,58.551833],[8.368288,58.550963],[8.363864,58.546859],[8.362753,58.545648],[8.361622,58.54391],[8.360262,58.540856]],[[8.401729,58.588625],[8.401525,58.588339]],[[8.401525,58.588339],[8.400598,58.58741],[8.398917,58.586147],[8.398281,58.585454]],[[8.436324,58.610433],[8.434419,58.610148]],[[8.434419,58.610148],[8.432696,58.609671],[8.428092,58.607757],[8.422835,58.605868],[8.422035,58.605438],[8.421342,58.604929],[8.42078,58.604335],[8.420395,58.603647]],[[8.440377,58.610705],[8.436324,58.610433]],[[8.441914,58.610811],[8.440852,58.610736]],[[8.448965,58.612694],[8.447649,58.612334]],[[8.447649,58.612334],[8.443606,58.611088],[8.441914,58.610811]],[[8.45423,58.615513],[8.453043,58.615004],[8.45076,58.61345],[8.448965,58.612694]],[[8.457665,58.615919],[8.455581,58.615821],[8.45423,58.615513]],[[8.479701,58.627756],[8.479062,58.627218]],[[8.479062,58.627218],[8.477009,58.625059],[8.476206,58.624359],[8.474934,58.62355],[8.473132,58.622639],[8.472304,58.622059],[8.470815,58.620192],[8.469761,58.619371],[8.468457,58.61878],[8.465577,58.617948],[8.462589,58.616515],[8.461555,58.616213],[8.460516,58.616021]],[[8.574956,58.646096],[8.574153,58.645548]],[[8.576796,58.646915],[8.575827,58.646569],[8.574956,58.646096]],[[8.578907,58.647223],[8.577794,58.647122],[8.576796,58.646915]],[[8.585183,58.648915],[8.582474,58.647801],[8.581624,58.647532],[8.580567,58.647331],[8.578907,58.647223]],[[8.673937,58.656035],[8.672535,58.655777],[8.671405,58.655712]],[[8.688942,58.677205],[8.687606,58.6767],[8.686868,58.676234],[8.686325,58.675681],[8.684965,58.673885],[8.684382,58.673438],[8.683459,58.672991],[8.6826,58.672729],[8.681411,58.672531],[8.680243,58.672484],[8.678393,58.672561],[8.676994,58.672462],[8.675962,58.672246],[8.674758,58.671788],[8.673652,58.670967],[8.671363,58.66839],[8.671036,58.667633],[8.671081,58.666998],[8.673101,58.66199],[8.673819,58.661108],[8.675621,58.660012],[8.676103,58.659594]],[[8.676103,58.659594],[8.676546,58.658934]],[[8.759432,58.71456],[8.758448,58.713791]],[[8.771148,58.719116],[8.768201,58.717616],[8.766744,58.717007],[8.764695,58.716339],[8.761539,58.715581],[8.760377,58.715124],[8.759432,58.71456]],[[9.036468,58.865783],[9.039774,58.86457],[9.044221,58.863139],[9.047356,58.861847],[9.048422,58.861286],[9.049324,58.860654],[9.050313,58.859764],[9.051981,58.857997],[9.052781,58.857408],[9.053616,58.857004],[9.054515,58.856707],[9.057389,58.856117]],[[9.074756,58.849505],[9.075735,58.848876],[9.076316,58.848278],[9.076613,58.847487],[9.076472,58.846733],[9.0759,58.846005],[9.074312,58.844886],[9.07357,58.844181],[9.073043,58.843321],[9.072729,58.842047],[9.072464,58.841517],[9.072,58.840976],[9.070638,58.839928],[9.070235,58.839464],[9.069964,58.838726],[9.06997,58.837213],[9.069514,58.836464],[9.068589,58.835773],[9.067189,58.835132],[9.065232,58.834464],[9.060421,58.833017],[9.059431,58.832596],[9.058122,58.831721],[9.057538,58.831131],[9.05723,58.830255],[9.057405,58.829458]],[[9.014708,58.785068],[9.013774,58.784982],[9.012279,58.784964],[9.011317,58.785026],[9.010568,58.785171]],[[9.015249,58.872129],[9.016318,58.871596],[9.017179,58.871336]],[[9.017179,58.871336],[9.019521,58.870849]],[[9.019014,58.877339],[9.017503,58.876488]],[[9.030239,58.883395],[9.030048,58.882222]],[[9.030434,58.884245],[9.030262,58.88373]],[[9.032113,58.885805],[9.030993,58.884912],[9.030434,58.884245]],[[9.045969,58.886957],[9.044573,58.886547],[9.042912,58.886362],[9.036651,58.886768],[9.035506,58.886763],[9.033882,58.886521],[9.032631,58.886086]],[[9.055088,58.887379],[9.050622,58.887775],[9.049822,58.8878],[9.048682,58.887723]],[[9.057756,58.887478],[9.055884,58.887338]],[[9.060364,58.8885],[9.059199,58.887871],[9.057756,58.887478]],[[9.061105,58.889328],[9.060364,58.8885]],[[9.059597,58.89478],[9.061158,58.892928],[9.061409,58.892259],[9.06147,58.891547]],[[9.059805,58.89732],[9.059306,58.896711],[9.059078,58.895945],[9.059207,58.895301],[9.059597,58.89478]],[[9.091196,58.907359],[9.088558,58.907126],[9.087641,58.906943],[9.086467,58.906594],[9.084984,58.905899],[9.083116,58.904507],[9.082042,58.903898],[9.080772,58.903451],[9.078798,58.902997]],[[9.06126,58.889752],[9.061105,58.889328]],[[9.097248,58.909747],[9.096684,58.909466]],[[9.135619,58.943837],[9.136226,58.941018],[9.137708,58.938139],[9.137837,58.937512],[9.137758,58.936732],[9.136244,58.933379],[9.135497,58.932381],[9.134002,58.930912],[9.131065,58.929093]],[[9.157685,58.965996],[9.157316,58.965297]],[[9.157316,58.968475],[9.157707,58.966611],[9.157685,58.965996]],[[9.149564,58.985169],[9.149779,58.984357],[9.149243,58.982596],[9.149316,58.981597],[9.150155,58.97852],[9.15116,58.977204]],[[9.148628,58.986319],[9.149564,58.985169]],[[9.069662,59.072005],[9.069865,59.071492],[9.069978,59.070472],[9.069841,59.069197]],[[9.069456,59.072335],[9.069662,59.072005]],[[9.069841,59.069197],[9.06959,59.068657]],[[9.076948,59.058323],[9.078344,59.057413],[9.079206,59.056969],[9.080182,59.056654],[9.082633,59.056147],[9.083955,59.055616],[9.085707,59.054497],[9.086297,59.05384],[9.086713,59.053101]],[[9.086927,59.050426],[9.086942,59.049968],[9.087157,59.049438]],[[9.087086,59.051147],[9.087025,59.050897]],[[9.087025,59.050897],[9.086987,59.050727]],[[9.086987,59.050727],[9.086927,59.050426]],[[11.66985,58.934796],[11.669883,58.934691]],[[10.40443,59.28822],[10.405741,59.286588],[10.406948,59.284769]],[[10.229795,59.553419],[10.230787,59.552385]],[[10.762547,59.908735],[10.764718,59.908383]],[[10.760131,59.909184],[10.761164,59.908935]],[[9.476709,60.430194],[9.476368,60.430395]],[[9.359858,60.432477],[9.359477,60.432586]],[[9.455852,60.441967],[9.453561,60.442391],[9.451772,60.443078],[9.450779,60.443748],[9.449209,60.445389],[9.448353,60.445919],[9.447396,60.446323],[9.445905,60.446729],[9.441762,60.44748],[9.437289,60.448428],[9.434987,60.448577],[9.433139,60.448459],[9.426712,60.447461],[9.424907,60.447039],[9.423737,60.446675]],[[9.325715,60.44307],[9.325236,60.443736],[9.324711,60.444192],[9.323982,60.44462],[9.322017,60.445422],[9.320941,60.445997],[9.320293,60.446475],[9.319143,60.447579],[9.318418,60.448076],[9.314558,60.449822]],[[8.869733,58.77645],[8.868169,58.776008]],[[8.950538,58.78441],[8.949267,58.784121]],[[8.868169,58.776008],[8.866752,58.775515],[8.865629,58.774812],[8.865068,58.77418],[8.86449,58.773071],[8.864128,58.772625],[8.862645,58.771573]],[[8.862645,58.771573],[8.862412,58.771411]],[[8.918741,58.782672],[8.918573,58.782651]],[[8.949267,58.784121],[8.947838,58.783881],[8.946368,58.78373],[8.944522,58.783666],[8.943019,58.783712],[8.940267,58.783982],[8.933079,58.785035],[8.931839,58.78513],[8.930491,58.785116],[8.929008,58.784957],[8.927835,58.784711],[8.924753,58.783586],[8.923498,58.78325],[8.922128,58.783033],[8.919533,58.782769]],[[8.899276,58.784987],[8.898023,58.785241],[8.896381,58.785385],[8.894819,58.78533],[8.893225,58.785074],[8.890881,58.784403],[8.889781,58.783992],[8.886495,58.782207],[8.88397,58.781215],[8.881201,58.780492],[8.876294,58.779669],[8.875014,58.779284],[8.873874,58.77881]],[[8.967663,58.793272],[8.966422,58.792099],[8.965089,58.791373],[8.96323,58.790707],[8.959868,58.789857],[8.958622,58.789335],[8.956808,58.788124],[8.955094,58.786249],[8.954577,58.785823],[8.953496,58.785246],[8.952179,58.784824]],[[8.97652,58.794549],[8.975623,58.794607]],[[8.981145,58.794684],[8.979888,58.794576]],[[8.972139,58.794848],[8.970416,58.794646]],[[8.998139,58.787772],[8.997059,58.788527],[8.996324,58.789281],[8.994535,58.792173],[8.99391,58.792943],[8.992894,58.793723],[8.991488,58.794418],[8.989341,58.795034],[8.987993,58.795236],[8.986863,58.795304],[8.985264,58.795238],[8.981145,58.794684]],[[8.973897,58.794764],[8.972139,58.794848]],[[8.979888,58.794576],[8.978134,58.794514],[8.97652,58.794549]],[[6.498992,58.486406],[6.498677,58.486501]],[[6.513619,58.477004],[6.512076,58.478685],[6.51003,58.480102],[6.507443,58.482459],[6.50597,58.484205],[6.505262,58.484758],[6.504455,58.485151],[6.50274,58.485714],[6.498992,58.486406]],[[7.373049,58.312843],[7.372566,58.313474]],[[7.370967,58.307823],[7.371448,58.308393]],[[7.373934,58.311001],[7.373517,58.312154]],[[7.369996,58.300551],[7.369137,58.301874],[7.368679,58.303019]],[[7.369629,58.296852],[7.37022,58.297244]],[[7.370608,58.297612],[7.371026,58.29842]],[[7.36852,58.304905],[7.368616,58.305141]],[[7.371047,58.298543],[7.37104,58.298948]],[[7.362947,58.288164],[7.362645,58.288978],[7.362658,58.29067],[7.362993,58.291453],[7.36394,58.29274],[7.365029,58.29411],[7.365917,58.294928],[7.367345,58.295808],[7.369629,58.296852]],[[7.371026,58.29842],[7.371047,58.298543]],[[7.37022,58.297244],[7.370608,58.297612]],[[7.373517,58.312154],[7.373049,58.312843]],[[7.37104,58.298948],[7.370786,58.299589],[7.369996,58.300551]],[[7.368679,58.303019],[7.368444,58.304341],[7.36852,58.304905]],[[7.371448,58.308393],[7.373424,58.309844],[7.373769,58.310348],[7.373934,58.311001]],[[7.368616,58.305141],[7.369109,58.305771],[7.370318,58.30685],[7.370967,58.307823]],[[7.369705,58.315755],[7.368847,58.316754]],[[7.375637,58.282036],[7.374944,58.282827],[7.374544,58.283929],[7.374146,58.28452],[7.373444,58.285081],[7.372426,58.285535]],[[7.396465,58.277658],[7.395368,58.27798],[7.391982,58.278663],[7.38514,58.280394],[7.383714,58.280528],[7.381117,58.28047],[7.379533,58.280665],[7.377029,58.281348],[7.376235,58.281677],[7.375637,58.282036]],[[7.850065,58.151711],[7.849915,58.15177]],[[7.851077,58.151386],[7.850065,58.151711]],[[8.350052,58.534884],[8.349782,58.534751]],[[8.349782,58.534751],[8.34627,58.532731],[8.345247,58.532315],[8.34394,58.531926]],[[8.34394,58.531926],[8.343425,58.531779]],[[8.343425,58.531779],[8.341886,58.53135]],[[8.242676,58.525362],[8.242227,58.525237]],[[8.242093,58.525201],[8.23963,58.524481],[8.230848,58.521664]],[[8.230848,58.521664],[8.232135,58.522143],[8.238437,58.524162],[8.240862,58.524903],[8.242093,58.525201]],[[11.984331,57.728222],[11.983983,57.728055]],[[11.985087,57.728513],[11.984331,57.728222]],[[11.983983,57.728055],[11.983588,57.727838]],[[11.983588,57.727838],[11.982828,57.727392]],[[6.53621,60.656901],[6.536253,60.656793]],[[6.575931,60.679453],[6.575591,60.679399]],[[6.576236,60.679494],[6.575931,60.679453]],[[6.537892,60.667608],[6.536942,60.667363]],[[6.536788,60.667309],[6.535692,60.666721],[6.535087,60.666007],[6.534976,60.665497],[6.53528,60.664266],[6.535206,60.663379],[6.534852,60.66265],[6.533611,60.661144],[6.53334,60.660355],[6.533423,60.65984],[6.533754,60.659289],[6.53554,60.657835],[6.53621,60.656901]],[[6.536253,60.656793],[6.536392,60.656076],[6.536313,60.655506],[6.535498,60.653633],[6.535736,60.652281],[6.535528,60.651641],[6.535119,60.651183],[6.53446,60.650746],[6.531192,60.649231],[6.529992,60.64894],[6.528854,60.648837],[6.527855,60.648866],[6.525397,60.64911],[6.524289,60.649082],[6.523347,60.648968],[6.519245,60.647894],[6.513928,60.64681],[6.505045,60.644734],[6.503794,60.644594],[6.502379,60.644644]],[[6.622341,60.679174],[6.620635,60.679125]],[[6.038043,60.6412],[6.035898,60.641236],[6.031174,60.640948],[6.029573,60.640993],[6.027791,60.641162]],[[5.962297,60.637951],[5.962018,60.63795]],[[5.962018,60.63795],[5.961935,60.637949]],[[6.172784,60.636792],[6.172511,60.636818]],[[5.964436,60.638092],[5.962577,60.637954]],[[6.172511,60.636818],[6.171286,60.637022],[6.167582,60.638022],[6.163473,60.638722],[6.161405,60.639263],[6.158228,60.640494],[6.155994,60.641876],[6.155038,60.642357],[6.151113,60.643713]],[[5.942386,60.634314],[5.924169,60.626762],[5.919132,60.624977],[5.914256,60.623477],[5.910012,60.622334],[5.83054,60.602422],[5.827563,60.601467],[5.824985,60.600234]],[[5.733896,60.481351],[5.733801,60.480534],[5.734302,60.47955],[5.73524,60.478735],[5.736458,60.477976]],[[5.731811,60.496832],[5.73179,60.495318],[5.732097,60.494048],[5.732586,60.493191],[5.733846,60.49176]],[[5.730243,60.454788],[5.728365,60.454456]],[[5.73887,60.45841],[5.738549,60.458107]],[[5.738285,60.457914],[5.737992,60.457695]],[[5.736179,60.456623],[5.73502,60.456152]],[[5.738999,60.458565],[5.73887,60.45841]],[[5.738549,60.458107],[5.738285,60.457914]],[[5.728365,60.454456],[5.727299,60.454224]],[[5.739339,60.459378],[5.738999,60.458565]],[[5.737992,60.457695],[5.736179,60.456623]],[[5.73502,60.456152],[5.730243,60.454788]],[[5.727929,60.504525],[5.728117,60.503306],[5.728456,60.502867],[5.729065,60.50239]],[[5.818644,60.588921],[5.818281,60.588006],[5.817472,60.587149],[5.815095,60.585701],[5.813353,60.584867]],[[5.812386,60.584459],[5.812224,60.58439]],[[5.812224,60.58439],[5.809599,60.583287],[5.808287,60.582568]],[[9.126748,62.070308],[9.126996,62.070683]],[[9.124313,62.066197],[9.126115,62.069324]],[[10.380708,63.431952],[10.38667,63.433449],[10.392165,63.435317]],[[10.391519,63.435085],[10.392195,63.435279]],[[8.805104,58.733864],[8.798701,58.730254],[8.796061,58.729064],[8.789261,58.726743],[8.78506,58.725455],[8.782656,58.724568],[8.778813,58.723677],[8.778011,58.723348],[8.777166,58.722842]],[[8.771321,58.719205],[8.771148,58.719116]],[[8.862412,58.771411],[8.861994,58.77107]],[[8.861994,58.77107],[8.861854,58.770933]],[[8.628212,58.658284],[8.63293,58.656304],[8.634108,58.655663]],[[8.626641,58.65879],[8.625195,58.65918],[8.624336,58.659589],[8.621901,58.661668],[8.621222,58.66257],[8.621077,58.663357],[8.621333,58.664145],[8.622468,58.665681],[8.623217,58.666326]],[[9.030048,58.882222],[9.029339,58.881417],[9.028083,58.880746],[9.027353,58.880515],[9.024646,58.879944],[9.023498,58.879629],[9.021895,58.879033],[9.021056,58.878624]],[[9.021056,58.878624],[9.02085,58.878511]],[[9.046092,58.887001],[9.045969,58.886957]],[[9.048682,58.887723],[9.047461,58.88748],[9.046092,58.887001]],[[12.535418,58.355734],[12.535642,58.355703]],[[12.542227,58.354778],[12.650311,58.339593]],[[11.270143,58.913805],[11.267968,58.915641],[11.265762,58.917898],[11.260158,58.926235]],[[11.260107,58.926312],[11.260158,58.926235]],[[8.624525,58.668413],[8.624495,58.668494]],[[9.014183,58.873469],[9.014221,58.873333]],[[9.014658,58.874948],[9.014529,58.874794]],[[9.014529,58.874794],[9.014192,58.874134],[9.014183,58.873469]],[[9.017503,58.876488],[9.015678,58.875694],[9.014658,58.874948]],[[11.983225,57.710616],[11.981834,57.71034]],[[12.060254,63.336913],[12.060416,63.336859]],[[12.200841,57.676371],[12.203846,57.677586],[12.204519,57.678008]],[[5.574803,60.428268],[5.572842,60.427853],[5.571974,60.427578],[5.571373,60.427231],[5.570489,60.426527]],[[5.54801,60.42274],[5.547396,60.422742]],[[5.589563,60.42774],[5.587988,60.428411]],[[5.513509,60.423625],[5.512485,60.423813]],[[5.614637,60.428813],[5.611769,60.428716]],[[5.566574,60.42504],[5.563239,60.423562],[5.561947,60.423124],[5.559802,60.422729],[5.557584,60.422646]],[[5.587988,60.428411],[5.582108,60.430124]],[[5.511369,60.423937],[5.509312,60.423986]],[[15.088666,67.321887],[15.086433,67.321689],[15.084589,67.321417]],[[15.084589,67.321417],[15.081934,67.320982],[15.08063,67.320842],[15.078805,67.320773],[15.077598,67.320804],[15.075034,67.321085],[15.070933,67.32203],[15.069694,67.322248],[15.068098,67.32241],[15.066711,67.322462],[15.061853,67.322441],[15.054557,67.322602],[15.053274,67.322516],[15.049341,67.322057],[15.047031,67.321945],[15.040338,67.322253],[15.037727,67.322166],[15.03559,67.321869],[15.03247,67.32119],[15.029855,67.320475],[15.028128,67.319878],[15.02656,67.319027],[15.024333,67.316875],[15.022746,67.315917]],[[15.167433,67.328764],[15.167208,67.328862]],[[15.162041,67.330052],[15.158255,67.33043],[15.15573,67.330461]],[[15.171038,67.324767],[15.169118,67.327622],[15.168491,67.328169],[15.167433,67.328764]],[[15.182752,67.306732],[15.181506,67.308709],[15.180874,67.311253],[15.180569,67.311866],[15.179825,67.312587],[15.177904,67.313776]],[[15.182937,67.306245],[15.182752,67.306732]],[[15.262915,67.269811],[15.26082,67.270972],[15.258991,67.271661],[15.256341,67.272257],[15.253471,67.272592]],[[15.306309,67.267267],[15.305975,67.267315]],[[15.285907,67.265178],[15.28377,67.265353]],[[15.298083,67.267257],[15.296502,67.266883],[15.294456,67.266266]],[[15.2698,67.267493],[15.268174,67.267719],[15.266675,67.268058],[15.265208,67.268566],[15.264093,67.269132]],[[15.292992,67.265865],[15.291142,67.265517],[15.289216,67.265294],[15.287603,67.265182],[15.285907,67.265178]],[[15.305975,67.267315],[15.303799,67.267568],[15.302054,67.267619],[15.299906,67.267512],[15.298083,67.267257]],[[15.28377,67.265353],[15.282119,67.26564],[15.27873,67.266483],[15.277199,67.266767],[15.2698,67.267493]],[[15.421228,67.230213],[15.421434,67.231349],[15.422354,67.232264],[15.423895,67.233055],[15.426154,67.233762]],[[12.165137,63.318779],[12.162142,63.318134],[12.160473,63.31789],[12.137157,63.315274],[12.135113,63.314916],[12.128906,63.313472],[12.125802,63.313075],[12.122795,63.312929],[12.120506,63.312984],[12.110944,63.313739],[12.10887,63.314019]],[[12.10887,63.314019],[12.096684,63.316904],[12.095483,63.317132]],[[12.247488,58.971067],[12.246889,58.973907],[12.246921,58.974781],[12.247744,58.976827],[12.247774,58.97815],[12.247923,58.978697],[12.249349,58.981288],[12.24986,58.982524]],[[12.247511,58.970966],[12.247488,58.971067]],[[12.008512,58.345381],[12.0088,58.345357]],[[11.994523,58.347611],[11.996177,58.347413],[11.999849,58.347384],[12.001343,58.347232],[12.002674,58.346931],[12.005933,58.345822],[12.006864,58.345613],[12.008512,58.345381]],[[10.37908,59.74281],[10.378655,59.74282]],[[10.378655,59.74282],[10.376576,59.742857],[10.374797,59.742679],[10.369848,59.741383],[10.368667,59.741155],[10.367116,59.741095],[10.365373,59.741338]],[[12.249947,58.982804],[12.251147,58.9855]],[[10.900068,63.446216],[10.901734,63.446264],[10.903209,63.446219]],[[12.004308,57.761523],[12.006579,57.767078],[12.007193,57.769309],[12.007254,57.771623],[12.006593,57.778635],[12.006657,57.779823],[12.006991,57.781401],[12.007411,57.782566],[12.008117,57.78396],[12.012684,57.791398],[12.013537,57.792905],[12.014394,57.794801],[12.014991,57.796721],[12.015277,57.798237],[12.01555,57.802904]],[[12.00441,57.761494],[12.00431,57.761004]],[[12.00431,57.761004],[12.004216,57.759812],[12.004356,57.758591]],[[12.004206,57.761138],[12.004308,57.761523]],[[9.673365,59.129721],[9.674163,59.129163]],[[9.670713,59.131867],[9.669321,59.132951],[9.667786,59.133937]],[[12.456921,58.693379],[12.4568,58.693244]],[[12.464856,58.701945],[12.461543,58.698368]],[[12.461543,58.698368],[12.456921,58.693379]],[[12.650898,57.987907],[12.650356,57.987764]],[[12.650356,57.987764],[12.639077,57.98484],[12.636408,57.98391],[12.634568,57.983093],[12.586797,57.956394]],[[12.650871,57.987944],[12.65234,57.988317]],[[12.65234,57.988317],[12.668013,57.992337],[12.67067,57.993162],[12.683763,57.998258],[12.707726,58.00862],[12.709373,58.009241]],[[12.650323,57.987809],[12.650871,57.987944]],[[12.080014,57.49299],[12.080053,57.493791]],[[12.080124,57.496144],[12.080505,57.502556],[12.080707,57.504109],[12.08118,57.50598],[12.083128,57.511743],[12.083985,57.513562],[12.085297,57.515661],[12.090175,57.521618]],[[12.080277,57.497437],[12.08013,57.493788]],[[11.983217,57.710476],[11.98541,57.711003],[11.987137,57.711646],[11.993115,57.715142]],[[11.984046,57.71061],[11.979088,57.70968]],[[5.458041,60.417381],[5.460476,60.418443],[5.461613,60.418841]],[[5.470251,60.42129],[5.471294,60.421594]],[[12.062814,63.326416],[12.061131,63.326887],[12.06007,63.327446],[12.059347,63.328183],[12.059157,63.329059],[12.059432,63.329695],[12.060327,63.330584],[12.060905,63.330924],[12.063112,63.331905],[12.063896,63.332529],[12.064171,63.332965]],[[12.904417,58.309161],[12.907241,58.307015]],[[12.246932,58.993447],[12.246525,58.994332],[12.246447,58.996581],[12.245491,58.99904],[12.245995,59.000882],[12.245625,59.002141],[12.245793,59.002713]],[[12.246104,59.003335],[12.246259,59.003643]],[[12.24986,58.982524],[12.249947,58.982804]],[[11.997929,57.71038],[11.997973,57.710248]],[[11.993899,57.728371],[11.992763,57.728579]],[[11.994469,57.72896],[11.993152,57.729201]],[[11.992763,57.728579],[11.990123,57.729015],[11.988607,57.729083]],[[11.993152,57.729201],[11.991303,57.729487],[11.989537,57.729555]],[[11.998888,57.718683],[12.000026,57.719359]],[[11.826633,58.07475],[11.826901,58.075015]],[[11.826901,58.075015],[11.828456,58.076596]],[[11.849326,57.946405],[11.846054,57.950548],[11.845547,57.951567],[11.845442,57.952805],[11.846309,57.956503],[11.846195,57.957545],[11.845741,57.958543],[11.844549,57.959845],[11.839955,57.964289],[11.834045,57.971956],[11.832796,57.973885],[11.832368,57.9756],[11.832544,57.977317],[11.833059,57.97848],[11.83429,57.980307],[11.834608,57.981504],[11.834553,57.982254],[11.833885,57.984182]],[[11.916648,57.85991],[11.918099,57.864348]],[[11.852188,57.942784],[11.849326,57.946405]],[[11.822311,58.070389],[11.826633,58.07475]],[[11.914555,57.850698],[11.914647,57.853671],[11.916648,57.85991]],[[11.984299,57.710759],[11.980588,57.71004]],[[11.998145,57.718188],[11.993666,57.715539]],[[11.993096,57.715272],[11.986966,57.711686],[11.985323,57.711071],[11.983398,57.71061]],[[11.98132,57.710311],[11.980027,57.710167]],[[11.979462,57.709983],[11.974213,57.709071]],[[7.936308,58.235847],[7.936248,58.235786]],[[7.934692,58.233856],[7.934651,58.233334],[7.935004,58.231465],[7.934951,58.230155]],[[10.665841,60.961537],[10.665258,60.962379],[10.664596,60.962861],[10.663959,60.963174]],[[10.677151,60.952439],[10.670715,60.955813],[10.668871,60.957039],[10.667745,60.958074],[10.667049,60.959021],[10.665841,60.961537]],[[11.476081,59.119665],[11.47602,59.119564]],[[11.470798,59.105641],[11.472362,59.105161],[11.473472,59.10467],[11.474466,59.104029],[11.475123,59.103395],[11.475566,59.102688],[11.475757,59.101991],[11.475532,59.099231],[11.475648,59.098481],[11.475935,59.097822],[11.476464,59.097096],[11.477089,59.096515],[11.479772,59.094656],[11.480526,59.093611],[11.480672,59.092764],[11.480506,59.092099],[11.48012,59.091475],[11.478646,59.08992],[11.478083,59.089142],[11.477741,59.08836],[11.477609,59.087291]],[[9.871482,59.738445],[9.871316,59.738314]],[[9.871316,59.738314],[9.870945,59.737957]],[[10.424902,60.250716],[10.422839,60.249107],[10.420593,60.247699],[10.418518,60.246616],[10.412889,60.243959]],[[10.42649,60.254656],[10.426521,60.254582]],[[9.39573,61.863068],[9.394801,61.863515],[9.394179,61.864053]],[[9.394543,61.865991],[9.395474,61.866523],[9.396814,61.866921]],[[9.393891,61.864696],[9.394001,61.865336],[9.394543,61.865991]],[[9.397958,61.867166],[9.401723,61.86788],[9.407341,61.868649],[9.412137,61.86987],[9.413475,61.870333],[9.414567,61.870872],[9.41633,61.872249]],[[12.535642,58.355703],[12.542227,58.354778]],[[12.435934,58.356886],[12.439845,58.358001],[12.44353,58.358846],[12.454871,58.36132],[12.47169,58.364862]],[[10.78205,62.276845],[10.781707,62.276752]],[[10.781707,62.276752],[10.778934,62.275906]],[[10.76753,59.9044],[10.770054,59.905328],[10.771009,59.905602]],[[10.762166,59.909551],[10.76166,59.90965]],[[10.76166,59.90965],[10.760078,59.909928]],[[10.719384,62.268624],[10.717801,62.268867],[10.716046,62.268936],[10.71468,62.268825],[10.713185,62.268516],[10.712368,62.268237],[10.709959,62.267152],[10.708116,62.266483],[10.706219,62.265934],[10.702886,62.265155],[10.701089,62.264588],[10.691748,62.260284],[10.6905,62.259955],[10.688259,62.259564],[10.687181,62.259245]],[[10.657571,62.219026],[10.65748,62.218829]],[[10.790476,59.905308],[10.787995,59.905293],[10.785211,59.905496]],[[10.787764,59.905127],[10.78789,59.905126]],[[10.784918,59.905178],[10.785228,59.905166]],[[10.785588,59.905157],[10.785734,59.905153]],[[10.785734,59.905153],[10.787764,59.905127]],[[10.801707,59.905801],[10.802738,59.90583]],[[10.833838,59.924202],[10.833629,59.923527]],[[10.66072,59.918694],[10.662689,59.919573]],[[10.673425,59.923065],[10.674948,59.923054],[10.676209,59.922879]],[[10.661137,59.918931],[10.660346,59.918578]],[[12.002536,57.725683],[12.002551,57.726328],[12.002891,57.726937]],[[12.234402,59.030291],[12.233966,59.032259],[12.233424,59.033446],[12.232743,59.03553],[12.23293,59.03663],[12.233767,59.037644],[12.234611,59.038167],[12.238328,59.039856],[12.238737,59.040241],[12.239036,59.040786],[12.239097,59.042056],[12.239499,59.04276],[12.243697,59.046101],[12.244426,59.046446],[12.245785,59.046781],[12.246543,59.046861],[12.249359,59.046816],[12.251301,59.046909],[12.252675,59.047034],[12.254325,59.047526],[12.255169,59.047983],[12.255592,59.048358],[12.257443,59.050678],[12.257722,59.051346],[12.257159,59.05451],[12.256405,59.056938],[12.256381,59.058217],[12.256551,59.059125],[12.258241,59.062015],[12.258672,59.062983],[12.259209,59.06425],[12.259462,59.06543],[12.259249,59.066166],[12.258477,59.067722],[12.257718,59.070196],[12.256483,59.072556],[12.256467,59.073804],[12.256624,59.074854],[12.256018,59.07724],[12.255669,59.079601],[12.255515,59.079957],[12.254532,59.081094],[12.253521,59.081692],[12.252379,59.082147],[12.251568,59.082582],[12.250741,59.083359],[12.250477,59.083807],[12.248992,59.088449],[12.248988,59.088906],[12.250046,59.091247],[12.250122,59.092208],[12.249736,59.093364],[12.248789,59.094735],[12.247425,59.096194],[12.246398,59.098094],[12.246344,59.098838],[12.246471,59.099235],[12.24749,59.100788],[12.247548,59.101739],[12.247453,59.10259],[12.246704,59.103832],[12.246451,59.104717],[12.246942,59.106148],[12.247091,59.107309],[12.245702,59.110727],[12.245641,59.111212],[12.246103,59.113315],[12.246784,59.115075],[12.247546,59.116534],[12.247319,59.117295],[12.245779,59.118876],[12.245638,59.119271],[12.245926,59.12138],[12.245867,59.122371],[12.245681,59.122795],[12.24533,59.123087],[12.244813,59.123445],[12.24227,59.124805],[12.24164,59.125262],[12.241424,59.125563],[12.240899,59.126905],[12.240052,59.128388],[12.23996,59.128813],[12.240082,59.129872],[12.240811,59.131983],[12.240936,59.132755],[12.240617,59.13378],[12.238185,59.136965],[12.237212,59.138695],[12.23641,59.139309],[12.23537,59.139815],[12.234618,59.14003],[12.233855,59.1402],[12.232541,59.140278],[12.229783,59.140013],[12.225171,59.139924],[12.223506,59.140257],[12.221499,59.141154],[12.220431,59.141407],[12.219363,59.1415],[12.218311,59.141488],[12.215855,59.141013],[12.214536,59.140846],[12.213022,59.140899],[12.209921,59.141253],[12.208391,59.141261],[12.207578,59.141187],[12.205905,59.140787],[12.205043,59.140384],[12.203918,59.139583],[12.202551,59.13894],[12.199974,59.138284],[12.197615,59.137382],[12.19627,59.137095],[12.192914,59.136836],[12.191645,59.136986],[12.190596,59.137265],[12.188341,59.138486]],[[12.388683,58.635461],[12.38845,58.635644]],[[12.38845,58.635644],[12.372218,58.649275],[12.370481,58.650775],[12.36848,58.652729]],[[12.412425,58.633988],[12.394415,58.608966]],[[12.412487,58.63407],[12.412425,58.633988]],[[14.148824,66.320093],[14.149835,66.321029],[14.150898,66.323817],[14.151457,66.324564]],[[14.148622,66.319977],[14.148824,66.320093]],[[14.151457,66.324564],[14.151562,66.324648]],[[14.151562,66.324648],[14.152264,66.325057],[14.153314,66.32544],[14.154811,66.325733],[14.155903,66.325827],[14.158152,66.325738],[14.15933,66.325522],[14.160525,66.325166]],[[8.622149,58.702134],[8.621551,58.703716]],[[8.616596,58.697653],[8.618002,58.698337]],[[8.623217,58.666326],[8.624198,58.667055]],[[8.619245,58.670244],[8.616048,58.669782],[8.615041,58.669774],[8.613702,58.669937],[8.612911,58.670128],[8.608874,58.671491],[8.603538,58.672742],[8.602288,58.673194],[8.600963,58.673918],[8.600195,58.674589],[8.599715,58.675258],[8.599513,58.675985],[8.599701,58.676633],[8.600144,58.677138],[8.60084,58.677592],[8.602944,58.678392],[8.604359,58.679221],[8.605361,58.680336],[8.605647,58.681249]],[[8.621446,58.703841],[8.620885,58.704315],[8.620329,58.704615],[8.619795,58.704823],[8.61883,58.705047]],[[11.977567,57.725733],[11.976609,57.725664]],[[12.273108,58.357756],[12.272922,58.357449]],[[9.894147,59.77788],[9.894308,59.777361],[9.89495,59.776444],[9.895833,59.775776],[9.897557,59.774748]],[[9.894134,59.777946],[9.894147,59.77788]],[[11.930582,58.353414],[11.932272,58.35324]],[[11.935772,58.124498],[11.936274,58.125117],[11.936632,58.125795],[11.937354,58.128234],[11.939149,58.13095],[11.939372,58.131915],[11.939813,58.139626],[11.93969,58.14042],[11.939338,58.14131],[11.938361,58.142435]],[[11.9204,58.226796],[11.920215,58.227189]],[[11.832998,58.013048],[11.835346,58.017795]],[[11.938361,58.142435],[11.934424,58.146559]],[[11.92379,58.35411],[11.917205,58.354795]],[[11.835346,58.017795],[11.837139,58.021426]],[[11.918826,58.21803],[11.920995,58.221079],[11.92123,58.222371]],[[8.619251,58.699062],[8.620781,58.700181],[8.62194,58.701341]],[[8.62194,58.701341],[8.622149,58.702134]],[[11.981834,57.71034],[11.98118,57.71023]],[[11.980568,57.710163],[11.98118,57.71023]],[[12.931013,58.282664],[12.931333,58.28233]],[[12.914404,58.300125],[12.931013,58.282664]],[[12.651023,58.339491],[12.715184,58.3305],[12.744986,58.326813],[12.74859,58.326309],[12.777105,58.322739],[12.794291,58.320776]],[[12.794291,58.320776],[12.794549,58.320746]],[[11.984161,57.728265],[11.984545,57.728474]],[[11.984545,57.728474],[11.984758,57.72858]],[[11.983886,57.728106],[11.984161,57.728265]],[[11.983504,57.727873],[11.983886,57.728106]],[[11.98321,57.727693],[11.983504,57.727873]],[[7.208242,58.331389],[7.207063,58.331312]],[[7.207063,58.331312],[7.205885,58.331258],[7.204333,58.331303]],[[11.248269,60.329862],[11.248263,60.3299]],[[11.255851,60.325991],[11.2526,60.327003],[11.250358,60.328064]],[[7.181475,60.729548],[7.18041,60.729956]],[[7.123677,60.738814],[7.12294,60.738268],[7.122552,60.737625]],[[7.174754,60.72971],[7.172951,60.729284],[7.171328,60.729159],[7.170056,60.729231],[7.167115,60.72962]],[[7.119183,60.732904],[7.112011,60.732259]],[[7.125,60.739317],[7.124529,60.739178]],[[7.190178,60.725735],[7.188432,60.726742]],[[7.193295,60.724017],[7.191592,60.724835]],[[7.122393,60.736869],[7.122205,60.738066],[7.122339,60.738501],[7.122584,60.738785],[7.123386,60.739231],[7.126249,60.740204]],[[7.128065,60.741923],[7.128069,60.742374]],[[7.136623,60.741398],[7.137444,60.741219],[7.138326,60.741146],[7.139033,60.741185],[7.13992,60.741376],[7.140585,60.741686],[7.140951,60.742012],[7.14111,60.742325],[7.141083,60.742742],[7.140759,60.743168],[7.140123,60.743532],[7.135641,60.74508],[7.134827,60.74529]],[[7.135877,60.741685],[7.136623,60.741398]],[[9.839812,61.582774],[9.840059,61.58263]],[[9.720619,61.640494],[9.719328,61.63949],[9.718902,61.638934],[9.718633,61.638311],[9.71855,61.637525],[9.719071,61.633712],[9.719709,61.632063],[9.721519,61.629753],[9.722338,61.628493],[9.723792,61.624786]],[[9.843187,61.579962],[9.844176,61.579278],[9.845141,61.578847],[9.846397,61.578482],[9.848958,61.578047],[9.850101,61.57776],[9.851197,61.577349],[9.852678,61.576624]],[[9.862471,61.574473],[9.864625,61.574425],[9.866803,61.574185],[9.868708,61.573737],[9.870678,61.572977]],[[10.448353,61.124399],[10.439503,61.130279],[10.438263,61.130988]],[[10.448418,61.124356],[10.448353,61.124399]],[[11.882616,64.136072],[11.882783,64.136028]],[[11.882783,64.136028],[11.88496,64.135662],[11.889226,64.13541],[11.891749,64.13516]],[[15.350623,66.576153],[15.350687,66.576227]],[[15.340219,66.568062],[15.348884,66.574599],[15.350623,66.576153]],[[8.628941,58.658039],[8.628212,58.658284]],[[8.628212,58.658284],[8.628164,58.658299]],[[8.654034,58.656845],[8.651982,58.657283],[8.650501,58.657464],[8.648939,58.657471],[8.647442,58.657293],[8.646296,58.656978],[8.645315,58.656513],[8.643779,58.655135],[8.642867,58.654565],[8.641615,58.654126],[8.640349,58.653912],[8.639133,58.653869],[8.637945,58.653974],[8.636788,58.654235],[8.635755,58.65465]],[[8.628164,58.658299],[8.62718,58.658563]],[[8.634108,58.655663],[8.634447,58.655433]],[[8.634524,58.655447],[8.633135,58.656293],[8.628941,58.658039]],[[6.73367,60.678016],[6.724051,60.67837],[6.72137,60.678221],[6.719213,60.677906]],[[6.737409,60.677646],[6.737214,60.677672]],[[10.980731,59.236981],[10.980931,59.237165]],[[11.085234,59.273752],[11.087053,59.274354]],[[10.978605,59.23255],[10.978544,59.233269]],[[11.091179,59.277975],[11.091395,59.28053]],[[6.667464,58.312472],[6.667704,58.312032],[6.668203,58.311528]],[[6.668203,58.311528],[6.668896,58.310992]],[[10.817388,59.842659],[10.812937,59.848987],[10.808704,59.854366],[10.803231,59.860644],[10.797973,59.866087]],[[10.844418,59.737305],[10.849075,59.750649],[10.849908,59.753688],[10.850231,59.755881],[10.850319,59.758167],[10.850101,59.760888],[10.849697,59.762943],[10.84834,59.767137],[10.827467,59.825791],[10.826236,59.828428],[10.824741,59.831122],[10.817388,59.842659]],[[11.048798,59.953957],[11.048348,59.953877]],[[10.762462,59.908593],[10.763455,59.908479]],[[9.879589,61.569922],[9.881168,61.569701]],[[9.881168,61.569701],[9.882986,61.569611],[9.893541,61.569745],[9.895151,61.569707],[9.897581,61.569394],[9.899113,61.568997],[9.900277,61.568571]],[[9.961981,59.931133],[9.959325,59.930911]],[[9.948794,59.926902],[9.948128,59.92623],[9.947861,59.925694],[9.947887,59.923384],[9.947514,59.922422],[9.946336,59.920214],[9.945639,59.919538],[9.942892,59.917772],[9.942088,59.916989],[9.939636,59.914127]],[[12.062273,60.459332],[12.069529,60.474774],[12.069882,60.47659],[12.069836,60.480222],[12.070269,60.481579],[12.071149,60.482758],[12.07842,60.489466]],[[11.98186,60.60884],[11.981564,60.608829]],[[11.247339,60.336223],[11.246355,60.341757]],[[11.238003,60.391476],[11.238017,60.395236],[11.237487,60.399001]],[[11.246024,60.342359],[11.2467,60.338329]],[[11.236212,60.405906],[11.23621,60.403624],[11.23706,60.400385]],[[11.237136,60.400419],[11.236293,60.403628],[11.236296,60.405903]],[[11.237406,60.398997],[11.237932,60.395235],[11.237919,60.391477]],[[11.237272,60.39991],[11.237136,60.400419]],[[11.245741,60.348547],[11.245738,60.348741]],[[11.23706,60.400385],[11.237197,60.399877]],[[11.245572,60.34874],[11.245576,60.348546]],[[11.243789,60.370519],[11.243616,60.371107]],[[11.237588,60.387279],[11.23755,60.386888]],[[11.243535,60.371102],[11.243706,60.370513]],[[11.245714,60.349921],[11.245314,60.364373],[11.244961,60.366454],[11.243789,60.370519]],[[11.237487,60.399001],[11.237272,60.39991]],[[11.23755,60.386888],[11.23761,60.384182],[11.238345,60.381265],[11.239428,60.378966],[11.242323,60.374461],[11.242985,60.372908],[11.243535,60.371102]],[[11.243616,60.371107],[11.243066,60.372916],[11.242402,60.374471],[11.241604,60.375853],[11.239698,60.378652],[11.238425,60.381273],[11.237694,60.384184],[11.237632,60.386884]],[[11.246702,60.339286],[11.246145,60.342732]],[[11.197298,60.299945],[11.202708,60.301601]],[[11.243443,60.318283],[11.245055,60.319617],[11.246514,60.321306]],[[11.248251,60.327527],[11.247911,60.324895]],[[11.235351,60.314241],[11.237834,60.315323]],[[11.2267,60.310475],[11.226877,60.310552]],[[11.212325,60.304678],[11.213524,60.305084]],[[11.221904,60.308383],[11.2267,60.310475]],[[11.20541,60.302452],[11.207636,60.303166]],[[11.237834,60.315323],[11.238779,60.315735]],[[11.207636,60.303166],[11.212325,60.304678]],[[11.239353,60.315987],[11.241019,60.316792]],[[11.226877,60.310552],[11.235351,60.314241]],[[11.248068,60.331775],[11.247339,60.336223]],[[11.218225,60.306834],[11.221904,60.308383]],[[11.213524,60.305084],[11.218225,60.306834]],[[11.241019,60.316792],[11.243443,60.318283]],[[12.385828,58.594324],[12.38568,58.594061]],[[12.382257,58.588506],[12.382162,58.588407]],[[12.382162,58.588407],[12.381289,58.587551]],[[12.389661,58.60105],[12.385828,58.594324]],[[12.276817,58.48939],[12.275633,58.487056],[12.270003,58.470126]],[[9.753284,61.593099],[9.761147,61.590312],[9.764117,61.589404],[9.779476,61.585579]],[[9.744951,61.596055],[9.748941,61.594635]],[[6.673751,60.683863],[6.67354,60.683853]],[[6.677703,60.682988],[6.676842,60.683408],[6.676027,60.683651],[6.67503,60.683817],[6.673751,60.683863]],[[11.212444,58.936797],[11.190938,58.933246],[11.179998,58.930824],[11.178445,58.930572],[11.176164,58.930345]],[[10.232885,59.550508],[10.235729,59.548253]],[[10.229629,59.553697],[10.227369,59.556059],[10.221431,59.561254],[10.218456,59.564228],[10.215703,59.567607],[10.212774,59.572199]],[[10.307353,59.493577],[10.313737,59.486943]],[[10.313833,59.486964],[10.307482,59.493604]],[[10.307482,59.493604],[10.303776,59.497244],[10.302022,59.498728],[10.27787,59.517853],[10.27149,59.522312],[10.258879,59.529461]],[[10.313737,59.486943],[10.3389,59.460758],[10.342072,59.457171],[10.343878,59.454694],[10.34522,59.45256],[10.348662,59.445795]],[[5.511369,60.423937],[5.51027,60.424031],[5.509518,60.424186],[5.506984,60.425148]],[[5.462035,60.449739],[5.461251,60.449685],[5.460236,60.449468],[5.459628,60.449226],[5.458981,60.448787]],[[5.506984,60.425148],[5.506812,60.42519]],[[5.458981,60.448787],[5.458915,60.448716]],[[5.469922,60.418813],[5.469899,60.418729]],[[5.469899,60.418729],[5.469807,60.417403],[5.470192,60.416074],[5.471382,60.414388],[5.472876,60.412927]],[[5.49361,60.435619],[5.492217,60.435796],[5.490991,60.436181],[5.49031,60.436555],[5.487081,60.438857],[5.486324,60.439173],[5.485369,60.439389]],[[5.485369,60.439389],[5.484153,60.439431]],[[6.670625,60.683101],[6.67003,60.682676],[6.669172,60.681682],[6.668674,60.681286],[6.667524,60.680775],[6.666365,60.680509]],[[7.020576,60.725283],[7.020238,60.725344]],[[7.020238,60.725344],[7.019959,60.7254]],[[6.666365,60.680509],[6.666185,60.680475]],[[6.993038,60.716005],[6.99078,60.713536]],[[6.99078,60.713536],[6.98976,60.71282],[6.988045,60.711948]],[[8.420114,58.60296],[8.419966,58.602606]],[[10.837077,59.724767],[10.837703,59.725878]],[[11.980738,57.726414],[11.979555,57.726079],[11.977767,57.725758]],[[11.084639,60.790839],[11.08388,60.790844]],[[11.087904,60.790403],[11.08678,60.790625]],[[11.08388,60.790844],[11.08678,60.790625]],[[11.999655,60.187918],[12.001885,60.187594],[12.005023,60.187655]],[[12.02146,60.188204],[12.002434,60.187717],[12.000535,60.187829],[11.99849,60.188195]],[[7.368477,58.317218],[7.368371,58.31735]],[[7.397713,58.277102],[7.397515,58.277203]],[[7.480118,58.25581],[7.47871,58.256574],[7.474617,58.258139],[7.469322,58.260782],[7.467449,58.261506],[7.463346,58.262839],[7.460925,58.264195],[7.4597,58.264734],[7.45821,58.265173],[7.448469,58.267625]],[[9.690077,61.663449],[9.68419,61.663013],[9.680532,61.662891],[9.677302,61.662878]],[[9.690077,61.663449],[9.69073,61.663516]],[[11.977213,57.725734],[11.976609,57.725664]],[[11.976609,57.725664],[11.97597,57.725621]],[[10.352548,59.439718],[10.352297,59.439996]],[[10.354119,59.438117],[10.352548,59.439718]],[[10.352476,59.439698],[10.354119,59.438117]],[[10.354293,59.437962],[10.356431,59.436181],[10.358692,59.434686]],[[10.354119,59.438117],[10.354293,59.437962]],[[11.241267,60.525207],[11.241347,60.526353]],[[11.238201,60.504143],[11.239817,60.505792],[11.241223,60.50782],[11.242011,60.509698],[11.242493,60.511923],[11.242605,60.513581],[11.242484,60.515215],[11.241327,60.519405],[11.241022,60.52104],[11.240968,60.522651],[11.241267,60.525207]],[[11.241347,60.526353],[11.240916,60.523146],[11.240893,60.521588],[11.241114,60.519944],[11.2424,60.515211],[11.242521,60.513581],[11.242408,60.511927],[11.241928,60.509703],[11.241142,60.507832],[11.23974,60.505808],[11.238133,60.504167]],[[11.246919,60.551264],[11.247959,60.553542],[11.24948,60.555736]],[[11.246082,60.546578],[11.245845,60.54453],[11.245373,60.542862],[11.243044,60.538125],[11.242346,60.535956],[11.242114,60.534268],[11.24199,60.53106],[11.241554,60.527792]],[[11.236863,60.407975],[11.238506,60.411494],[11.239047,60.413911],[11.239524,60.424911],[11.239266,60.432067],[11.239354,60.433641]],[[5.706378,58.791532],[5.70699,58.79221],[5.707422,58.792901],[5.707668,58.793631],[5.707709,58.794275]],[[5.705688,58.798549],[5.70552,58.798858]],[[5.687458,58.775726],[5.694603,58.780023],[5.695565,58.780691],[5.700928,58.78602]],[[5.678925,58.772284],[5.680506,58.773137],[5.68292,58.773938]],[[5.677044,58.770167],[5.677706,58.771217],[5.678925,58.772284]],[[5.676973,58.768394],[5.676946,58.768479]],[[5.656941,58.741211],[5.658248,58.74361],[5.658883,58.744379],[5.65985,58.745262],[5.676843,58.757172],[5.677754,58.757941],[5.67843,58.758718],[5.679107,58.760055],[5.679221,58.761615],[5.677034,58.76821]],[[5.648353,58.73034],[5.648433,58.730651]],[[5.646562,58.713203],[5.645772,58.71512],[5.645404,58.717109],[5.645478,58.719128],[5.645998,58.721341]],[[5.65814,58.70298],[5.657571,58.703814],[5.656855,58.704536],[5.647778,58.711778],[5.647076,58.712463],[5.646562,58.713203]],[[5.679812,58.5727],[5.677977,58.573352],[5.676458,58.574131],[5.675256,58.57502],[5.67431,58.576107]],[[5.716955,58.823237],[5.719746,58.825965]],[[5.716324,58.82262],[5.716338,58.822635]],[[5.732957,58.843722],[5.733099,58.844288]],[[10.685509,59.920539],[10.67988,59.922234]],[[10.660346,59.918578],[10.659174,59.918054]],[[10.659222,59.918023],[10.66072,59.918694]],[[10.29363,59.764594],[10.310064,59.771637],[10.313047,59.772718],[10.315258,59.773337],[10.317897,59.773907],[10.326612,59.775212],[10.329852,59.775762],[10.332405,59.77634],[10.33532,59.777222],[10.337994,59.778398],[10.406194,59.81316],[10.413353,59.817121],[10.421505,59.822457],[10.425388,59.825419],[10.429526,59.828972]],[[7.726871,62.538997],[7.726315,62.539158]],[[7.737838,62.533282],[7.73651,62.533352],[7.735473,62.533512],[7.733719,62.53407],[7.732581,62.534821],[7.731829,62.535986]],[[7.687713,62.560928],[7.682174,62.561578],[7.681064,62.561804],[7.680124,62.562095],[7.678983,62.562651],[7.678252,62.563265],[7.677844,62.564008],[7.677854,62.564722]],[[7.717427,62.545779],[7.717056,62.546822],[7.716842,62.549149],[7.716265,62.549982],[7.715586,62.550455],[7.714372,62.550958],[7.710882,62.551729]],[[7.764716,62.514309],[7.763907,62.515349],[7.76293,62.516254],[7.757241,62.520209],[7.756635,62.520773],[7.756177,62.521501]],[[7.769758,62.501561],[7.769803,62.501668]],[[7.769803,62.501668],[7.76985,62.501775]],[[7.76985,62.501775],[7.770014,62.502817],[7.769419,62.503734]],[[7.769284,62.47634],[7.768532,62.476852]],[[7.798402,62.465064],[7.795832,62.466783],[7.790807,62.470842],[7.789857,62.471419],[7.789113,62.471711],[7.788039,62.471987],[7.783973,62.472603],[7.781372,62.473117]],[[7.772482,62.475025],[7.770905,62.475454],[7.769693,62.476061]],[[7.803567,62.462556],[7.800982,62.463675],[7.798817,62.464824]],[[7.772927,62.474932],[7.772725,62.474974]],[[7.798496,62.465009],[7.798402,62.465064]],[[7.759923,62.487351],[7.758693,62.490561],[7.758641,62.491799],[7.758951,62.492556],[7.759628,62.493395],[7.760448,62.494054],[7.761487,62.494651]],[[7.769693,62.476061],[7.769284,62.47634]],[[7.773082,62.474898],[7.772927,62.474932]],[[7.80874,62.461257],[7.807705,62.461333],[7.806524,62.461539]],[[7.808906,62.461254],[7.80874,62.461257]],[[7.816468,62.460691],[7.815433,62.461036],[7.813994,62.461306],[7.812821,62.461385],[7.811291,62.461343]],[[7.831987,62.44899],[7.825601,62.455177],[7.823972,62.456554],[7.822348,62.457688],[7.820285,62.458904],[7.816468,62.460691]],[[7.835675,62.445409],[7.835622,62.445459]],[[7.838753,62.44242],[7.835675,62.445409]],[[7.852418,62.436787],[7.844811,62.438399]],[[7.941601,62.428915],[7.941326,62.428861]],[[7.916291,62.430887],[7.904609,62.433318],[7.902639,62.433623],[7.897913,62.434166]],[[7.897913,62.434166],[7.89647,62.434247],[7.894934,62.434147],[7.893856,62.433948],[7.891984,62.433433]],[[7.943513,62.429333],[7.941601,62.428915]],[[7.963947,62.430053],[7.962049,62.430147],[7.960376,62.430005]],[[8.01576,62.391545],[8.015802,62.391618]],[[8.015276,62.390777],[8.01576,62.391545]],[[7.974746,62.429206],[7.963947,62.430053]],[[8.015802,62.391618],[8.015937,62.391845]],[[8.015486,62.394814],[8.012283,62.399808],[8.0103,62.40198],[8.009482,62.403171],[8.007536,62.407403],[8.006659,62.411682],[8.005854,62.413046],[8.004371,62.414663]],[[8.015833,62.38849],[8.015331,62.388979],[8.015001,62.389649],[8.015005,62.390165],[8.015276,62.390777]],[[8.035906,62.356668],[8.035065,62.358846],[8.034557,62.360879],[8.034569,62.362035],[8.035159,62.364148],[8.035147,62.366793],[8.034838,62.367966]],[[8.040001,62.352281],[8.039114,62.353158],[8.037158,62.354328],[8.036469,62.355221]],[[8.043649,62.348216],[8.04206,62.349527],[8.040001,62.352281]],[[8.043936,62.348006],[8.043649,62.348216]],[[8.053487,62.339219],[8.053306,62.339365]],[[8.060298,62.338214],[8.058877,62.338016]],[[8.059188,62.34479],[8.059221,62.344656]],[[8.059221,62.344656],[8.05942,62.343953],[8.059767,62.343428],[8.060268,62.342991],[8.061046,62.342557]],[[8.056684,62.348403],[8.057793,62.347814],[8.058529,62.347112],[8.059135,62.34502]],[[8.059178,62.34483],[8.059188,62.34479]],[[8.052352,62.355917],[8.05144,62.356966],[8.051087,62.358503],[8.050505,62.359721],[8.050411,62.360268]],[[8.077138,62.333658],[8.076697,62.334155],[8.07576,62.334844],[8.072093,62.33692],[8.069887,62.338745],[8.067308,62.340556],[8.065882,62.341881]],[[8.095903,62.318129],[8.0937,62.319269],[8.090872,62.321388],[8.089307,62.322408],[8.083589,62.32563],[8.079277,62.329341],[8.078058,62.330548]],[[8.125078,62.298964],[8.122305,62.301305],[8.119103,62.304343],[8.117456,62.305563]],[[8.150828,62.272658],[8.149717,62.273008],[8.148942,62.273381],[8.147365,62.274702],[8.146592,62.275156],[8.142533,62.276472],[8.141643,62.276897],[8.141065,62.277321]],[[8.198802,62.259583],[8.197307,62.260153],[8.195695,62.260582],[8.194103,62.260865],[8.192316,62.261054]],[[8.204734,62.256889],[8.198802,62.259583]],[[8.204959,62.256786],[8.204734,62.256889]],[[8.215375,62.250174],[8.209633,62.254081]],[[9.01988,62.101368],[9.018921,62.101787],[9.017909,62.10208]],[[9.027798,62.096586],[9.027006,62.097034]],[[9.017909,62.10208],[9.012629,62.103235],[9.010888,62.103504],[9.008634,62.103609],[9.004269,62.103481]],[[8.956278,62.114517],[8.949744,62.11526],[8.947407,62.115598],[8.941068,62.117032],[8.935514,62.117902],[8.933496,62.118302]],[[9.10606,62.093147],[9.104432,62.093009]],[[9.033118,62.095137],[9.030345,62.095742],[9.027798,62.096586]],[[9.106523,62.093176],[9.106145,62.093153]],[[9.106721,62.093186],[9.106523,62.093176]],[[10.679588,59.921973],[10.683801,59.920933]],[[10.676254,59.922974],[10.674486,59.923161]],[[10.87889,63.444085],[10.880958,63.444418]],[[7.84265,60.510811],[7.841536,60.510759]],[[7.8095,60.532866],[7.808423,60.532956],[7.807308,60.532917]],[[7.812968,60.530982],[7.812139,60.531831],[7.811558,60.532232],[7.810501,60.532655],[7.8095,60.532866]],[[7.749039,60.551523],[7.747797,60.551411]],[[7.749371,60.551533],[7.749039,60.551523]],[[7.804158,60.531743],[7.803459,60.530865],[7.802915,60.530403],[7.802074,60.529984],[7.800967,60.529676],[7.7997,60.529529],[7.794499,60.529408],[7.792769,60.529531],[7.791387,60.529893],[7.784685,60.532078],[7.782678,60.53289],[7.778919,60.534646],[7.778009,60.534906],[7.7758,60.535265],[7.77484,60.5355],[7.773992,60.535834],[7.772564,60.536662],[7.771481,60.537053],[7.768917,60.537439],[7.76772,60.537768],[7.766553,60.538425],[7.765031,60.539878],[7.764732,60.540542],[7.764064,60.543574],[7.763698,60.544635],[7.762621,60.545981],[7.760715,60.547566],[7.75941,60.548327],[7.752144,60.551108],[7.750912,60.551418],[7.749371,60.551533]],[[7.632326,60.554379],[7.631354,60.554436]],[[7.903825,60.502454],[7.900069,60.503539],[7.898075,60.504029],[7.889808,60.505505],[7.888386,60.50584],[7.886869,60.506397],[7.883618,60.507996],[7.880421,60.509274]],[[7.912006,60.504008],[7.911756,60.503719]],[[7.880312,60.509315],[7.877469,60.510388],[7.875361,60.510879],[7.865753,60.511767]],[[7.852644,60.513829],[7.849244,60.512998],[7.846391,60.511722],[7.845064,60.511246],[7.84374,60.510949],[7.84265,60.510811]],[[7.852865,60.513877],[7.852644,60.513829]],[[8.233132,60.543484],[8.225979,60.539556],[8.224585,60.538627],[8.2237,60.537889]],[[8.233405,60.543631],[8.233132,60.543484]],[[10.271251,63.149035],[10.273612,63.150226],[10.27491,63.150775],[10.279446,63.15192],[10.281622,63.152599]],[[10.297415,63.195684],[10.297753,63.197439],[10.298854,63.200797]],[[8.083683,58.406039],[8.083845,58.405897]],[[8.08651,58.413478],[8.086041,58.41265],[8.082617,58.409514],[8.082128,58.408795],[8.082027,58.408152],[8.082243,58.407485],[8.082657,58.406965],[8.083683,58.406039]],[[11.23496,58.935316],[11.233217,58.935597],[11.231847,58.935714],[11.22726,58.935706],[11.225498,58.93582],[11.223489,58.936154],[11.220252,58.936932],[11.217897,58.937215],[11.216494,58.937244],[11.215083,58.937163],[11.212444,58.936797]],[[11.994539,57.716396],[11.994637,57.717243],[11.995123,57.717988],[11.996217,57.718863],[11.997665,57.719593]],[[11.286942,58.875893],[11.287816,58.87651],[11.288639,58.877291],[11.289159,58.877978],[11.289588,58.87889],[11.289721,58.880331],[11.289526,58.881096],[11.288865,58.88263],[11.288759,58.883963],[11.28918,58.885126],[11.291173,58.889028],[11.291458,58.890051],[11.291215,58.89149],[11.288896,58.897441],[11.287794,58.899593],[11.287116,58.900575],[11.2863,58.901421],[11.28199,58.904976],[11.276225,58.908874],[11.27034,58.913647]],[[10.296309,61.310933],[10.296046,61.311309]],[[10.296555,61.309404],[10.296587,61.310212],[10.296309,61.310933]],[[10.35872,61.2755],[10.357008,61.275349],[10.354558,61.275267],[10.353483,61.275135],[10.349064,61.273954],[10.346967,61.273602],[10.345774,61.273553],[10.343039,61.273663],[10.341499,61.273619]],[[10.242456,60.168918],[10.241341,60.168897]],[[10.245345,60.169104],[10.242456,60.168918]],[[10.273894,61.33511],[10.272405,61.335673],[10.271447,61.336138],[10.27047,61.336762],[10.269676,61.337459],[10.268863,61.338706],[10.268221,61.341112],[10.268251,61.342029],[10.269134,61.343954],[10.269052,61.344758],[10.268209,61.34652],[10.268094,61.347491],[10.268328,61.348535],[10.269471,61.35131],[10.269516,61.351969],[10.269181,61.354558],[10.269395,61.356471]],[[7.219569,58.331954],[7.218689,58.331987]],[[7.218689,58.331987],[7.21842,58.331991]],[[10.111156,62.897093],[10.109058,62.895119],[10.107449,62.893903],[10.106873,62.893234],[10.105225,62.887731]],[[9.875706,62.649082],[9.878023,62.650018],[9.879796,62.650889],[9.885355,62.654861]],[[9.631927,62.419388],[9.629549,62.421352],[9.624563,62.424709],[9.623342,62.425636]],[[10.289411,63.035772],[10.289672,63.035916]],[[10.289931,63.036084],[10.290544,63.03676],[10.290669,63.037329],[10.290524,63.037836],[10.289977,63.038692],[10.289331,63.039329],[10.288468,63.039955],[10.282085,63.043596],[10.28169,63.044078],[10.281535,63.044652],[10.281649,63.045106],[10.282037,63.045625]],[[9.89604,59.825046],[9.895345,59.82387],[9.889175,59.818224],[9.888386,59.817448],[9.887974,59.816779],[9.887613,59.815419],[9.887588,59.814707],[9.887733,59.813931],[9.8883,59.813089],[9.88842,59.811579],[9.887888,59.810564],[9.886552,59.809049],[9.886343,59.808368],[9.886418,59.806342],[9.886315,59.805834],[9.885759,59.804746],[9.884922,59.803511],[9.884414,59.80053],[9.883513,59.798518],[9.88357,59.797759],[9.883814,59.797214],[9.884471,59.796501],[9.885148,59.796027]],[[9.895825,59.838361],[9.896156,59.837073]],[[11.99985,57.688681],[12.002895,57.685141],[12.005303,57.681999]],[[11.998958,57.689891],[11.999598,57.689115],[12.001575,57.68716],[12.003238,57.685196],[12.00491,57.682921]],[[12.00491,57.682921],[12.006705,57.68061]],[[9.592596,60.388939],[9.590502,60.389547],[9.578427,60.392452],[9.576173,60.39315]],[[9.535942,60.395153],[9.534348,60.394556],[9.532875,60.394211],[9.530938,60.39398],[9.529,60.393969]],[[9.515955,60.396185],[9.514514,60.396949],[9.512107,60.397991],[9.510774,60.39869],[9.509385,60.399657],[9.508265,60.40079],[9.50752,60.402039],[9.507214,60.4033],[9.507835,60.407912],[9.507739,60.409541],[9.507279,60.411375],[9.506436,60.412478],[9.504388,60.413957],[9.503504,60.414763],[9.501967,60.416944],[9.501003,60.418035],[9.499885,60.419031],[9.498192,60.42023]],[[10.024771,59.751068],[10.020982,59.75072],[10.017594,59.750667]],[[9.323369,59.416448],[9.323378,59.41643]],[[9.659583,59.150002],[9.654383,59.154213],[9.653174,59.155356],[9.649484,59.159884],[9.646337,59.163977]],[[9.64153,59.172804],[9.639509,59.175244],[9.637031,59.177692]],[[9.990682,59.057729],[9.988123,59.057999]],[[12.001934,57.721614],[12.002551,57.722361],[12.002947,57.72374]],[[12.013794,57.724598],[12.008954,57.723906]],[[12.004598,57.722861],[12.005549,57.723278],[12.006379,57.723498]],[[12.006379,57.723498],[12.008462,57.723868]],[[12.008905,57.723992],[12.008436,57.723913]],[[12.015582,57.724899],[12.01194,57.72446],[12.008905,57.723992]],[[12.008462,57.723868],[12.008933,57.723943]],[[12.008933,57.723943],[12.014325,57.724726]],[[12.008436,57.723913],[12.006471,57.72365]],[[12.002838,57.72238],[12.002381,57.721326]],[[12.002381,57.721326],[12.001735,57.720561],[12.000026,57.719359]],[[12.002947,57.722474],[12.002521,57.721419]],[[12.002521,57.721419],[12.001759,57.720502],[12.000148,57.719368]],[[12.000317,57.720731],[12.001387,57.721234],[12.001934,57.721614]],[[11.099536,60.795613],[11.101676,60.796362],[11.103565,60.796762]],[[11.578766,60.843855],[11.569186,60.84595],[11.566307,60.846755],[11.56427,60.847535],[11.56254,60.848386],[11.561008,60.849358],[11.559883,60.850263]],[[11.611269,60.836154],[11.610559,60.836272]],[[11.46811,60.875458],[11.468327,60.875461]],[[11.468327,60.875461],[11.469955,60.875378],[11.471778,60.875031],[11.473396,60.874428],[11.475144,60.873397],[11.476018,60.873019],[11.477604,60.872577],[11.478795,60.872391],[11.480218,60.872314],[11.482055,60.872417],[11.484043,60.872795],[11.485148,60.873147]],[[11.460449,60.874608],[11.461636,60.874917],[11.46286,60.875114],[11.46811,60.875458]],[[11.449045,60.870533],[11.449169,60.870577]],[[9.811566,59.70884],[9.80801,59.70649],[9.805389,59.705219]],[[11.204554,60.250178],[11.205213,60.251193]],[[10.035699,59.049222],[10.034774,59.049509]],[[10.15277,59.063079],[10.147169,59.05794]],[[10.147169,59.05794],[10.145904,59.056781]],[[9.878589,60.247165],[9.877533,60.247495],[9.876922,60.247812],[9.876382,60.248238],[9.876041,60.248697],[9.872469,60.256082],[9.872412,60.256952]],[[9.879107,60.247065],[9.878589,60.247165]],[[9.1106,58.916171],[9.10894,58.915716],[9.107422,58.915123],[9.102239,58.912208],[9.098131,58.910179]],[[9.131065,58.929093],[9.130954,58.929027]],[[9.130954,58.929027],[9.128379,58.9274],[9.12661,58.925569],[9.125589,58.924839],[9.124149,58.924176],[9.120653,58.923047],[9.119666,58.922598],[9.118776,58.922058],[9.11784,58.921203],[9.116195,58.918791],[9.115223,58.917989],[9.113396,58.917057],[9.11207,58.91658],[9.1106,58.916171]],[[9.135597,58.943953],[9.135619,58.943837]],[[9.156535,58.964632],[9.15542,58.96405],[9.154326,58.963647],[9.151041,58.962924],[9.150077,58.96261],[9.149096,58.962085],[9.148466,58.961508]],[[9.148466,58.961508],[9.148309,58.961277]],[[9.139664,58.954296],[9.138781,58.953856]],[[9.135425,58.950477],[9.134928,58.948463],[9.13473,58.946764],[9.134834,58.946011],[9.135597,58.943953]],[[9.157316,58.965297],[9.156688,58.964734]],[[9.156688,58.964734],[9.156535,58.964632]],[[9.078798,58.902997],[9.07863,58.902959]],[[9.07863,58.902959],[9.076347,58.902422],[9.074928,58.901913],[9.073729,58.901261],[9.071912,58.899924],[9.070562,58.899336],[9.068952,58.89902],[9.065118,58.898851],[9.062827,58.898553],[9.061724,58.898303],[9.060863,58.897991],[9.059805,58.89732]],[[9.06147,58.891547],[9.061464,58.891442]],[[9.061445,58.891237],[9.06126,58.889752]],[[9.014221,58.873333],[9.014556,58.872737],[9.015157,58.872191]],[[9.015157,58.872191],[9.015249,58.872129]],[[9.02676,58.869754],[9.028228,58.869602],[9.029274,58.869358]],[[9.019521,58.870849],[9.019718,58.870808]],[[12.492346,64.383234],[12.491798,64.383489]],[[12.493247,64.382606],[12.492346,64.383234]],[[12.485082,64.384929],[12.47923,64.386045]],[[12.488939,64.38432],[12.485082,64.384929]],[[9.742455,61.597757],[9.7436,61.596713],[9.744951,61.596055]],[[9.741888,61.598535],[9.741926,61.598476]],[[10.595686,60.628158],[10.596185,60.628821]],[[10.714854,60.232712],[10.70979,60.235458]],[[8.766484,58.466599],[8.770281,58.464724]],[[14.593092,66.372701],[14.595731,66.373432],[14.599301,66.374195],[14.603832,66.374858],[14.61021,66.375534],[14.612439,66.375895],[14.614668,66.376375],[14.61871,66.377519],[14.622036,66.378584],[14.626096,66.380036],[14.630488,66.381771]],[[14.592612,66.372563],[14.593092,66.372701]],[[9.129131,62.07339],[9.129322,62.073484]],[[9.127531,62.071919],[9.128126,62.072713],[9.129131,62.07339]],[[10.66563,59.440186],[10.665522,59.440117]],[[10.665522,59.440117],[10.663495,59.439082]],[[9.169109,60.527089],[9.168938,60.527316]],[[9.337146,60.428033],[9.335936,60.427938],[9.335032,60.427973],[9.333992,60.42813],[9.332926,60.428451]],[[9.359477,60.432586],[9.357002,60.433065],[9.354836,60.433219],[9.35259,60.433144],[9.3506,60.432869],[9.349286,60.432561],[9.347551,60.431959],[9.344468,60.430393],[9.34233,60.429467]],[[9.265249,60.459136],[9.264849,60.459405]],[[9.263846,60.460805],[9.262995,60.463133],[9.261344,60.465585]],[[9.276366,60.454991],[9.275103,60.455635]],[[9.261344,60.465585],[9.260813,60.466346]],[[9.244887,60.476715],[9.244635,60.476728]],[[9.244635,60.476728],[9.243203,60.4767],[9.241698,60.476491],[9.240552,60.476179],[9.238937,60.475569]],[[9.217397,60.48997],[9.216164,60.489935]],[[9.216164,60.489935],[9.215369,60.489984]],[[9.215369,60.489984],[9.214165,60.490211]],[[9.231496,60.47754],[9.231538,60.478563],[9.231362,60.479504],[9.229561,60.483352],[9.227392,60.485102],[9.22505,60.487724],[9.223637,60.488616],[9.221708,60.489417]],[[9.237439,60.475162],[9.236056,60.475051],[9.234798,60.475134],[9.233483,60.475434],[9.23262,60.475808]],[[9.174706,60.508092],[9.174697,60.508191]],[[9.169341,60.519447],[9.169469,60.520611],[9.170476,60.522669],[9.170662,60.524004],[9.170322,60.525298],[9.169109,60.527089]],[[9.288852,60.449397],[9.288369,60.44942]],[[9.284486,60.451184],[9.283851,60.451715],[9.282882,60.452251],[9.27918,60.453492],[9.277886,60.454097],[9.276366,60.454991]],[[9.31265,60.450772],[9.312539,60.450814]],[[9.312539,60.450814],[9.310904,60.451211],[9.309358,60.451322],[9.303907,60.450889],[9.30212,60.450894],[9.298788,60.45105],[9.297355,60.451004],[9.295932,60.45084],[9.294842,60.450628],[9.290483,60.449507],[9.288852,60.449397]],[[9.328305,60.432593],[9.326612,60.434273],[9.325951,60.435407]],[[9.332926,60.428451],[9.332132,60.428871],[9.3316,60.429329]],[[5.463294,60.419206],[5.466692,60.420133],[5.469344,60.421003]],[[5.462541,60.435848],[5.46319,60.434286],[5.464934,60.432319],[5.465782,60.431001],[5.466284,60.430537],[5.467952,60.429478],[5.468527,60.428845],[5.468882,60.428168],[5.469224,60.427272],[5.469542,60.425749],[5.469544,60.423281],[5.470227,60.422265],[5.470514,60.421473],[5.469922,60.418813]],[[9.993089,59.965372],[9.992915,59.965263]],[[9.981355,59.952382],[9.978944,59.950211],[9.977829,59.948801],[9.977458,59.947458],[9.977519,59.946721],[9.978155,59.944586],[9.97816,59.94373],[9.977887,59.94257],[9.977466,59.941701],[9.976626,59.940567],[9.975775,59.939749],[9.97461,59.938858]],[[10.752606,62.949137],[10.754601,62.948406],[10.755813,62.948064],[10.757177,62.947846],[10.758384,62.947773],[10.759635,62.947808],[10.76064,62.94792],[10.765764,62.948872],[10.767143,62.949046],[10.769266,62.949071],[10.77281,62.948791],[10.773863,62.948835],[10.775057,62.948991],[10.776725,62.949446],[10.777819,62.949997],[10.779058,62.951068],[10.780894,62.953634],[10.781552,62.954276],[10.782918,62.955092],[10.784143,62.955591],[10.785183,62.955903],[10.786297,62.956128],[10.787433,62.956262],[10.792407,62.956345],[10.795782,62.956554],[10.798324,62.956862],[10.801756,62.957403],[10.80586,62.958223],[10.811325,62.958519],[10.813629,62.958743],[10.815275,62.959009],[10.817075,62.959414],[10.820684,62.960617],[10.821946,62.96095],[10.823492,62.961181],[10.824948,62.961257]],[[9.84667,60.262024],[9.846356,60.26213]],[[9.803457,60.26894],[9.801714,60.268702],[9.799907,60.268213],[9.798799,60.267747],[9.797343,60.26675],[9.796457,60.266269],[9.795389,60.265882],[9.794152,60.265591],[9.792284,60.265398],[9.790981,60.265412],[9.789517,60.265575],[9.787908,60.265962]],[[8.940122,60.695485],[8.938202,60.694656],[8.936231,60.694068],[8.929473,60.692738],[8.916941,60.689739],[8.908286,60.68809],[8.906568,60.687691],[8.904158,60.686923],[8.893118,60.682617],[8.891223,60.68205],[8.889493,60.681706],[8.887515,60.68148],[8.875477,60.680927]],[[7.256513,60.666488],[7.256394,60.666613]],[[7.256394,60.666613],[7.256044,60.666902]],[[7.256859,60.665762],[7.256649,60.666302]],[[7.256649,60.666302],[7.256513,60.666488]],[[14.746846,67.303095],[14.74688,67.304551],[14.746425,67.305657]],[[14.670306,67.29546],[14.664599,67.295384],[14.660664,67.295138],[14.658411,67.294863],[14.653464,67.293937],[14.650194,67.293587],[14.645036,67.293331],[14.64022,67.293381]],[[14.536889,67.280962],[14.534622,67.280738],[14.529433,67.279773],[14.524145,67.279321],[14.517517,67.278537]],[[14.537129,67.280975],[14.536889,67.280962]],[[14.580209,67.288028],[14.577384,67.287571],[14.568346,67.285388],[14.564743,67.284698],[14.561879,67.284312],[14.555378,67.283708],[14.553543,67.283477],[14.542018,67.281325],[14.540144,67.281135],[14.537129,67.280975]],[[14.487984,67.278753],[14.486814,67.278884]],[[14.517185,67.278507],[14.51285,67.278227],[14.506306,67.278034],[14.501302,67.277368],[14.498666,67.277223],[14.496776,67.277302],[14.495373,67.277462],[14.490939,67.278351],[14.487984,67.278753]],[[14.517517,67.278537],[14.517185,67.278507]],[[14.481849,67.279556],[14.480933,67.279695]],[[14.480933,67.279695],[14.478222,67.280114]],[[14.427092,67.293329],[14.42477,67.293625],[14.422723,67.2937],[14.420409,67.293571],[14.41834,67.293242],[14.416294,67.29264],[14.408893,67.289495],[14.406975,67.288932],[14.404844,67.288538]],[[14.404844,67.288538],[14.403218,67.288273]],[[14.403218,67.288273],[14.402027,67.288081]],[[15.33628,67.270449],[15.334444,67.269957],[15.333008,67.26968],[15.324938,67.268733],[15.323372,67.268385],[15.319846,67.267388],[15.317429,67.266992],[15.313898,67.266743],[15.311242,67.266691],[15.309155,67.266844],[15.306309,67.267267]],[[15.388918,67.268682],[15.387167,67.269213]],[[15.251081,67.272812],[15.247943,67.2732],[15.245551,67.273669],[15.243387,67.27426],[15.241077,67.275142]],[[15.022746,67.315917],[15.018751,67.313832],[15.016939,67.313035],[15.00361,67.308542],[15.000668,67.307384],[14.987822,67.301151],[14.981666,67.297838]],[[14.974394,67.29562],[14.96324,67.29473],[14.961073,67.294675],[14.9587,67.294713]],[[14.748722,67.297793],[14.747538,67.298462],[14.746821,67.299151],[14.746492,67.299886],[14.74652,67.300662]],[[14.899618,67.296397],[14.897643,67.297083],[14.895494,67.297503],[14.893152,67.297689],[14.890532,67.297654]],[[14.84578,67.298452],[14.841694,67.29813],[14.840025,67.297911],[14.838308,67.297562],[14.83497,67.296706],[14.832893,67.296334],[14.829144,67.296],[14.825509,67.295881],[14.822944,67.295956],[14.815329,67.296651],[14.813482,67.296907],[14.807485,67.297996],[14.805643,67.298176],[14.803377,67.298249]],[[14.94268,67.292783],[14.93895,67.291809],[14.937329,67.291555],[14.935399,67.291367],[14.9329,67.291218],[14.93011,67.291156],[14.927604,67.291195],[14.924618,67.29136],[14.92218,67.291634],[14.916848,67.2925],[14.910583,67.293119],[14.907341,67.29362],[14.905819,67.293995],[14.903783,67.294675],[14.899618,67.296397]],[[14.462299,67.283132],[14.460952,67.283531]],[[14.467743,67.28182],[14.466787,67.282023]],[[14.466787,67.282023],[14.462299,67.283132]],[[14.477753,67.280187],[14.477474,67.28023]],[[14.477992,67.28015],[14.477753,67.280187]],[[7.833685,58.158441],[7.833556,58.15855]],[[7.957006,58.154512],[7.95771,58.153754],[7.958242,58.153355],[7.959402,58.152772],[7.960581,58.152358],[7.961509,58.152173],[7.962536,58.152085],[7.966297,58.152304],[7.967342,58.152268],[7.968265,58.152137],[7.969312,58.151864],[7.970406,58.151428],[7.97272,58.150154]],[[7.959259,58.152725],[7.957219,58.153585],[7.955749,58.154024]],[[6.661585,58.415862],[6.661388,58.416365]],[[6.65988,58.420171],[6.659365,58.421455]],[[7.436944,58.26833],[7.436827,58.268411]],[[7.436827,58.268411],[7.435663,58.269445],[7.435063,58.269851],[7.434135,58.27027],[7.433066,58.270563],[7.425265,58.27189],[7.420695,58.272474],[7.417967,58.272618],[7.413941,58.272422],[7.412397,58.272559],[7.409449,58.273418],[7.406011,58.273979],[7.40267,58.274877],[7.4005,58.275704],[7.397713,58.277102]],[[6.849556,58.385134],[6.846921,58.385147],[6.84415,58.384947]],[[6.843557,58.384881],[6.837513,58.384203]],[[6.837513,58.384203],[6.835611,58.383991]],[[6.835375,58.383966],[6.834813,58.383905]],[[14.974636,67.295652],[14.974394,67.29562]],[[14.981666,67.297838],[14.980177,67.297067],[14.978528,67.296463],[14.976385,67.295932],[14.974636,67.295652]],[[5.800229,58.521158],[5.800022,58.521243]],[[11.758574,63.430409],[11.758685,63.430413]],[[11.748074,63.432142],[11.74859,63.431526],[11.749458,63.430944],[11.750617,63.430484],[11.751837,63.430188],[11.753444,63.430002],[11.754697,63.429993],[11.758574,63.430409]],[[11.765132,63.428417],[11.765167,63.428363]],[[11.758685,63.430413],[11.760596,63.430341],[11.761677,63.430176],[11.762681,63.429923],[11.764075,63.429334],[11.764656,63.428931],[11.765132,63.428417]],[[12.271967,58.355642],[12.271501,58.354995]],[[12.27337,58.358015],[12.271967,58.355642]],[[8.635099,58.655055],[8.634524,58.655447]],[[8.634447,58.655433],[8.635036,58.655031]],[[7.980226,58.298069],[7.980572,58.297247],[7.980624,58.296629]],[[7.980614,58.2965],[7.979978,58.293942],[7.979116,58.291547]],[[9.098131,58.910179],[9.097248,58.909747]],[[9.099068,59.301632],[9.099221,59.301398]],[[5.68292,58.773938],[5.685612,58.774796],[5.687458,58.775726]],[[5.676946,58.768479],[5.676832,58.769279],[5.677044,58.770167]],[[5.64848,58.730833],[5.648583,58.731217]],[[5.805973,58.517094],[5.805133,58.518181],[5.803631,58.519462]],[[6.159615,58.535364],[6.15846,58.5345],[6.157787,58.534191],[6.156942,58.53393],[6.155487,58.533701],[6.153211,58.533659]],[[5.813353,60.584867],[5.813169,60.584789]],[[5.737529,60.552937],[5.736053,60.551978]],[[7.934708,58.23391],[7.934692,58.233856]],[[7.936248,58.235786],[7.935019,58.234505],[7.934708,58.23391]],[[8.049371,58.353951],[8.048075,58.353221],[8.04715,58.352513],[8.04551,58.350321],[8.043359,58.346015],[8.043214,58.345228],[8.04329,58.344118]],[[8.049485,58.354016],[8.049371,58.353951]],[[7.951999,58.242281],[7.951846,58.242232]],[[7.953554,58.243111],[7.952832,58.242636],[7.951999,58.242281]],[[7.041411,58.356561],[7.041415,58.356656]],[[7.041415,58.356656],[7.041387,58.357853],[7.0409,58.358817]],[[6.972121,58.372613],[6.971963,58.372662]],[[6.971963,58.372662],[6.970536,58.3732],[6.969551,58.373703],[6.968361,58.374547],[6.966182,58.376383],[6.965524,58.376788],[6.964635,58.377186]],[[9.690842,59.076702],[9.690012,59.076414],[9.689432,59.076079],[9.689001,59.075644],[9.688818,59.07512]],[[7.499081,60.603352],[7.497405,60.603571],[7.495702,60.603656]],[[7.515101,60.59687],[7.51401,60.597138],[7.51327,60.597409],[7.511196,60.598486]],[[7.122523,60.737095],[7.122678,60.736514]],[[9.953332,60.232518],[9.932073,60.238429]],[[9.928905,60.239779],[9.923223,60.242778],[9.922088,60.243255],[9.920106,60.243759],[9.917564,60.244084],[9.91603,60.244393]],[[9.476127,60.43054],[9.47304,60.432395],[9.471767,60.433358],[9.470718,60.434443],[9.468737,60.437014]],[[9.476368,60.430395],[9.476127,60.43054]],[[8.572379,60.628445],[8.567198,60.627316]],[[8.567198,60.627316],[8.559679,60.625678]],[[8.557072,60.62511],[8.552269,60.624155],[8.544432,60.623013]],[[8.209058,60.535457],[8.209002,60.535439]],[[8.195557,60.532907],[8.194046,60.532626],[8.192329,60.532483]],[[8.042839,60.497956],[8.042455,60.498173]],[[8.050381,60.492869],[8.04866,60.494274],[8.045121,60.49643],[8.042839,60.497956]],[[8.856959,62.118702],[8.84918,62.118644]],[[8.059135,62.34502],[8.059158,62.344921]],[[7.835345,62.44573],[7.831987,62.44899]],[[7.835622,62.445459],[7.835345,62.44573]],[[14.84154,66.447936],[14.844115,66.449382],[14.845881,66.450735],[14.8466,66.451528],[14.848101,66.453891],[14.852544,66.458446],[14.853964,66.460597]],[[9.143086,59.003668],[9.143488,59.002704],[9.144129,59.001776],[9.144902,59.001131],[9.147187,58.999772],[9.147859,58.999157],[9.14831,58.998492],[9.148669,58.997393],[9.148887,58.996142],[9.148862,58.9953],[9.14842,58.992822],[9.148525,58.99215],[9.148894,58.991448]],[[9.139219,59.011524],[9.139498,59.011418]],[[9.07683,59.058386],[9.076948,59.058323]],[[9.069847,59.064907],[9.069928,59.064177],[9.07021,59.063597],[9.072648,59.06098],[9.074337,59.059718],[9.07683,59.058386]],[[9.069667,59.066305],[9.069683,59.066228]],[[9.06959,59.068657],[9.069381,59.067833],[9.069667,59.066305]],[[9.08549,59.151931],[9.085338,59.151833]],[[9.085859,59.152211],[9.08549,59.151931]],[[9.317948,59.423573],[9.318005,59.423504]],[[9.686929,60.293545],[9.685956,60.294372],[9.685639,60.295096]],[[9.680521,60.306256],[9.680206,60.306849]],[[9.685666,60.300346],[9.685256,60.301073]],[[9.685256,60.301073],[9.684176,60.30227],[9.681786,60.304384],[9.68118,60.305133],[9.680521,60.306256]],[[10.407889,60.241549],[10.407716,60.241469]],[[10.407716,60.241469],[10.40224,60.23896]],[[13.564818,66.105667],[13.56473,66.106225],[13.564355,66.106788]],[[13.563435,66.107847],[13.563195,66.108509],[13.563112,66.111939],[13.563409,66.112903]],[[13.563409,66.112903],[13.564967,66.114704],[13.565179,66.11546],[13.565087,66.115995]],[[13.565087,66.115995],[13.564619,66.117572],[13.564761,66.118552]],[[13.564761,66.118552],[13.566422,66.120136],[13.566909,66.121335]],[[13.566909,66.121335],[13.567243,66.122556],[13.568015,66.123407]],[[13.568015,66.123407],[13.570504,66.124866]],[[13.595038,66.142612],[13.595204,66.142865]],[[13.595204,66.142865],[13.59676,66.144947],[13.597959,66.146283],[13.598934,66.146966],[13.599987,66.147443]],[[13.614265,66.151708],[13.61522,66.152287],[13.616399,66.15276],[13.625512,66.15526]],[[13.636127,66.157927],[13.638301,66.158627]],[[13.643215,66.160049],[13.644861,66.160261],[13.646953,66.160344],[13.678242,66.159768]],[[13.687263,66.159142],[13.689617,66.158667],[13.691125,66.158507],[13.693141,66.158476],[13.695157,66.15862],[13.69696,66.158844],[13.698905,66.159198],[13.704801,66.160922]],[[13.704801,66.160922],[13.707127,66.161231],[13.711996,66.161287],[13.714444,66.161563],[13.716765,66.162168],[13.719998,66.16353]],[[13.726404,66.164442],[13.727982,66.164663],[13.730165,66.165165]],[[13.730165,66.165165],[13.732873,66.165902],[13.733685,66.166238],[13.736374,66.167661],[13.738162,66.168229],[13.739471,66.168461],[13.745579,66.16903]],[[15.436347,67.262688],[15.434173,67.263396],[15.431958,67.263799],[15.429444,67.264],[15.426633,67.263954]],[[15.437612,67.255617],[15.439068,67.259487],[15.43909,67.260115],[15.438803,67.260868]],[[6.762443,58.403604],[6.761685,58.403817]],[[6.761685,58.403817],[6.761539,58.403866]],[[6.803384,58.392827],[6.802557,58.39347],[6.802097,58.394164],[6.801858,58.396577],[6.801228,58.397938]],[[6.801228,58.397938],[6.801154,58.39806]],[[7.943709,58.154747],[7.943542,58.154703]],[[7.943542,58.154703],[7.943403,58.154665]],[[7.879503,58.155718],[7.878063,58.156064]],[[7.878063,58.156064],[7.877915,58.1561]],[[7.933106,58.194511],[7.931856,58.191445],[7.930354,58.189393],[7.930235,58.188693],[7.930358,58.187741]],[[7.933137,58.194592],[7.933106,58.194511]],[[7.931412,58.205852],[7.931484,58.20577]],[[7.931267,58.206006],[7.931412,58.205852]],[[7.932595,58.201229],[7.93255,58.201157]],[[7.931484,58.20577],[7.931814,58.205227],[7.932767,58.202473],[7.93282,58.201886],[7.932595,58.201229]],[[8.542314,60.622638],[8.542234,60.622616]],[[8.544432,60.623013],[8.542314,60.622638]],[[5.817983,60.59378],[5.817439,60.593195]],[[5.824985,60.600234],[5.823805,60.59946],[5.822784,60.598612],[5.820696,60.596057]],[[6.891695,60.706668],[6.88922,60.705134],[6.887251,60.704183],[6.876756,60.700116]],[[6.891767,60.706713],[6.891695,60.706668]],[[10.464451,63.000976],[10.461347,63.002441],[10.460031,63.003311],[10.455693,63.008092]],[[10.465694,63.000597],[10.466374,63.000424]],[[10.308105,63.033554],[10.309805,63.033183],[10.310952,63.032801],[10.312225,63.032173],[10.313076,63.031544],[10.313692,63.03084],[10.317243,63.025513],[10.317782,63.024979],[10.318686,63.024447],[10.319856,63.024024],[10.321578,63.023697],[10.32306,63.023618],[10.326123,63.023716],[10.327823,63.023553],[10.329204,63.023221],[10.332634,63.021917]],[[10.455693,63.008092],[10.455602,63.008187]],[[10.454091,63.0092],[10.454247,63.009125]],[[10.455602,63.008187],[10.455074,63.00865],[10.454247,63.009125]],[[8.404248,60.569831],[8.402249,60.570094],[8.395784,60.570568],[8.382381,60.572629],[8.380519,60.573044],[8.374104,60.574973],[8.372705,60.575279],[8.371574,60.575432],[8.362078,60.57631],[8.359236,60.576504],[8.352027,60.576679],[8.346667,60.577],[8.344739,60.577019],[8.342338,60.576936],[8.34064,60.577066]],[[11.173195,58.936281],[11.17348,58.936547]],[[12.138265,58.118333],[12.141461,58.115376],[12.14208,58.114647],[12.142414,58.113949],[12.143093,58.111157],[12.143693,58.110212],[12.144793,58.109459],[12.148586,58.107207],[12.149656,58.106099],[12.150053,58.105323],[12.150479,58.103221],[12.151829,58.10093],[12.15227,58.098893],[12.153129,58.095997],[12.156656,58.086196],[12.156656,58.084737],[12.156367,58.083699],[12.149988,58.066285],[12.149416,58.063642],[12.147645,58.058322],[12.146961,58.055627],[12.147172,58.054557],[12.149451,58.049635],[12.150399,58.046316],[12.150679,58.042567],[12.150332,58.040271],[12.15042,58.039615],[12.150827,58.038885],[12.152185,58.037479],[12.152655,58.036378],[12.15266,58.03542],[12.152519,58.035117],[12.150352,58.032302],[12.150062,58.031676],[12.14998,58.031127]],[[9.896432,58.998359],[9.896409,58.998289]],[[11.937154,58.315615],[11.937638,58.315891]],[[11.900794,57.901305],[11.900634,57.901421]],[[11.904746,57.898338],[11.900794,57.901305]],[[11.900634,57.901421],[11.89553,57.905195],[11.892608,57.906568],[11.891448,57.907215],[11.890633,57.907857],[11.889924,57.908642]],[[11.904953,57.898192],[11.904746,57.898338]],[[10.82263,59.908385],[10.82897,59.908135],[10.832549,59.908165],[10.835574,59.9083],[10.838578,59.908533],[10.841369,59.908842],[10.844293,59.909265],[10.847643,59.909882],[10.852487,59.911035],[10.924392,59.929826],[10.94302,59.934514],[10.966449,59.940773],[10.998492,59.949117],[11.001709,59.94985],[11.005857,59.950582],[11.018928,59.952338]],[[10.4912,61.030833],[10.491838,61.031442]],[[10.455987,61.061796],[10.455618,61.062671],[10.455611,61.063927],[10.455865,61.064726],[10.456795,61.066],[10.45712,61.066793],[10.456888,61.070434],[10.457099,61.072055],[10.457535,61.072975],[10.45866,61.074701],[10.459627,61.080058],[10.461133,61.082051],[10.462042,61.084033]],[[10.759635,59.908783],[10.760605,59.908672]],[[10.760622,59.908778],[10.761193,59.908679]],[[10.761193,59.908679],[10.761731,59.908585]],[[10.761646,59.908893],[10.762547,59.908735]],[[10.762547,59.908735],[10.763804,59.908591]],[[6.399123,60.627022],[6.397751,60.626434],[6.395384,60.625977]],[[6.400124,60.627571],[6.399123,60.627022]],[[7.124289,60.739095],[7.123677,60.738814]],[[7.001165,60.723389],[6.998923,60.7216]],[[7.004275,60.724496],[7.003895,60.724442]],[[6.988045,60.711948],[6.987627,60.71176]],[[6.986498,60.711292],[6.985374,60.710893]],[[6.959213,60.702429],[6.958757,60.702335]],[[6.949895,60.699547],[6.949604,60.699491]],[[6.949604,60.699491],[6.948778,60.699391]],[[6.942636,60.702366],[6.942156,60.702732]],[[6.901451,60.708619],[6.901314,60.708662]],[[6.894954,60.708397],[6.893454,60.707691],[6.891767,60.706713]],[[6.876756,60.700116],[6.875308,60.699445],[6.873944,60.698647]],[[7.111337,60.732198],[7.051331,60.727414]],[[7.112011,60.732259],[7.111337,60.732198]],[[6.865481,60.695504],[6.864526,60.695285],[6.863341,60.695146],[6.857206,60.694857],[6.855448,60.694915]],[[6.865943,60.695658],[6.865481,60.695504]],[[6.873944,60.698647],[6.873013,60.698189],[6.872165,60.697892],[6.868837,60.697063],[6.865943,60.695658]],[[6.843107,60.696518],[6.842489,60.695576]],[[6.830992,60.688265],[6.830717,60.68821]],[[6.830717,60.68821],[6.829394,60.688073],[6.826523,60.688119],[6.825352,60.687947],[6.824035,60.687576]],[[6.824035,60.687576],[6.822854,60.687313]],[[6.822854,60.687313],[6.821751,60.687199],[6.820358,60.687168]],[[6.820358,60.687168],[6.818022,60.686967],[6.814481,60.686305],[6.812486,60.685712],[6.810704,60.684869]],[[6.805254,60.669549],[6.80397,60.668939],[6.802375,60.668328]],[[6.750081,60.676134],[6.749901,60.676209]],[[6.749901,60.676209],[6.749193,60.676457]],[[6.761989,60.669916],[6.761512,60.670035]],[[6.764577,60.669119],[6.763591,60.669523],[6.761989,60.669916]],[[6.76557,60.6686],[6.764577,60.669119]],[[6.768258,60.667921],[6.766657,60.668207],[6.76557,60.6686]],[[6.769231,60.667855],[6.768258,60.667921]],[[6.771843,60.667775],[6.769231,60.667855]],[[6.749193,60.676457],[6.747088,60.676926],[6.745087,60.677186],[6.739986,60.677367],[6.737409,60.677646]],[[6.680441,60.680977],[6.679579,60.681321],[6.678891,60.681782]],[[6.67354,60.683853],[6.671834,60.683583],[6.670625,60.683101]],[[6.666185,60.680475],[6.663668,60.679903],[6.660894,60.678927],[6.658589,60.678587]],[[6.630448,60.680125],[6.628361,60.680239],[6.626057,60.68013],[6.625071,60.679926],[6.623334,60.679361],[6.622341,60.679174]],[[6.620635,60.679125],[6.618787,60.679355]],[[6.586703,60.679405],[6.586151,60.679417]],[[6.586151,60.679417],[6.579422,60.679513]],[[6.557367,60.673157],[6.557723,60.672271]],[[6.544076,60.668115],[6.543503,60.668016]],[[6.501293,60.644801],[6.500314,60.644892],[6.499346,60.64488],[6.498476,60.644781],[6.497509,60.644561]],[[6.467677,60.639313],[6.465089,60.639524],[6.463249,60.639384],[6.461809,60.639016],[6.459674,60.63799],[6.458632,60.637649],[6.45627,60.637262],[6.452721,60.636855]],[[6.452721,60.636855],[6.450747,60.636804],[6.449834,60.636921],[6.4489,60.637158]],[[6.43875,60.639143],[6.438407,60.638901]],[[6.421422,60.629495],[6.419179,60.629511]],[[7.122552,60.737625],[7.122519,60.737306]],[[7.122519,60.737306],[7.122523,60.737095]],[[7.122678,60.736514],[7.122743,60.736342]],[[7.122523,60.735572],[7.122596,60.736332]],[[7.103112,60.765769],[7.102995,60.768065],[7.102494,60.770127],[7.101965,60.771259]],[[7.09468,60.785821],[7.094665,60.786142]],[[7.09779,60.789021],[7.098102,60.789626],[7.097852,60.790146]],[[7.108786,60.862147],[7.110206,60.862499]],[[7.110206,60.862499],[7.111552,60.862735],[7.114427,60.862972]],[[7.122596,60.736332],[7.122393,60.736869]],[[8.532117,60.614546],[8.531296,60.613843],[8.530137,60.613307],[8.522496,60.611184],[8.517753,60.609487],[8.515575,60.608344],[8.513583,60.606668],[8.512735,60.606259],[8.511727,60.605926]],[[8.511727,60.605926],[8.508531,60.604825],[8.50075,60.601304],[8.498897,60.600379],[8.494291,60.597831],[8.49062,60.596139],[8.485377,60.5934],[8.481693,60.591743],[8.47823,60.590393],[8.454561,60.58187],[8.4528,60.581154],[8.451397,60.580428],[8.439732,60.573674]],[[8.439732,60.573674],[8.438228,60.572894],[8.437228,60.572571],[8.43617,60.572338]],[[8.407422,60.569414],[8.406139,60.569503],[8.404248,60.569831]],[[8.43617,60.572338],[8.427057,60.57056],[8.420779,60.569871],[8.414479,60.569347],[8.407422,60.569414]],[[8.34064,60.577066],[8.335934,60.577796],[8.333077,60.578507],[8.330812,60.578921]],[[8.330812,60.578921],[8.329605,60.579095],[8.328679,60.579132],[8.32753,60.57905],[8.326512,60.578835]],[[8.326512,60.578835],[8.324031,60.578106],[8.322361,60.577495],[8.319803,60.576288],[8.318728,60.575612],[8.317,60.574201],[8.316261,60.573456],[8.313863,60.570464],[8.313109,60.569038]],[[8.313109,60.569038],[8.312259,60.568036],[8.310489,60.566517],[8.30962,60.565953],[8.30826,60.565428],[8.305939,60.564932],[8.304963,60.564637],[8.302541,60.563528],[8.300593,60.562498],[8.299803,60.561824],[8.29913,60.560562],[8.298529,60.559897]],[[8.298529,60.559897],[8.295606,60.557486]],[[8.266964,60.55301],[8.264964,60.552799],[8.263238,60.552521],[8.258688,60.551478],[8.253194,60.550632],[8.24356,60.548716]],[[8.237268,60.545125],[8.235132,60.544429],[8.233405,60.543631]],[[8.223488,60.537697],[8.222853,60.537125]],[[8.196042,60.533009],[8.195557,60.532907]],[[8.126216,60.523845],[8.124462,60.523061],[8.121958,60.522428]],[[8.106945,60.515788],[8.105014,60.515199],[8.102318,60.514568]],[[8.102318,60.514568],[8.10115,60.51426],[8.100268,60.513892],[8.099434,60.513303],[8.099006,60.512729]],[[8.071628,60.49654],[8.070934,60.49605],[8.070456,60.495481],[8.070296,60.494969],[8.070312,60.493566],[8.070004,60.49301],[8.069449,60.492494]],[[8.011892,60.501941],[8.005148,60.50235]],[[8.000997,60.502595],[7.990236,60.503211]],[[7.981863,60.503688],[7.979535,60.503795],[7.977018,60.503816],[7.973651,60.503696],[7.971268,60.503509]],[[7.95883,60.502006],[7.957099,60.502382]],[[7.957099,60.502382],[7.954381,60.503061],[7.952062,60.503442],[7.950092,60.503639],[7.945746,60.503862],[7.943827,60.504133],[7.928933,60.508365]],[[7.928933,60.508365],[7.927054,60.508842],[7.925082,60.509056],[7.92324,60.508994],[7.921415,60.508669],[7.914924,60.506899],[7.913981,60.506543],[7.913298,60.506139],[7.912876,60.505752],[7.912006,60.504008]],[[7.911756,60.503719],[7.910997,60.503104],[7.910204,60.502668],[7.909187,60.502308],[7.908174,60.502103],[7.907144,60.502011],[7.906062,60.502026],[7.905003,60.502161],[7.903825,60.502454]],[[7.880421,60.509274],[7.880312,60.509315]],[[7.865753,60.511767],[7.864862,60.511857]],[[7.854214,60.514177],[7.852865,60.513877]],[[7.841536,60.510759],[7.836636,60.511002],[7.835311,60.511252],[7.83405,60.511693]],[[7.814269,60.530264],[7.813486,60.530614],[7.812968,60.530982]],[[7.747797,60.551411],[7.741895,60.55079]],[[7.741752,60.550774],[7.740629,60.550655]],[[7.509291,60.599515],[7.507335,60.600498],[7.505127,60.601461],[7.502868,60.602308],[7.500884,60.602937]],[[7.537068,60.59396],[7.533951,60.594819],[7.531479,60.595773],[7.530351,60.596096],[7.528617,60.59637],[7.526214,60.596463]],[[10.404766,61.161311],[10.4048,61.161378]],[[10.4048,61.161378],[10.405275,61.162386],[10.405388,61.16326],[10.403761,61.167868],[10.403851,61.168799],[10.404302,61.169609]],[[7.281707,60.65467],[7.280469,60.655909]],[[7.279995,60.656191],[7.278447,60.656846]],[[7.278447,60.656846],[7.276483,60.65728]],[[7.273471,60.65772],[7.270891,60.658097]],[[7.268408,60.658521],[7.264715,60.659454],[7.261015,60.66024],[7.259951,60.660593],[7.257848,60.661639]],[[7.255869,60.667021],[7.255344,60.667297]],[[5.35165,60.383468],[5.350585,60.383916]],[[5.352622,60.382998],[5.352174,60.383218]],[[7.245328,60.669577],[7.244133,60.669962]],[[7.219214,60.689536],[7.218851,60.689853]],[[7.209904,60.694308],[7.209676,60.695732],[7.210357,60.70039]],[[7.210785,60.700986],[7.21227,60.702229]],[[7.214273,60.705472],[7.215238,60.706523]],[[7.215238,60.706523],[7.215611,60.707237],[7.215732,60.707997],[7.215554,60.708573],[7.214973,60.709457]],[[7.214973,60.709457],[7.213821,60.711218],[7.213556,60.712777]],[[7.213556,60.712777],[7.213512,60.713525]],[[7.214134,60.716167],[7.214043,60.716338]],[[7.209181,60.718622],[7.208169,60.718658],[7.206894,60.718585]],[[7.213552,60.713864],[7.214069,60.715069]],[[7.200123,60.718967],[7.199273,60.719501],[7.198813,60.720089]],[[7.167115,60.72962],[7.156347,60.731057],[7.154631,60.73137],[7.152422,60.732005],[7.145913,60.734472]],[[7.038743,60.72641],[7.023147,60.725174]],[[7.051331,60.727414],[7.038743,60.72641]],[[5.598258,60.428797],[5.595815,60.42748],[5.595052,60.427238],[5.594032,60.427053],[5.592861,60.426994],[5.591699,60.427086],[5.590702,60.4273],[5.589563,60.42774]],[[5.623808,60.428665],[5.622387,60.428303],[5.620848,60.428272]],[[5.744199,60.469397],[5.743818,60.46835],[5.742726,60.466886],[5.742104,60.465334],[5.740918,60.463706]],[[5.737476,60.477497],[5.738051,60.477171],[5.738654,60.476659]],[[5.736458,60.477976],[5.737476,60.477497]],[[5.733846,60.49176],[5.734598,60.490571],[5.734883,60.489394],[5.734369,60.485896]],[[5.7262,60.515303],[5.725931,60.512841],[5.726241,60.511609]],[[5.625999,60.430204],[5.625595,60.429851]],[[5.624777,60.429209],[5.624409,60.428972]],[[5.731612,60.499987],[5.731454,60.498751],[5.73176,60.49763],[5.731811,60.496832]],[[5.734291,60.482324],[5.733896,60.481351]],[[5.734369,60.485896],[5.734674,60.483843],[5.734291,60.482324]],[[5.743448,60.472581],[5.743782,60.472329]],[[5.744467,60.470351],[5.744402,60.47013]],[[5.74345,60.558443],[5.741422,60.556067],[5.739556,60.554895],[5.738735,60.554136]],[[5.744414,60.559045],[5.743676,60.558638]],[[5.746583,60.559614],[5.745447,60.559354]],[[5.747707,60.560074],[5.746583,60.559614]],[[5.797372,60.579876],[5.795289,60.58039],[5.793024,60.580831]],[[5.803933,60.580056],[5.802757,60.579707],[5.801409,60.579502],[5.799926,60.579469],[5.798554,60.579613]],[[5.820265,60.595485],[5.819508,60.594755],[5.817983,60.59378]],[[5.969394,60.640588],[5.968836,60.639865],[5.967889,60.639171],[5.966741,60.638649],[5.965311,60.638243]],[[5.977002,60.646159],[5.975256,60.645849],[5.973427,60.645339],[5.971657,60.644685],[5.970684,60.644141],[5.970129,60.643626],[5.969809,60.643076],[5.969606,60.641227],[5.969394,60.640588]],[[6.001418,60.6464],[5.999624,60.646584],[5.998261,60.646562],[5.993811,60.645945],[5.991454,60.645244],[5.990425,60.645035],[5.989058,60.644958],[5.987629,60.645041]],[[6.016335,60.645155],[6.015271,60.646316],[6.014479,60.646795],[6.01289,60.647291],[6.011891,60.647459],[6.010966,60.647523]],[[6.017527,60.644062],[6.016335,60.645155]],[[6.017615,60.644006],[6.017527,60.644062]],[[6.039046,60.641117],[6.038043,60.6412]],[[6.101422,60.64643],[6.100932,60.646363]],[[6.151113,60.643713],[6.148919,60.644368],[6.1456,60.644663],[6.142697,60.645355],[6.141215,60.645579],[6.139165,60.645733],[6.136139,60.645519],[6.13381,60.645598]],[[6.198471,60.635373],[6.198246,60.63539]],[[6.198246,60.63539],[6.194726,60.635704],[6.190876,60.636575],[6.189328,60.636772],[6.185726,60.636881],[6.182264,60.637089],[6.174517,60.636775],[6.172784,60.636792]],[[6.201882,60.634759],[6.201718,60.634808]],[[6.201718,60.634808],[6.200177,60.635166],[6.198471,60.635373]],[[6.240946,60.630913],[6.234589,60.633026],[6.233356,60.633282],[6.23174,60.63343],[6.230632,60.633425],[6.229237,60.633294],[6.225721,60.632534],[6.22434,60.632323],[6.220227,60.632189],[6.217794,60.631899]],[[5.820696,60.596057],[5.820265,60.595485]],[[5.81867,60.589093],[5.818644,60.588921]],[[5.813169,60.584789],[5.812386,60.584459]],[[5.798554,60.579613],[5.797372,60.579876]],[[5.768174,60.577459],[5.767832,60.577276]],[[5.748441,60.560663],[5.747707,60.560074]],[[5.743676,60.558638],[5.74345,60.558443]],[[5.736053,60.551978],[5.734756,60.550272],[5.732786,60.548617]],[[5.723371,60.533479],[5.723632,60.532912]],[[5.723632,60.532912],[5.72385,60.532206],[5.723818,60.531137],[5.724246,60.530164],[5.724321,60.529126]],[[5.724433,60.522037],[5.724743,60.520143],[5.72548,60.518833]],[[5.727883,60.504968],[5.727909,60.504778]],[[5.727909,60.504778],[5.727929,60.504525]],[[5.950477,60.63707],[5.948624,60.63665],[5.946985,60.636162],[5.942386,60.634314]],[[5.951991,60.637334],[5.950477,60.63707]],[[5.95362,60.637537],[5.951991,60.637334]],[[5.965311,60.638243],[5.964436,60.638092]],[[5.962577,60.637954],[5.962297,60.637951]],[[5.987629,60.645041],[5.985677,60.645275],[5.980302,60.646218],[5.978743,60.646282],[5.977002,60.646159]],[[6.027791,60.641162],[6.027154,60.641233]],[[6.040564,60.640967],[6.039046,60.641117]],[[6.100932,60.646363],[6.099532,60.646175]],[[6.121631,60.646578],[6.119224,60.646158],[6.116121,60.64608]],[[6.217794,60.631899],[6.21598,60.631758],[6.209817,60.631485]],[[6.266036,60.632048],[6.265519,60.631942]],[[5.447792,60.413299],[5.386269,60.385991],[5.383406,60.384818],[5.379853,60.383519]],[[5.462151,60.419178],[5.459518,60.418434],[5.457228,60.417486]],[[5.557584,60.422646],[5.557022,60.422655]],[[5.570489,60.426527],[5.569858,60.426123],[5.568876,60.425704]],[[5.582108,60.430124],[5.581822,60.43021]],[[5.606773,60.429221],[5.606342,60.429253]],[[5.719871,60.452554],[5.713429,60.452432],[5.710363,60.452202],[5.704947,60.452072],[5.698206,60.451456]],[[7.198695,60.720393],[7.198608,60.72067]],[[7.210715,60.700914],[7.210785,60.700986]],[[7.213512,60.713525],[7.213552,60.713864]],[[7.214069,60.715069],[7.214242,60.715555],[7.214134,60.716167]],[[7.211734,60.71792],[7.211147,60.71818]],[[7.218851,60.689853],[7.218013,60.690454],[7.21676,60.691156]],[[7.219516,60.68925],[7.219214,60.689536]],[[7.220783,60.687882],[7.219516,60.68925]],[[7.225019,60.685471],[7.222275,60.68671],[7.221453,60.687245],[7.220783,60.687882]],[[7.225901,60.685024],[7.225019,60.685471]],[[7.228221,60.683651],[7.225901,60.685024]],[[7.228682,60.683367],[7.228221,60.683651]],[[7.235639,60.678605],[7.232778,60.680798],[7.228682,60.683367]],[[7.238453,60.67294],[7.237852,60.674466]],[[7.237852,60.674466],[7.237746,60.675906],[7.237463,60.676701],[7.236966,60.677376],[7.235639,60.678605]],[[7.241108,60.671042],[7.240212,60.671387],[7.23937,60.671859],[7.238809,60.672372],[7.238453,60.67294]],[[7.276483,60.65728],[7.275275,60.657458]],[[7.275275,60.657458],[7.273471,60.65772]],[[7.280469,60.655909],[7.279995,60.656191]],[[7.281994,60.654408],[7.281707,60.65467]],[[7.26933,60.65834],[7.268408,60.658521]],[[7.270891,60.658097],[7.26933,60.65834]],[[7.256824,60.665327],[7.256859,60.665762]],[[7.257848,60.661639],[7.257076,60.662137]],[[7.257076,60.662137],[7.256562,60.662674]],[[7.248165,60.668764],[7.246538,60.669192]],[[7.244133,60.669962],[7.243353,60.670227]],[[7.312049,60.653707],[7.310225,60.653652]],[[7.303723,60.653151],[7.301144,60.653017]],[[7.301144,60.653017],[7.300041,60.653106],[7.29914,60.653267]],[[7.29914,60.653267],[7.297938,60.653639]],[[7.297938,60.653639],[7.295896,60.654641]],[[7.286812,60.653368],[7.28582,60.653334],[7.284877,60.653392]],[[7.284877,60.653392],[7.284045,60.653524],[7.283119,60.653794]],[[9.885148,59.796027],[9.887255,59.795003],[9.888451,59.794249],[9.892701,59.790841],[9.893627,59.789937],[9.894196,59.789162],[9.89468,59.787983],[9.894756,59.786938],[9.894106,59.778477]],[[9.894106,59.778477],[9.894134,59.777946]],[[9.895622,59.769149],[9.895913,59.767594],[9.895886,59.766925],[9.895617,59.766099],[9.895123,59.765337]],[[9.903938,59.771082],[9.903548,59.771306]],[[9.904494,59.770704],[9.90406,59.770944]],[[9.912706,59.765777],[9.91263,59.765822]],[[9.938916,59.760964],[9.937274,59.760979],[9.935583,59.760847]],[[9.957114,59.759732],[9.938916,59.760964]],[[10.041117,59.754663],[10.033871,59.753343],[10.031486,59.752663]],[[10.062879,59.750985],[10.061144,59.751862]],[[10.156022,59.744062],[10.154142,59.744193]],[[10.159424,59.743857],[10.156022,59.744062]],[[10.165572,59.743514],[10.159424,59.743857]],[[10.186477,59.742266],[10.165572,59.743514]],[[10.19828,59.741508],[10.197484,59.741552]],[[10.211982,59.737195],[10.211142,59.737439]],[[9.895016,59.843249],[9.895424,59.839909],[9.895825,59.838361]],[[9.896156,59.837073],[9.896428,59.836019],[9.896256,59.834553],[9.896402,59.833737],[9.896731,59.833124]],[[9.896731,59.833124],[9.898456,59.831209],[9.898653,59.830698],[9.898655,59.830151],[9.898359,59.829075],[9.898198,59.827501],[9.897904,59.827],[9.896697,59.825892],[9.89604,59.825046]],[[9.895953,59.847964],[9.896125,59.846586],[9.895218,59.845057],[9.894988,59.844278]],[[9.895009,59.843332],[9.895016,59.843249]],[[9.894988,59.844278],[9.895009,59.843332]],[[9.929858,59.901064],[9.927979,59.90027],[9.926123,59.899022],[9.924109,59.898282],[9.92295,59.898047]],[[9.92295,59.898047],[9.920983,59.897732],[9.919443,59.897174],[9.915553,59.894606],[9.91488,59.894054],[9.912758,59.889975],[9.912291,59.888296]],[[9.912291,59.888296],[9.911759,59.887267],[9.910748,59.886417]],[[9.908729,59.884955],[9.908319,59.884375],[9.906975,59.881633],[9.905837,59.880708],[9.904815,59.880224],[9.90403,59.879963]],[[9.894693,59.861961],[9.895062,59.859672]],[[9.895062,59.859672],[9.895254,59.858879],[9.894808,59.857013],[9.894749,59.856215],[9.895157,59.85461],[9.895163,59.852811],[9.895418,59.850992],[9.895355,59.849774],[9.895953,59.847964]],[[9.972936,59.936795],[9.972248,59.934995],[9.971551,59.934214],[9.970776,59.933658],[9.969851,59.93323],[9.967,59.932175],[9.96512,59.931606],[9.963747,59.931326],[9.961981,59.931133]],[[9.959325,59.930911],[9.956591,59.93064],[9.955102,59.93028],[9.953753,59.929643],[9.951847,59.92822],[9.949469,59.927316],[9.948794,59.926902]],[[9.939636,59.914127],[9.939175,59.913437],[9.939005,59.912867],[9.939073,59.912167],[9.939373,59.911253]],[[9.939373,59.911253],[9.939191,59.910141],[9.936978,59.906783],[9.936064,59.904907],[9.935565,59.904407],[9.934538,59.903677],[9.930629,59.901413],[9.929858,59.901064]],[[10.103495,60.08195],[10.102996,60.08093],[10.102515,60.079157],[10.101983,60.077916],[10.100908,60.07666],[10.099425,60.075535],[10.098704,60.07479],[10.098361,60.074135],[10.098309,60.07348],[10.098721,60.072306],[10.098678,60.071673],[10.098361,60.07103],[10.09788,60.070551],[10.09685,60.06984],[10.095871,60.069352],[10.094018,60.068054],[10.092375,60.066427]],[[10.086975,60.061454],[10.084559,60.060845],[10.083143,60.060066],[10.082074,60.059071]],[[10.079276,60.0556],[10.078165,60.054196],[10.076577,60.052761],[10.073985,60.051163],[10.072349,60.050384],[10.070353,60.049589],[10.066228,60.04822]],[[10.066228,60.04822],[10.064196,60.047523],[10.062758,60.046861],[10.061621,60.046161],[10.060159,60.044918]],[[10.060159,60.044918],[10.058552,60.043826],[10.054948,60.042026],[10.053849,60.04134],[10.052759,60.040535],[10.051938,60.039357]],[[10.051938,60.039357],[10.051884,60.039232]],[[10.051884,60.039232],[10.051712,60.03849],[10.051753,60.037887]],[[10.051948,60.035219],[10.051306,60.033903],[10.050377,60.032851]],[[10.051753,60.037887],[10.052136,60.036195],[10.051948,60.035219]],[[10.050377,60.032851],[10.049209,60.03183],[10.047058,60.030433],[10.043356,60.028649]],[[10.035797,60.025418],[10.034066,60.024262],[10.032803,60.022982],[10.026093,60.014143],[10.025319,60.012997],[10.025031,60.011736]],[[10.025031,60.011736],[10.025028,60.011312]],[[10.025028,60.011312],[10.025164,60.00802],[10.024884,60.006385]],[[10.024627,59.993814],[10.0233,59.9926],[10.021186,59.991219],[10.019939,59.990215],[10.019167,59.989468],[10.01808,59.988102]],[[10.01808,59.988102],[10.016935,59.986748],[10.015916,59.986018],[10.01454,59.985309]],[[10.01454,59.985309],[10.013131,59.984564],[10.011431,59.983298],[10.004326,59.974338],[10.003334,59.973337],[10.001145,59.971595]],[[10.001145,59.971595],[10.000958,59.971454]],[[10.000958,59.971454],[9.995804,59.967382]],[[9.995804,59.967382],[9.993089,59.965372]],[[9.992915,59.965263],[9.991158,59.964237],[9.988233,59.962763]],[[9.988233,59.962763],[9.987298,59.962148],[9.986739,59.961432]],[[9.986739,59.961432],[9.985658,59.959655],[9.984531,59.958357],[9.982807,59.956688],[9.982371,59.955368],[9.982352,59.953924],[9.98212,59.95325],[9.981355,59.952382]],[[9.97461,59.938858],[9.973389,59.937699],[9.972936,59.936795]],[[10.111596,60.085009],[10.107762,60.084422],[10.106132,60.083964],[10.105365,60.083653],[10.104455,60.083096],[10.103495,60.08195]],[[10.250435,60.16975],[10.250163,60.169679]],[[10.245345,60.169104],[10.245741,60.169107]],[[10.235837,60.167543],[10.233877,60.166748],[10.231972,60.166207],[10.229871,60.165802],[10.227475,60.165555],[10.225531,60.165513],[10.223883,60.165691],[10.222392,60.166112],[10.22115,60.166772]],[[10.2363,60.167779],[10.235837,60.167543]],[[10.252965,60.167056],[10.253026,60.166833]],[[10.251435,60.164809],[10.249736,60.164251],[10.248721,60.164068],[10.247436,60.163958]],[[10.247436,60.163958],[10.246574,60.163948]],[[10.246236,60.163947],[10.245027,60.163913],[10.242934,60.163728]],[[10.218327,60.15529],[10.217384,60.154304]],[[10.217384,60.154304],[10.21639,60.153018],[10.215505,60.152258]],[[10.194753,60.141601],[10.193501,60.141238],[10.192545,60.141109],[10.1875,60.140913],[10.186653,60.140773],[10.185583,60.140446]],[[10.185583,60.140446],[10.184466,60.140082]],[[10.161889,60.13259],[10.160398,60.131626],[10.15354,60.125932]],[[10.136655,60.107413],[10.135869,60.10646],[10.135474,60.105237],[10.13501,60.104629],[10.134272,60.103979],[10.132238,60.10279],[10.131062,60.10125],[10.131011,60.100479],[10.131423,60.099316],[10.131405,60.098554],[10.131062,60.098019],[10.129105,60.096222],[10.128315,60.094908],[10.127457,60.094189],[10.126341,60.093727],[10.123235,60.093208]],[[10.123235,60.093208],[10.121913,60.09297],[10.120848,60.092426],[10.118908,60.091202],[10.117157,60.089889],[10.11666,60.089182],[10.116703,60.088455],[10.117036,60.087335],[10.116703,60.086507],[10.116231,60.086092],[10.115158,60.08563],[10.113344,60.085269]],[[10.113344,60.085269],[10.112118,60.085087]],[[10.112118,60.085087],[10.111596,60.085009]],[[10.254909,60.172234],[10.254697,60.171917]],[[10.255019,60.172409],[10.254969,60.172331]],[[10.273237,60.176828],[10.271172,60.176509],[10.267397,60.176382]],[[10.376986,60.230155],[10.377427,60.229354]],[[10.400901,60.238332],[10.399802,60.237812]],[[10.515347,60.293174],[10.512187,60.29271],[10.510566,60.29266],[10.509036,60.292747],[10.506849,60.293119],[10.503829,60.294087],[10.50194,60.294528],[10.494215,60.295496]],[[10.52688,60.291034],[10.524466,60.291058],[10.523124,60.291279],[10.521881,60.291749],[10.520163,60.292814],[10.518743,60.293231],[10.516997,60.293363],[10.515347,60.293174]],[[10.426521,60.254582],[10.426766,60.253661],[10.42661,60.252703],[10.426161,60.251951],[10.424902,60.250716]],[[10.579817,60.29339],[10.573498,60.29359]],[[10.598017,60.29115],[10.594584,60.291831],[10.591227,60.292647],[10.589046,60.293003],[10.587071,60.293171],[10.580112,60.293382]],[[10.54775,60.291562],[10.542471,60.290967],[10.538061,60.290726],[10.533953,60.290723],[10.52688,60.291034]],[[9.462704,60.440503],[9.462426,60.440596]],[[9.468737,60.437014],[9.467834,60.437826],[9.466409,60.438815],[9.464783,60.439673],[9.462704,60.440503]],[[7.242113,60.67066],[7.241108,60.671042]],[[7.212196,60.692534],[7.211076,60.69298]],[[7.21227,60.702229],[7.213153,60.70357]],[[7.213153,60.70357],[7.21363,60.704639],[7.214273,60.705472]],[[7.182798,60.728647],[7.182503,60.728855]],[[7.188432,60.726742],[7.187002,60.727272]],[[7.191592,60.724835],[7.191077,60.725139]],[[7.191077,60.725139],[7.190178,60.725735]],[[7.203118,60.718345],[7.201397,60.718546],[7.200123,60.718967]],[[7.204127,60.718381],[7.203118,60.718345]],[[7.204517,60.718409],[7.204127,60.718381]],[[7.182503,60.728855],[7.181475,60.729548]],[[7.18041,60.729956],[7.179517,60.730145]],[[7.179517,60.730145],[7.178817,60.73022]],[[7.178817,60.73022],[7.178424,60.730238]],[[7.178424,60.730238],[7.177231,60.730194],[7.175972,60.729993]],[[7.175972,60.729993],[7.175723,60.729934]],[[7.175723,60.729934],[7.174754,60.72971]],[[7.142833,60.737384],[7.141968,60.737918]],[[7.141968,60.737918],[7.141553,60.73808]],[[7.13695,60.73874],[7.136253,60.738806]],[[7.136253,60.738806],[7.135423,60.738887]],[[7.138336,60.738602],[7.13695,60.73874]],[[6.846162,60.698147],[6.845667,60.698053]],[[6.133684,60.645603],[6.130296,60.645846],[6.124523,60.646769],[6.123085,60.646777],[6.121631,60.646578]],[[6.13381,60.645598],[6.133684,60.645603]],[[6.026891,60.641266],[6.026555,60.641312]],[[6.027154,60.641233],[6.026891,60.641266]],[[5.758728,60.569909],[5.758403,60.569679]],[[5.759567,60.570504],[5.758728,60.569909]],[[5.615011,60.428826],[5.614637,60.428813]],[[5.615544,60.428829],[5.615011,60.428826]],[[5.619071,60.428426],[5.618713,60.428463]],[[5.619349,60.428398],[5.619071,60.428426]],[[5.471444,60.421636],[5.471294,60.421594]],[[7.255344,60.667297],[7.254036,60.667701],[7.248165,60.668764]],[[7.683062,60.551642],[7.679424,60.551712]],[[7.70199,60.551257],[7.683062,60.551642]],[[7.568944,60.577905],[7.568513,60.578322]],[[7.571212,60.575004],[7.570039,60.576676],[7.568944,60.577905]],[[7.524445,60.596494],[7.520987,60.596569]],[[7.526214,60.596463],[7.524445,60.596494]],[[7.740629,60.550655],[7.737494,60.550327]],[[7.494438,60.603652],[7.49297,60.603641]],[[9.575566,60.393383],[9.574343,60.39389],[9.5733,60.394442],[9.572454,60.395023],[9.571649,60.395768]],[[9.576173,60.39315],[9.575566,60.393383]],[[9.595078,60.3879],[9.592596,60.388939]],[[9.611305,60.381766],[9.609643,60.382181]],[[9.619548,60.376318],[9.618584,60.377257],[9.616651,60.37861],[9.614662,60.380452],[9.613352,60.381137],[9.611305,60.381766]],[[9.636591,60.371511],[9.636183,60.371639]],[[9.637821,60.370965],[9.636591,60.371511]],[[9.637935,60.370898],[9.637821,60.370965]],[[9.639014,60.36992],[9.638609,60.370391],[9.637935,60.370898]],[[9.646975,60.356321],[9.646344,60.35743],[9.645724,60.359378],[9.645206,60.360493],[9.642461,60.364204],[9.639014,60.36992]],[[9.647063,60.354706],[9.647267,60.355393],[9.646975,60.356321]],[[9.672799,60.32673],[9.671451,60.327488]],[[9.656199,60.331177],[9.654951,60.332696],[9.653791,60.334529]],[[9.653791,60.334529],[9.652995,60.336268]],[[9.652995,60.336268],[9.651808,60.34019],[9.651252,60.341418],[9.650265,60.342995]],[[9.657255,60.330378],[9.656199,60.331177]],[[9.675129,60.324558],[9.673947,60.325814],[9.672799,60.32673]],[[9.679046,60.312857],[9.678853,60.313593],[9.678408,60.314409]],[[9.678904,60.311739],[9.679046,60.312857]],[[9.679425,60.308172],[9.678902,60.308842],[9.6786,60.309574],[9.678904,60.311739]],[[9.680206,60.306849],[9.679425,60.308172]],[[9.687171,60.293368],[9.686929,60.293545]],[[9.685639,60.295096],[9.685859,60.296016]],[[9.691149,60.290438],[9.687171,60.293368]],[[9.692562,60.289632],[9.691149,60.290438]],[[9.694187,60.288934],[9.692562,60.289632]],[[9.695172,60.288593],[9.694187,60.288934]],[[9.69861,60.288183],[9.697012,60.288247],[9.695172,60.288593]],[[9.685859,60.296016],[9.686146,60.297098],[9.686183,60.298235],[9.685996,60.299461],[9.685666,60.300346]],[[9.737377,60.289108],[9.698983,60.288194]],[[9.698983,60.288194],[9.69861,60.288183]],[[9.748225,60.285471],[9.746245,60.28627],[9.745498,60.286709],[9.744729,60.287338]],[[9.744729,60.287338],[9.74387,60.288175],[9.743142,60.288589],[9.742031,60.28895],[9.740485,60.289153]],[[9.787908,60.265962],[9.785724,60.266728],[9.783524,60.267669],[9.781033,60.269006],[9.778546,60.270635],[9.775232,60.272018],[9.773962,60.272754]],[[9.845315,60.262569],[9.842685,60.263749],[9.839672,60.264858],[9.830339,60.267805],[9.828126,60.268399],[9.826333,60.268753],[9.824706,60.268963],[9.822738,60.269084],[9.812529,60.269221],[9.808199,60.26918],[9.803457,60.26894]],[[9.846356,60.26213],[9.845315,60.262569]],[[9.856761,60.261197],[9.856086,60.261213]],[[9.85796,60.261151],[9.856761,60.261197]],[[9.868614,60.260803],[9.863683,60.260966]],[[9.887531,60.248285],[9.882744,60.247253]],[[9.889264,60.248654],[9.887531,60.248285]],[[9.892968,60.24875],[9.891174,60.248857],[9.889264,60.248654]],[[9.882744,60.247253],[9.88083,60.246971],[9.879107,60.247065]],[[9.931487,60.238631],[9.93007,60.239208]],[[9.932073,60.238429],[9.931487,60.238631]],[[9.93007,60.239208],[9.928905,60.239779]],[[9.953742,60.232405],[9.953332,60.232518]],[[9.969269,60.228108],[9.953742,60.232405]],[[9.973408,60.225829],[9.972716,60.22649],[9.971846,60.22708],[9.970786,60.2276],[9.969269,60.228108]],[[9.984526,60.208286],[9.983676,60.208365],[9.98272,60.208558],[9.981407,60.209101],[9.980624,60.209816],[9.980432,60.210232],[9.980398,60.210789]],[[9.980398,60.210789],[9.980619,60.213211],[9.980248,60.214865],[9.978841,60.217472],[9.977874,60.21995],[9.977076,60.221453],[9.976068,60.222847],[9.973408,60.225829]],[[10.051635,60.211117],[10.051348,60.21113]],[[10.052186,60.211092],[10.051635,60.211117]],[[10.052611,60.211073],[10.052186,60.211092]],[[10.063576,60.208339],[10.062203,60.208764],[10.05924,60.20997],[10.057844,60.210385],[10.055506,60.210836],[10.052611,60.211073]],[[10.063688,60.20831],[10.063576,60.208339]],[[10.086233,60.206114],[10.084053,60.206233],[10.082251,60.20642],[10.077506,60.207116],[10.072379,60.207307],[10.06891,60.207555],[10.065932,60.207917],[10.063688,60.20831]],[[10.095176,60.206908],[10.095085,60.206897]],[[10.09538,60.206928],[10.095176,60.206908]],[[10.095085,60.206897],[10.090741,60.206323]],[[10.086401,60.206109],[10.086233,60.206114]],[[10.086515,60.206106],[10.086401,60.206109]],[[10.090741,60.206323],[10.088774,60.206131],[10.086515,60.206106]],[[10.127089,60.202511],[10.126791,60.202571]],[[10.138448,60.198718],[10.135787,60.199989],[10.132966,60.201067],[10.130531,60.201771],[10.127089,60.202511]],[[10.141064,60.197574],[10.140152,60.197899],[10.138448,60.198718]],[[10.199422,60.177893],[10.198328,60.178004],[10.197273,60.178217],[10.196538,60.178454],[10.195648,60.17889],[10.194822,60.179603],[10.192643,60.182384],[10.191032,60.18377],[10.189813,60.184572],[10.188408,60.185314],[10.18739,60.185644],[10.186305,60.18586]],[[10.22115,60.166772],[10.2111,60.173316]],[[9.171356,60.516818],[9.170898,60.517485],[9.169637,60.51868],[9.169341,60.519447]],[[9.174697,60.508191],[9.174361,60.509106],[9.172119,60.512993],[9.171931,60.513695],[9.171897,60.515328],[9.171356,60.516818]],[[9.175421,60.503166],[9.174785,60.504151],[9.174426,60.505243],[9.174394,60.50618],[9.174706,60.508092]],[[9.176719,60.495886],[9.176227,60.496266]],[[9.181278,60.493163],[9.18029,60.493601],[9.178676,60.49486],[9.176719,60.495886]],[[9.176227,60.496266],[9.17581,60.496903],[9.175468,60.499257],[9.175448,60.500296],[9.175969,60.50182],[9.175896,60.502348],[9.175421,60.503166]],[[9.18218,60.49294],[9.181278,60.493163]],[[9.208742,60.490646],[9.208242,60.490634]],[[9.214165,60.490211],[9.212728,60.490595],[9.211752,60.490742],[9.210807,60.490774],[9.208742,60.490646]],[[9.221708,60.489417],[9.220863,60.489686],[9.219768,60.489901],[9.218608,60.489995],[9.217397,60.48997]],[[9.23262,60.475808],[9.232051,60.476205],[9.231689,60.476628],[9.231496,60.47754]],[[9.238937,60.475569],[9.237439,60.475162]],[[9.260813,60.466346],[9.260212,60.46758],[9.259315,60.470791],[9.258717,60.471577],[9.257415,60.47258],[9.254369,60.474461],[9.252989,60.475031],[9.247281,60.476397],[9.244887,60.476715]],[[9.264849,60.459405],[9.26417,60.460083],[9.263846,60.460805]],[[9.287339,60.449563],[9.286517,60.449786],[9.285619,60.450186],[9.284486,60.451184]],[[9.288173,60.44944],[9.287339,60.449563]],[[9.288369,60.44942],[9.288173,60.44944]],[[9.314558,60.449822],[9.31265,60.450772]],[[9.325951,60.435407],[9.325932,60.436687],[9.326816,60.438797],[9.32695,60.439964],[9.326693,60.441128],[9.325715,60.44307]],[[9.3316,60.429329],[9.328305,60.432593]],[[9.337914,60.428178],[9.337259,60.428052]],[[9.337259,60.428052],[9.337146,60.428033]],[[9.34233,60.429467],[9.341508,60.42917]],[[9.341508,60.42917],[9.339698,60.428612],[9.337914,60.428178]],[[9.37666,60.430939],[9.376431,60.430926]],[[9.369733,60.430531],[9.367455,60.430467],[9.365277,60.430714],[9.364005,60.431047],[9.359858,60.432477]],[[9.393837,60.431267],[9.392444,60.430652],[9.39082,60.43034],[9.389003,60.430334],[9.387186,60.43067]],[[9.39437,60.431609],[9.393837,60.431267]],[[9.394827,60.431948],[9.39437,60.431609]],[[9.395081,60.432151],[9.394827,60.431948]],[[9.415429,60.44318],[9.41384,60.442412],[9.412739,60.441617],[9.411877,60.440564],[9.411288,60.439122],[9.410769,60.438566],[9.410145,60.438153],[9.409261,60.437767],[9.408399,60.437522],[9.405501,60.437105],[9.404085,60.436683],[9.40133,60.43508],[9.40012,60.434618],[9.398234,60.434046],[9.397093,60.433566],[9.396113,60.432986],[9.395081,60.432151]],[[9.423737,60.446675],[9.415429,60.44318]],[[9.457481,60.441732],[9.455852,60.441967]],[[9.45792,60.441664],[9.457481,60.441732]],[[9.462426,60.440596],[9.460438,60.44116],[9.45792,60.441664]],[[9.477399,60.42981],[9.476709,60.430194]],[[9.498192,60.42023],[9.498062,60.420311]],[[9.516067,60.396118],[9.515955,60.396185]],[[9.517403,60.395186],[9.516067,60.396118]],[[9.521884,60.393749],[9.52058,60.393821],[9.519243,60.394119],[9.518343,60.394509],[9.517403,60.395186]],[[9.522998,60.393838],[9.521884,60.393749]],[[9.527347,60.394122],[9.525426,60.394202],[9.522998,60.393838]],[[9.529,60.393969],[9.527347,60.394122]],[[9.544658,60.399869],[9.54448,60.399851]],[[9.54448,60.399851],[9.543114,60.399648],[9.542153,60.399421],[9.541123,60.399083],[9.540067,60.398595],[9.538872,60.397728],[9.537318,60.395988],[9.535942,60.395153]],[[9.571649,60.395768],[9.57104,60.396286],[9.570339,60.396684],[9.569493,60.397002],[9.568389,60.39726],[9.566626,60.397402],[9.563694,60.397161],[9.562171,60.397152],[9.560288,60.397368],[9.558292,60.397911]],[[8.57389,60.628774],[8.572379,60.628445]],[[8.59173,60.639564],[8.590761,60.638464],[8.589727,60.637575],[8.586547,60.635495],[8.582638,60.632352],[8.581471,60.631542],[8.580137,60.630806],[8.578038,60.629916],[8.576071,60.629291],[8.57389,60.628774]],[[8.615888,60.648353],[8.60913,60.646829]],[[8.62569,60.649315],[8.623435,60.649475],[8.62128,60.649398],[8.61947,60.649147],[8.616066,60.648394]],[[8.697928,60.655457],[8.695358,60.652353],[8.69404,60.651069],[8.692307,60.649645],[8.691312,60.649049],[8.690254,60.648594],[8.688967,60.648201],[8.687187,60.647843]],[[8.707861,60.659115],[8.706098,60.659023],[8.704832,60.658841],[8.703484,60.658498],[8.702073,60.658002],[8.700509,60.657409],[8.699442,60.656881],[8.698578,60.656223],[8.697928,60.655457]],[[8.747349,60.660764],[8.745402,60.660504],[8.742899,60.660325],[8.737033,60.660364],[8.732286,60.660193],[8.729775,60.660224]],[[8.758474,60.665641],[8.75709,60.66559],[8.756153,60.665463],[8.755294,60.665264],[8.754423,60.66495],[8.753267,60.664238],[8.752146,60.662782],[8.751098,60.661953],[8.749483,60.661243],[8.747349,60.660764]],[[8.78229,60.663365],[8.764959,60.665507],[8.762876,60.66564],[8.758474,60.665641]],[[8.789338,60.664522],[8.788064,60.663842],[8.786987,60.6635],[8.786119,60.663333],[8.784535,60.663204],[8.78229,60.663365]],[[8.863985,60.681897],[8.859111,60.681202],[8.847413,60.679912],[8.841309,60.679537],[8.831414,60.679292],[8.829548,60.679086],[8.82798,60.678761],[8.823711,60.677671],[8.820778,60.676812],[8.819337,60.676195],[8.81702,60.674835],[8.815271,60.674141],[8.814096,60.67382],[8.810456,60.673079],[8.808703,60.672539],[8.794086,60.666962],[8.791855,60.665968],[8.789338,60.664522]],[[8.875477,60.680927],[8.873749,60.680895],[8.872329,60.681028],[8.871463,60.681196],[8.869145,60.681859],[8.867487,60.682099],[8.865647,60.682105],[8.863985,60.681897]],[[8.945618,60.695896],[8.944104,60.696126],[8.942671,60.696128],[8.941174,60.695873],[8.940122,60.695485]],[[8.963848,60.697963],[8.954638,60.695884],[8.952618,60.695553],[8.950907,60.695428],[8.949197,60.695438],[8.947563,60.695573],[8.945618,60.695896]],[[8.96563,60.698284],[8.963848,60.697963]],[[8.978736,60.699848],[8.969693,60.69887],[8.96563,60.698284]],[[9.013784,60.691073],[9.012948,60.691869],[9.012065,60.692513],[9.010239,60.693492],[9.002287,60.696693],[8.999551,60.697617],[8.997353,60.698224],[8.994587,60.698875],[8.991138,60.699564],[8.988889,60.699926],[8.987191,60.70011],[8.985316,60.700217],[8.983073,60.700213],[8.981533,60.70013],[8.978736,60.699848]],[[9.051366,60.648733],[9.049818,60.649774],[9.049005,60.650683]],[[9.054776,60.644672],[9.054014,60.645688],[9.053448,60.647307],[9.052949,60.647816],[9.052417,60.648166]],[[9.061934,60.625527],[9.063206,60.627228],[9.063783,60.628789],[9.064152,60.633537],[9.064079,60.634434],[9.063764,60.635555],[9.063042,60.636916],[9.062121,60.638055],[9.054776,60.644672]],[[9.061881,60.622401],[9.061368,60.623145],[9.061197,60.623886],[9.061324,60.62459],[9.061934,60.625527]],[[9.102661,60.583671],[9.100229,60.585416],[9.098087,60.587521],[9.09565,60.590815],[9.091992,60.594808],[9.090336,60.597795]],[[9.119644,60.572674],[9.118415,60.573469]],[[9.118415,60.573469],[9.109039,60.579544]],[[9.164735,60.536302],[9.162352,60.538492],[9.158287,60.543476],[9.157516,60.544866],[9.157074,60.54656],[9.156551,60.547745],[9.155788,60.548788],[9.154552,60.549954],[9.119644,60.572674]],[[9.166324,60.534509],[9.165716,60.535387],[9.164735,60.536302]],[[9.1666,60.533976],[9.166324,60.534509]],[[9.168938,60.527316],[9.168208,60.528614],[9.167538,60.531868],[9.1666,60.533976]],[[5.527051,60.420404],[5.524076,60.420581]],[[5.512485,60.423813],[5.511369,60.423937]],[[11.899458,58.262649],[11.899262,58.262769]],[[11.916352,58.231522],[11.914013,58.233941],[11.91276,58.235576],[11.912422,58.236294],[11.909848,58.243929],[11.90889,58.245418],[11.906256,58.248934],[11.902579,58.255027],[11.902319,58.256152],[11.902332,58.259078],[11.901959,58.260299],[11.901004,58.261535],[11.899458,58.262649]],[[7.932727,58.153647],[7.932566,58.153685]],[[7.932566,58.153685],[7.930674,58.154209]],[[10.025556,59.995291],[10.024627,59.993814]],[[10.025632,59.995463],[10.025556,59.995291]],[[10.024884,60.006385],[10.024836,60.006186]],[[10.024836,60.006186],[10.024536,60.004263],[10.024644,60.002824],[10.025974,59.997629],[10.025912,59.996443],[10.025632,59.995463]],[[7.376299,60.634427],[7.326597,60.650086]],[[7.393041,60.629134],[7.376299,60.634427]],[[7.321356,60.651699],[7.315512,60.653314]],[[7.256044,60.666902],[7.255869,60.667021]],[[5.344111,60.385872],[5.341057,60.387024]],[[5.350071,60.384087],[5.348834,60.384444]],[[5.341818,60.386658],[5.344449,60.385714]],[[11.666835,58.937692],[11.667613,58.937371]],[[11.633728,58.941138],[11.647741,58.942695]],[[11.625439,58.941581],[11.627528,58.941082],[11.629382,58.940869],[11.63098,58.94087],[11.633613,58.941126]],[[11.599882,58.950551],[11.600373,58.950391]],[[11.537119,58.990983],[11.539719,58.990292]],[[11.529536,59.001614],[11.530104,59.000843],[11.531543,58.999499],[11.531919,58.998703],[11.531921,58.998205],[11.531743,58.997711],[11.530674,58.996059],[11.53061,58.99544],[11.530851,58.99473]],[[11.498882,59.0503],[11.502162,59.047312],[11.503765,59.04541],[11.508351,59.036406],[11.511768,59.031966],[11.514419,59.027608],[11.515163,59.026263],[11.515419,59.02536],[11.515408,59.024219],[11.515103,59.023101]],[[11.477147,59.063769],[11.482129,59.059774]],[[11.475608,59.067977],[11.475875,59.066694]],[[11.477609,59.087291],[11.47742,59.083715],[11.477157,59.082564],[11.476383,59.081342],[11.474417,59.079534],[11.473609,59.078605],[11.473001,59.077476],[11.47278,59.076545],[11.472896,59.075121],[11.475608,59.067977]],[[11.47602,59.119564],[11.475512,59.118968],[11.473953,59.11799],[11.473339,59.117446],[11.472095,59.115311],[11.470089,59.112966],[11.469108,59.111066],[11.467579,59.109651],[11.467154,59.108998],[11.467055,59.108532],[11.467144,59.107939],[11.467825,59.106977],[11.468997,59.106235],[11.470798,59.105641]],[[11.464238,59.125823],[11.474164,59.122648],[11.47512,59.122171],[11.475895,59.121533]],[[10.693362,59.479012],[10.693132,59.478752]],[[10.692988,59.478276],[10.693356,59.478707]],[[10.691514,59.476934],[10.691333,59.476742]],[[10.691501,59.476615],[10.691756,59.476875]],[[10.745721,59.378955],[10.748528,59.377547]],[[10.748592,59.377583],[10.745786,59.378991]],[[10.739269,59.382188],[10.745721,59.378955]],[[10.745786,59.378991],[10.73933,59.382224]],[[10.793939,59.664353],[10.795265,59.661901]],[[10.795265,59.661901],[10.796406,59.659804]],[[10.795351,59.661913],[10.794026,59.664365]],[[10.796487,59.659823],[10.795351,59.661913]],[[10.750136,59.604515],[10.75634,59.607514]],[[10.747223,59.603108],[10.750136,59.604515]],[[10.750083,59.604547],[10.747169,59.603139]],[[10.756963,59.607874],[10.750083,59.604547]],[[9.694325,59.122573],[9.694972,59.122946]],[[10.204858,59.585256],[10.203595,59.58741]],[[10.203394,59.587382],[10.204692,59.58523]],[[10.204692,59.58523],[10.212314,59.572812]],[[10.212392,59.572824],[10.204858,59.585256]],[[10.33507,59.28307],[10.334212,59.282265],[10.332356,59.279832]],[[10.332356,59.279832],[10.33207,59.279457]],[[8.629995,58.657681],[8.629876,58.657736]],[[8.765992,58.466822],[8.766484,58.466599]],[[10.762723,59.901991],[10.765084,59.903007],[10.765949,59.903551]],[[8.642701,58.516095],[8.643446,58.515473],[8.644467,58.515037],[8.649067,58.514182],[8.649782,58.513962],[8.650601,58.513551],[8.651291,58.512931],[8.651594,58.512215],[8.651441,58.511466],[8.650771,58.510729]],[[8.650161,58.524648],[8.650086,58.524177],[8.649836,58.523778]],[[8.651432,58.527313],[8.650457,58.526494],[8.650175,58.525752]],[[8.681108,58.556984],[8.67922,58.555698],[8.678578,58.555127],[8.67473,58.550967],[8.673367,58.549225],[8.673036,58.548536],[8.672961,58.548051],[8.673394,58.546247],[8.673382,58.545563],[8.672857,58.544037],[8.672093,58.542903],[8.669824,58.541283],[8.668025,58.539806],[8.664796,58.538167],[8.662899,58.536922],[8.661398,58.535567],[8.660463,58.534126],[8.65983,58.533479],[8.651432,58.527313]],[[8.69175,58.628478],[8.692638,58.627686],[8.693092,58.626213],[8.693934,58.625318],[8.694658,58.624749],[8.695632,58.624167],[8.700477,58.622158],[8.701463,58.621657],[8.701869,58.621322],[8.702239,58.620793],[8.702499,58.619301],[8.703037,58.618295],[8.703884,58.617688],[8.705612,58.616927],[8.706387,58.616264]],[[8.589471,58.651614],[8.589254,58.651185],[8.588763,58.650638],[8.587467,58.649884]],[[8.618296,58.657938],[8.616157,58.657537],[8.614334,58.657526]],[[8.758179,58.71358],[8.75639,58.7123],[8.753678,58.710693],[8.750316,58.709321],[8.749215,58.708767],[8.746173,58.706657],[8.743997,58.7049],[8.742123,58.702922],[8.740829,58.700992],[8.740344,58.699687],[8.739931,58.696969]],[[8.731664,58.692548],[8.729779,58.692264],[8.728356,58.691934],[8.727185,58.691545],[8.72587,58.690935]],[[8.720931,58.688086],[8.714987,58.684864],[8.709786,58.682298],[8.707588,58.681433],[8.7052,58.680773]],[[8.705062,58.680742],[8.695397,58.678876],[8.69244,58.678181],[8.688942,58.677205]],[[8.635755,58.65465],[8.635099,58.655055]],[[8.635036,58.655031],[8.635554,58.65468]],[[8.62718,58.658563],[8.626568,58.658721]],[[10.255684,60.173269],[10.255019,60.172409]],[[10.30956,60.190424],[10.307769,60.189348],[10.304774,60.18774]],[[10.304774,60.18774],[10.304489,60.187591]],[[10.40224,60.23896],[10.401099,60.238424]],[[10.412889,60.243959],[10.407889,60.241549]],[[10.420375,60.267108],[10.421208,60.265464],[10.421914,60.26439],[10.423047,60.262935],[10.424801,60.261106],[10.425361,60.260237],[10.425621,60.259368],[10.425855,60.256614],[10.42649,60.254656]],[[10.428958,60.294287],[10.426793,60.29391],[10.425122,60.293381],[10.423918,60.292677],[10.423194,60.291931],[10.422914,60.291336],[10.422884,60.290601],[10.423089,60.290053],[10.423979,60.288671],[10.424075,60.288079],[10.423966,60.287558]],[[10.493162,60.295624],[10.485835,60.296514]],[[10.494215,60.295496],[10.493162,60.295624]],[[10.456975,60.299204],[10.455517,60.299013],[10.451783,60.298722],[10.446198,60.297592],[10.441432,60.29709],[10.439308,60.296771],[10.436864,60.296213],[10.432477,60.294996],[10.428958,60.294287]],[[10.413281,60.273051],[10.41399,60.272596],[10.414775,60.272237],[10.41585,60.271912],[10.418387,60.271393],[10.419249,60.271044],[10.419839,60.270666],[10.420311,60.270142],[10.420499,60.269595],[10.420103,60.268079],[10.420375,60.267108]],[[10.485835,60.296514],[10.480686,60.297192],[10.476523,60.298005]],[[10.553432,60.29141],[10.551822,60.291603],[10.550486,60.291674],[10.54788,60.291576]],[[10.616106,60.284676],[10.613847,60.285013]],[[13.822715,66.136301],[13.823285,66.136392]],[[13.802204,66.138999],[13.815404,66.136292],[13.817022,66.136119],[13.819252,66.136046],[13.820976,66.136116],[13.822715,66.136301]],[[5.469305,60.387876],[5.469262,60.387774]],[[5.473479,60.400487],[5.47361,60.398947],[5.473391,60.397376],[5.472979,60.396184],[5.471932,60.394045],[5.472148,60.391636],[5.472083,60.391124],[5.471615,60.390369],[5.469964,60.388895],[5.469305,60.387876]],[[10.913511,63.467191],[10.913504,63.467456]],[[10.236008,63.113858],[10.236708,63.114019]],[[10.228679,63.108536],[10.233323,63.11267],[10.23457,63.113364],[10.236008,63.113858]],[[12.04504,64.172735],[12.045257,64.172786]],[[12.022425,64.170419],[12.024652,64.170115],[12.026449,64.169987],[12.02823,64.169978],[12.030041,64.170086],[12.032156,64.170369],[12.04504,64.172735]],[[10.233723,63.095763],[10.230723,63.098794],[10.229822,63.099975],[10.229377,63.101078]],[[10.254904,63.075088],[10.245851,63.084601],[10.23412,63.095382]],[[10.227953,63.106101],[10.227811,63.106762],[10.22788,63.107385],[10.228142,63.10793],[10.228679,63.108536]],[[10.28504,63.157375],[10.286535,63.158967],[10.287618,63.159833],[10.289066,63.160553],[10.291752,63.161476]],[[10.35801,63.354272],[10.35787,63.35487],[10.357976,63.355531],[10.360135,63.360217],[10.360952,63.361562],[10.362448,63.363105],[10.36302,63.36394],[10.365442,63.36978]],[[10.292172,63.272639],[10.283468,63.279219]],[[10.273497,63.286763],[10.27283,63.287537],[10.27267,63.288218],[10.273145,63.290101],[10.273662,63.290802],[10.274947,63.291563],[10.276339,63.292106],[10.279976,63.292789]],[[10.278187,63.249087],[10.281811,63.251314],[10.283871,63.253052],[10.284941,63.25446],[10.287447,63.259161]],[[10.386109,63.403775],[10.385308,63.404486],[10.384926,63.405156]],[[10.283027,63.153388],[10.283798,63.154235],[10.284125,63.156045],[10.28504,63.157375]],[[10.29296,63.269781],[10.293226,63.270823],[10.293202,63.271358],[10.292875,63.271998],[10.292172,63.272639]],[[10.289554,63.294384],[10.317509,63.299062]],[[10.301326,63.207691],[10.302306,63.208474],[10.303652,63.209233],[10.308729,63.211235]],[[10.244693,63.130435],[10.253115,63.1383],[10.255022,63.139803],[10.265025,63.145814],[10.271107,63.148961]],[[11.457455,63.461297],[11.457839,63.462277],[11.458838,63.463201],[11.460076,63.463838],[11.461725,63.464349],[11.463507,63.464645],[11.465474,63.464774],[11.467698,63.464822],[11.471803,63.464765],[11.473727,63.464907]],[[11.409347,63.45518],[11.410856,63.455231],[11.412148,63.455433],[11.413267,63.45576],[11.415949,63.456767],[11.417385,63.4571],[11.419185,63.457258],[11.421582,63.45713]],[[11.179286,63.458923],[11.18183,63.457111],[11.183261,63.456305],[11.185332,63.455415],[11.189849,63.453838],[11.19122,63.453111],[11.19194,63.452458],[11.192271,63.451933],[11.192539,63.449884]],[[11.25903,63.440213],[11.266402,63.442125],[11.268694,63.442804],[11.270991,63.443812],[11.27258,63.444832],[11.273422,63.445593],[11.27408,63.446442],[11.279966,63.456072]],[[11.497029,63.464112],[11.499811,63.463607],[11.501654,63.463395],[11.504969,63.46321],[11.510679,63.463046],[11.513115,63.462852]],[[11.018375,63.44929],[11.020274,63.449444],[11.021599,63.449729],[11.025076,63.451175],[11.026441,63.451586],[11.027758,63.451877]],[[11.279966,63.456072],[11.280749,63.457033],[11.281323,63.457449],[11.282294,63.457941],[11.283087,63.458233],[11.284436,63.458581],[11.285491,63.458754],[11.286853,63.458871],[11.288879,63.458847],[11.291133,63.458588],[11.293182,63.458238],[11.296388,63.457503],[11.297406,63.457346],[11.299176,63.45727],[11.301469,63.457386]],[[11.217434,63.439481],[11.219578,63.438981],[11.222694,63.438511],[11.223999,63.438396],[11.225907,63.438454],[11.230626,63.439076],[11.234221,63.439414],[11.235346,63.439455],[11.237475,63.439276],[11.240474,63.438564]],[[10.991551,63.447389],[10.994954,63.448175],[10.998447,63.448662],[11.001135,63.448923],[11.003801,63.449052],[11.018375,63.44929]],[[10.909042,63.445772],[10.911138,63.445404],[10.912714,63.445264],[10.914737,63.445281],[10.916817,63.445469]],[[11.70391,63.442527],[11.704131,63.442447]],[[11.641201,63.444411],[11.643243,63.444872]],[[11.70711,63.441292],[11.707337,63.441205]],[[11.704131,63.442447],[11.70711,63.441292]],[[11.310935,63.458468],[11.313873,63.458443],[11.316709,63.458247],[11.329943,63.456541],[11.331827,63.456378],[11.33361,63.456318],[11.335695,63.456364],[11.337384,63.456494],[11.346411,63.457771],[11.350999,63.458208],[11.354101,63.458362],[11.356589,63.458399],[11.359702,63.458346],[11.362678,63.458187]],[[11.707337,63.441205],[11.713485,63.438794],[11.715257,63.437954]],[[11.092926,63.460287],[11.096633,63.460733],[11.09996,63.461007]],[[11.69721,63.444136],[11.700496,63.443516],[11.70391,63.442527]],[[11.301469,63.457386],[11.304534,63.457629],[11.308679,63.458337],[11.310935,63.458468]],[[11.11752,63.460327],[11.134639,63.458695],[11.138185,63.458524],[11.140719,63.458588],[11.143537,63.458829],[11.14494,63.459027],[11.148358,63.459677],[11.151713,63.460001],[11.174199,63.460078]],[[11.676858,63.445501],[11.679388,63.445211],[11.69081,63.444741],[11.694642,63.444439],[11.696975,63.444169]],[[11.240474,63.438564],[11.243237,63.438031],[11.246831,63.437747],[11.249279,63.437842],[11.251629,63.438291]],[[11.524096,63.461639],[11.525575,63.461481],[11.526753,63.461461],[11.533084,63.461926],[11.534649,63.461921],[11.535876,63.461789],[11.537042,63.461542],[11.539472,63.460635]],[[11.200209,63.445432],[11.206856,63.444026],[11.211673,63.44277]],[[11.628531,63.443696],[11.635782,63.44368],[11.63771,63.443804],[11.639577,63.444066]],[[10.989422,63.447053],[10.991551,63.447389]],[[11.64422,63.445086],[11.646394,63.445482],[11.647546,63.445574],[11.649059,63.44558],[11.650988,63.445393],[11.654148,63.444829],[11.656292,63.444541],[11.65832,63.444378],[11.660178,63.444319]],[[11.450674,63.45714],[11.451862,63.457337],[11.45307,63.457659],[11.454734,63.458413],[11.456834,63.46001],[11.457251,63.460555],[11.457455,63.461297]],[[11.174199,63.460078],[11.17568,63.460027],[11.176939,63.459843],[11.178169,63.459494],[11.179286,63.458923]],[[11.421582,63.45713],[11.425421,63.456862],[11.429401,63.45677],[11.448758,63.457023]],[[11.028675,63.45203],[11.060114,63.456075]],[[11.539472,63.460635],[11.542314,63.459498],[11.544207,63.458861],[11.55313,63.45656]],[[12.033648,63.35318],[12.03416,63.351023],[12.035198,63.349751],[12.03661,63.348622],[12.038759,63.347239],[12.042455,63.345653]],[[11.765167,63.428363],[11.765398,63.427454],[11.765256,63.426976],[11.764888,63.426465],[11.764261,63.425962],[11.762544,63.425026],[11.761717,63.424418],[11.758962,63.421022],[11.758268,63.420343],[11.757211,63.419667],[11.754813,63.418599],[11.753813,63.417749],[11.753533,63.417113],[11.753614,63.416371],[11.754842,63.414843],[11.755112,63.414103]],[[11.831229,63.401866],[11.834016,63.401927],[11.836555,63.40168],[11.839026,63.4011],[11.840097,63.400718],[11.841353,63.400123]],[[11.802275,63.399673],[11.814113,63.400314],[11.825612,63.401473],[11.831229,63.401866]],[[11.756585,63.411179],[11.757669,63.41019],[11.758854,63.409371],[11.76234,63.407634]],[[9.599806,62.300712],[9.600669,62.301256],[9.601133,62.301771],[9.601346,62.302279],[9.60152,62.303741],[9.60191,62.304274],[9.602407,62.304687]],[[9.591194,62.291771],[9.591069,62.292642],[9.591632,62.294691],[9.592486,62.296613],[9.593248,62.297774],[9.593834,62.29827],[9.594772,62.298811],[9.599682,62.300654]],[[9.588758,62.504828],[9.588551,62.505672],[9.588631,62.506298],[9.588941,62.506893],[9.589629,62.507594],[9.590731,62.50826],[9.591876,62.50871],[9.593317,62.509075],[9.594934,62.509294]],[[9.538018,62.222465],[9.53778,62.222684]],[[9.586141,62.491537],[9.587081,62.493977],[9.588283,62.495945],[9.588687,62.497464],[9.589156,62.501994],[9.589078,62.503644],[9.588758,62.504828]],[[9.897878,62.665025],[9.899312,62.66581],[9.900841,62.666297],[9.901943,62.666514],[9.904956,62.666904],[9.906913,62.667353],[9.907932,62.667707],[9.911287,62.669146],[9.913932,62.6699]],[[9.674252,62.583167],[9.682557,62.588046]],[[9.621225,62.346109],[9.622725,62.346717]],[[9.715979,62.597994],[9.718896,62.598744],[9.721056,62.5995],[9.731874,62.604631],[9.734548,62.605695],[9.741223,62.608098]],[[9.573811,62.452781],[9.573547,62.456273],[9.573718,62.456878],[9.574758,62.458929],[9.574869,62.461765],[9.575625,62.463403],[9.575757,62.464208],[9.575534,62.465657],[9.573738,62.472262],[9.573643,62.473434],[9.573754,62.474313],[9.574245,62.475701],[9.574971,62.476847],[9.575881,62.477869],[9.578054,62.4798],[9.578871,62.481348],[9.579596,62.482225]],[[9.701443,62.594861],[9.706672,62.595993]],[[9.472615,62.184793],[9.47411,62.185771],[9.475798,62.186647],[9.48354,62.189982],[9.495289,62.194388],[9.497231,62.195041],[9.500015,62.195757],[9.52275,62.200276],[9.525438,62.200866],[9.528605,62.201763],[9.532502,62.203026],[9.540732,62.205972],[9.547652,62.2077],[9.551425,62.208908]],[[9.418912,62.176683],[9.429901,62.175882]],[[9.632681,62.401637],[9.634066,62.402772],[9.634424,62.403284],[9.634641,62.403927]],[[9.566585,62.265148],[9.569505,62.265955],[9.573103,62.266574]],[[9.553712,62.212547],[9.55304,62.213022],[9.551987,62.213492]],[[9.172894,62.099046],[9.17459,62.099165],[9.176571,62.099122],[9.178061,62.098956],[9.181213,62.098426],[9.183661,62.098251],[9.185979,62.098318],[9.188057,62.098561]],[[9.598122,62.440496],[9.59627,62.441156],[9.592572,62.442031],[9.59123,62.442511]],[[9.655449,62.564436],[9.65678,62.565723],[9.660888,62.569044],[9.661731,62.570099],[9.662363,62.571391]],[[9.631448,62.531526],[9.631981,62.531958],[9.632482,62.532638]],[[9.551425,62.208908],[9.552664,62.209395],[9.553564,62.20993],[9.554093,62.210478],[9.554357,62.211168]],[[6.447084,58.477892],[6.446148,58.477854]],[[6.482064,58.483812],[6.478477,58.482408],[6.475091,58.481315],[6.469068,58.479829],[6.465702,58.479225],[6.461156,58.478637],[6.45648,58.478224],[6.452843,58.47804]],[[9.546407,61.687662],[9.547161,61.690021],[9.548951,61.693091],[9.549052,61.693847],[9.548746,61.694769]],[[9.548746,61.694769],[9.548313,61.69568]],[[11.542878,60.866622],[11.542968,60.868636],[11.543447,60.87032],[11.547053,60.876311],[11.547448,60.877198],[11.547683,60.87886],[11.547216,60.880771]],[[11.542898,60.866371],[11.542878,60.866622]],[[11.608032,60.836605],[11.604594,60.837047]],[[11.608769,60.836509],[11.608032,60.836605]],[[11.604594,60.837047],[11.603063,60.837244]],[[11.610559,60.836272],[11.609645,60.8364]],[[12.030724,57.725491],[12.030608,57.725453]],[[12.033893,57.726179],[12.02941,57.725343],[12.027229,57.725039],[12.023309,57.724785],[12.020175,57.724725]],[[12.015149,57.724758],[12.016739,57.724828],[12.021524,57.724641],[12.024381,57.724788]],[[11.351807,61.076947],[11.351963,61.076335]],[[11.351963,61.076335],[11.35197,61.075147]],[[11.677842,60.811865],[11.670701,60.813183],[11.663897,60.814733],[11.657252,60.816554],[11.651464,60.818436],[11.648405,60.819825],[11.64495,60.821685],[11.643687,60.822252],[11.632484,60.826327],[11.630677,60.827079],[11.628459,60.828279],[11.624902,60.830749],[11.622005,60.832328],[11.618232,60.833987],[11.616103,60.83477],[11.613345,60.835646]],[[11.714773,60.806741],[11.7145,60.806814]],[[11.248354,60.329903],[11.248328,60.330038]],[[10.206689,59.739764],[10.203668,59.740821],[10.201052,59.741397]],[[10.206701,59.739626],[10.203568,59.740719],[10.200979,59.741333]],[[10.20095,59.741295],[10.203516,59.740685],[10.20665,59.73959]],[[10.20089,59.741214],[10.203362,59.740598],[10.206506,59.739513]],[[10.195744,59.741752],[10.192434,59.741954],[10.190819,59.741886]],[[10.243686,59.687329],[10.241675,59.689994]],[[10.241599,59.68998],[10.243575,59.687311]],[[10.190844,59.741847],[10.192437,59.741914],[10.195805,59.741706]],[[10.187837,59.733148],[10.188679,59.732143],[10.189814,59.731147],[10.2388,59.692619],[10.240163,59.691464],[10.241599,59.68998]],[[10.239273,59.69232],[10.18988,59.73117],[10.188759,59.732164],[10.187918,59.733164]],[[9.667786,59.133937],[9.66571,59.13503]],[[12.028992,60.190313],[12.029731,60.19076]],[[12.02885,60.190233],[12.028992,60.190313]],[[12.048692,60.340886],[12.049097,60.340998]],[[12.046908,60.340418],[12.048692,60.340886]],[[12.046641,60.34035],[12.046908,60.340418]],[[12.021987,60.314891],[12.024609,60.330389],[12.025024,60.331377],[12.025588,60.332057],[12.026899,60.332995],[12.035571,60.33731],[12.037665,60.338004],[12.046641,60.34035]],[[12.129966,60.056887],[12.129619,60.055509],[12.129776,60.053908],[12.130263,60.052782],[12.13215,60.049729],[12.132658,60.048163],[12.132581,60.04662],[12.131873,60.04472]],[[12.12999,60.056945],[12.129966,60.056887]],[[6.659519,58.412428],[6.658731,58.41217],[6.657747,58.411993],[6.656522,58.411951],[6.655122,58.412044]],[[6.659627,58.412475],[6.659519,58.412428]],[[6.619254,58.391235],[6.620393,58.386981],[6.620387,58.386364],[6.620126,58.385283]],[[6.647268,58.339295],[6.647203,58.338946]],[[6.647284,58.339373],[6.647268,58.339295]],[[6.655499,58.322973],[6.655613,58.322905]],[[6.654475,58.324859],[6.654423,58.324197],[6.654572,58.323811],[6.654951,58.323357],[6.655499,58.322973]],[[6.667449,58.312516],[6.667464,58.312472]],[[6.66742,58.31262],[6.667449,58.312516]],[[6.643686,58.332983],[6.645863,58.331754]],[[6.643861,58.334601],[6.643419,58.333831],[6.643458,58.333413],[6.643686,58.332983]],[[6.651412,58.344665],[6.651149,58.344328]],[[6.651149,58.344328],[6.648464,58.34184]],[[6.625244,58.373247],[6.625276,58.373195]],[[6.624893,58.373808],[6.625244,58.373247]],[[6.655068,58.412048],[6.654825,58.412065]],[[12.053731,60.259381],[12.053762,60.259538]],[[12.031739,60.193587],[12.03306,60.200905],[12.033326,60.203459],[12.033505,60.220703],[12.033559,60.222536],[12.033881,60.224182],[12.03475,60.226178],[12.04174,60.240418],[12.042864,60.241936],[12.051291,60.251181],[12.051913,60.251994],[12.052503,60.253394],[12.053638,60.258955]],[[11.474009,63.781588],[11.473582,63.783176]],[[11.474024,63.78153],[11.474009,63.781588]],[[11.463762,63.766123],[11.465734,63.767145],[11.467431,63.76817],[11.470191,63.770255]],[[11.427235,63.835678],[11.425169,63.835603]],[[11.082171,63.62264],[11.083204,63.623205],[11.083856,63.623872],[11.084137,63.624695],[11.084104,63.625461]],[[11.066928,63.617679],[11.068319,63.618163],[11.071924,63.618929],[11.074498,63.619664],[11.07629,63.620339],[11.079026,63.62158],[11.082171,63.62264]],[[11.076948,63.63005],[11.075323,63.632176]],[[11.075247,63.632282],[11.074284,63.633511],[11.073138,63.634245],[11.071879,63.634682],[11.068564,63.635413]],[[11.628331,63.443697],[11.628531,63.443696]],[[11.626115,63.443708],[11.628331,63.443697]],[[11.748031,63.432207],[11.748074,63.432142]],[[11.745453,63.435678],[11.746303,63.434897],[11.748031,63.432207]],[[11.74468,63.436082],[11.745453,63.435678]],[[10.428026,63.020124],[10.428232,63.020102]],[[10.428232,63.020102],[10.429614,63.020029],[10.434674,63.020088]],[[10.588113,62.96403],[10.588994,62.962811],[10.589554,62.960713],[10.591602,62.958141],[10.592699,62.957116],[10.593671,62.956554],[10.59461,62.956155],[10.596224,62.955676],[10.597883,62.955376],[10.604428,62.954758],[10.609129,62.954065],[10.613876,62.953237],[10.615381,62.95306],[10.617161,62.952966]],[[10.653556,62.943715],[10.65405,62.943681]],[[10.434674,63.020088],[10.435563,63.02001],[10.436903,63.019696]],[[10.436903,63.019696],[10.440753,63.018394],[10.443759,63.017795],[10.444948,63.01746],[10.446272,63.016737],[10.446931,63.01596]],[[10.177778,62.967542],[10.17793,62.967607]],[[10.176074,62.964448],[10.17607,62.964519]],[[10.175105,62.959899],[10.175187,62.961027],[10.175927,62.96321],[10.176074,62.964448]],[[10.198591,62.974322],[10.199984,62.974585],[10.200991,62.974917],[10.201894,62.975439],[10.202889,62.976464],[10.203516,62.976875],[10.20469,62.977324],[10.206954,62.977944],[10.208324,62.978149],[10.211224,62.978319],[10.21587,62.979062],[10.216922,62.979102],[10.219269,62.979013]],[[10.176324,62.956823],[10.176263,62.956914]],[[10.283721,63.047633],[10.28377,63.047724]],[[10.282953,63.046551],[10.283721,63.047633]],[[10.23587,63.006493],[10.236282,63.007235],[10.236899,63.007897],[10.239152,63.009686],[10.241652,63.011468],[10.242159,63.012314],[10.242067,63.013126]],[[10.234894,62.99568],[10.234661,62.995767]],[[10.242067,63.013126],[10.241204,63.014063]],[[10.241204,63.014063],[10.239695,63.014916],[10.239152,63.015334],[10.238689,63.015962],[10.238617,63.016694],[10.238929,63.017361],[10.239729,63.018058],[10.240725,63.018542],[10.241928,63.018892]],[[10.28984,63.036025],[10.289931,63.036084]],[[10.289672,63.035916],[10.28984,63.036025]],[[6.671807,58.306573],[6.67233,58.305471],[6.673077,58.304466]],[[6.671564,58.307722],[6.671567,58.307667]],[[6.739355,58.408745],[6.733159,58.410438]],[[6.733159,58.410438],[6.732798,58.410538]],[[6.659061,58.408392],[6.658607,58.409101],[6.658558,58.409934],[6.65894,58.410666],[6.659662,58.411295]],[[6.659662,58.411295],[6.659764,58.411364]],[[5.963269,58.471885],[5.96217,58.471818]],[[5.96217,58.471818],[5.962,58.4718]],[[10.955444,59.941447],[10.955503,59.941424]],[[10.979534,59.940113],[10.982097,59.940863],[10.987082,59.942028],[10.989326,59.942741],[10.99099,59.943444],[10.998555,59.94722],[11.000812,59.948642],[11.008399,59.954944]],[[10.955396,59.941417],[10.955453,59.941394]],[[10.955453,59.941394],[10.95736,59.940725],[10.959485,59.940133],[10.963061,59.939373],[10.965367,59.938988],[10.967621,59.938761],[10.969853,59.938683],[10.97194,59.93873],[10.974052,59.938907],[10.975585,59.939131],[10.977216,59.939473],[10.98664,59.941869],[10.9885,59.942404],[10.990846,59.943323],[10.996568,59.946171]],[[9.694105,59.122424],[9.694325,59.122573]],[[10.01576,59.053219],[10.01425,59.053412],[10.012932,59.053845],[10.012314,59.054191],[10.010997,59.055228],[10.009649,59.055931]],[[9.673365,59.129721],[9.671966,59.130854]],[[6.920425,60.706403],[6.917547,60.706201]],[[6.942156,60.702732],[6.941659,60.703123]],[[10.349785,59.443723],[10.348741,59.445809]],[[10.350065,59.443046],[10.351252,59.441205]],[[9.159036,62.045923],[9.158102,62.046645],[9.156959,62.047304]],[[9.159567,62.045446],[9.159491,62.045515]],[[9.156794,62.047387],[9.153668,62.048823],[9.151639,62.050426],[9.150533,62.051006],[9.149084,62.051415],[9.146128,62.051888],[9.143536,62.052488]],[[9.156959,62.047304],[9.156794,62.047387]],[[9.139894,62.053482],[9.138967,62.053925],[9.136286,62.05559],[9.134101,62.056767],[9.130089,62.058452],[9.129337,62.058987],[9.128812,62.059776]],[[9.140168,62.053385],[9.139894,62.053482]],[[9.134022,62.076576],[9.134072,62.07667]],[[9.13037,62.073926],[9.131714,62.074512],[9.132787,62.075168],[9.133507,62.075817],[9.134022,62.076576]],[[9.1276,62.06202],[9.126972,62.062385],[9.125249,62.063137]],[[9.127684,62.06196],[9.1276,62.06202]],[[9.025265,59.721067],[9.025296,59.720115],[9.025015,59.718807],[9.023973,59.717447],[9.022809,59.714687],[9.020303,59.711553],[9.019631,59.709487],[9.019244,59.708707],[9.017319,59.706942],[9.016778,59.70604],[9.016466,59.705086],[9.016422,59.703767],[9.016739,59.703157],[9.019593,59.700285]],[[9.026199,59.724439],[9.025208,59.723043],[9.025089,59.722402],[9.025265,59.721067]],[[9.260471,59.557103],[9.258468,59.557095]],[[10.282912,63.153306],[10.283027,63.153388]],[[10.282811,63.153238],[10.282912,63.153306]],[[10.308378,63.18338],[10.308414,63.183557]],[[10.298988,63.165662],[10.301145,63.169626],[10.302029,63.17055],[10.304757,63.17284],[10.305831,63.174097],[10.306467,63.175095],[10.307214,63.176949],[10.308378,63.18338]],[[9.864558,59.731244],[9.864539,59.731168]],[[9.879538,59.746412],[9.878213,59.745674],[9.877386,59.744945]],[[9.895123,59.765337],[9.893819,59.763728]],[[9.796082,59.698371],[9.795665,59.69775]],[[9.821904,59.71615],[9.82071,59.715496]],[[9.638592,59.670367],[9.638852,59.669993]],[[9.648508,59.673612],[9.647844,59.673918]],[[9.690256,59.622597],[9.689219,59.622955],[9.688598,59.623263],[9.687341,59.62427]],[[9.664891,59.635635],[9.658844,59.641512],[9.656877,59.644163]],[[9.656877,59.644163],[9.655207,59.646513],[9.654485,59.648702]],[[9.724509,59.63904],[9.721466,59.638441]],[[9.739372,59.649079],[9.739221,59.648769]],[[9.740753,59.650387],[9.739929,59.649809],[9.739372,59.649079]],[[9.499047,59.630192],[9.498197,59.630214]],[[9.542312,59.630131],[9.541128,59.630416],[9.539812,59.630539]],[[9.566716,59.630104],[9.565564,59.629716]],[[9.583008,59.636402],[9.581693,59.635452],[9.580787,59.634928]],[[9.59201,59.635793],[9.59095,59.636543],[9.589731,59.637026]],[[9.630527,59.631862],[9.626731,59.631798]],[[9.636802,59.644547],[9.637301,59.64409],[9.637595,59.643642],[9.6377,59.642684]],[[9.634126,59.65333],[9.634394,59.649034]],[[9.63939,59.663511],[9.639493,59.661587],[9.638666,59.659928]],[[9.33648,59.494064],[9.336139,59.493818]],[[9.349158,59.520601],[9.34866,59.520122],[9.348002,59.519072],[9.347499,59.518539],[9.346574,59.517976],[9.345323,59.517491]],[[9.375814,59.531275],[9.374199,59.530873],[9.371803,59.529805],[9.370492,59.529415]],[[9.370136,59.537766],[9.370275,59.537184],[9.370718,59.536558],[9.371389,59.536038],[9.372312,59.535602],[9.373219,59.535332],[9.374266,59.535154],[9.376534,59.534986],[9.377715,59.535009]],[[9.384767,59.563976],[9.384491,59.56254],[9.383578,59.561297]],[[9.379213,59.574664],[9.379696,59.573461]],[[9.390269,59.595346],[9.387533,59.594602],[9.385209,59.593597]],[[9.406361,59.600587],[9.398164,59.598448]],[[9.457135,59.612222],[9.455646,59.61171],[9.451533,59.610701]],[[9.451533,59.610701],[9.447423,59.609199],[9.444748,59.60844]],[[9.46724,59.617149],[9.466493,59.616898]],[[9.344592,59.517168],[9.343851,59.516672]],[[9.344644,59.517195],[9.344592,59.517168]],[[9.074771,59.409634],[9.065719,59.408862]],[[9.060918,59.407591],[9.059716,59.407062]],[[9.168143,59.388482],[9.166687,59.388757],[9.165411,59.389256],[9.164599,59.389826],[9.163568,59.390905],[9.162409,59.391581]],[[9.181528,59.390493],[9.181363,59.39044]],[[9.217621,59.387651],[9.216124,59.388155],[9.214679,59.388999],[9.21389,59.389343]],[[9.243626,59.389626],[9.239702,59.38906],[9.235896,59.388379]],[[9.261982,59.393728],[9.260781,59.393861]],[[9.287984,59.399995],[9.286881,59.399582]],[[9.31199,59.403154],[9.306595,59.403258],[9.304011,59.403046]],[[10.283352,63.279306],[10.279243,63.28241]],[[15.480223,67.185564],[15.479185,67.186195]],[[15.479185,67.186195],[15.47764,67.186927]],[[5.374668,60.324365],[5.371742,60.322598]],[[9.596727,62.509435],[9.599055,62.50974],[9.600144,62.510018],[9.60119,62.510407],[9.604534,62.512156],[9.607263,62.51391]],[[9.595249,62.509322],[9.595507,62.509346]],[[9.607368,62.513987],[9.608911,62.515306],[9.610107,62.5169],[9.610796,62.518703],[9.611284,62.52099]],[[9.607263,62.51391],[9.607368,62.513987]],[[9.548313,61.69568],[9.546726,61.69824],[9.546514,61.6991],[9.546828,61.700089],[9.548248,61.701603],[9.548775,61.702526],[9.548853,61.703572],[9.54841,61.704619],[9.547504,61.705552],[9.545271,61.707031],[9.54276,61.708412],[9.538756,61.710073],[9.537836,61.710679],[9.537154,61.711434]],[[9.550035,61.738683],[9.550035,61.738728]],[[10.131714,62.907891],[10.131849,62.907948]],[[10.11846,62.902979],[10.119644,62.903637],[10.121372,62.904416],[10.126125,62.906219],[10.128414,62.906921]],[[10.104905,62.886765],[10.104935,62.886839]],[[10.013053,62.824348],[10.012975,62.824423]],[[10.029616,62.817112],[10.028119,62.816674],[10.026753,62.816462],[10.025385,62.816408],[10.023815,62.81653],[10.022442,62.816824],[10.021212,62.817302],[10.02049,62.81776],[10.019525,62.818601]],[[10.131849,62.907948],[10.136803,62.910229],[10.138069,62.910971],[10.138755,62.911665],[10.140088,62.913657],[10.141209,62.914792],[10.142338,62.915493],[10.145117,62.91667],[10.146119,62.917396],[10.146684,62.918151],[10.147029,62.919674],[10.147456,62.920394],[10.148513,62.921259],[10.149739,62.921845]],[[10.17986,62.951436],[10.176324,62.956823]],[[10.176007,62.965162],[10.176002,62.965877],[10.176355,62.966566],[10.17695,62.967089],[10.177778,62.967542]],[[10.239312,62.987584],[10.240276,62.988481],[10.240713,62.989654],[10.241665,62.991141],[10.241852,62.991773],[10.241706,62.992384],[10.241274,62.992954],[10.239925,62.993799]],[[10.239182,62.9875],[10.239312,62.987584]],[[10.235825,63.006394],[10.23587,63.006493]],[[10.234661,62.995767],[10.232778,62.996715],[10.231757,62.9976],[10.231033,62.998894],[10.230794,63.000132],[10.230932,63.001053],[10.231411,63.001947],[10.233344,63.004058],[10.234481,63.004971]],[[10.271055,63.033265],[10.272371,63.033525],[10.273645,63.033682],[10.279409,63.034077],[10.282444,63.034386],[10.287122,63.035093]],[[10.270797,63.033199],[10.271055,63.033265]],[[10.284783,63.050099],[10.287064,63.0566],[10.287204,63.057346]],[[9.706672,62.595993],[9.715779,62.59795]],[[9.786426,62.629582],[9.835316,62.64456],[9.837912,62.645246],[9.840769,62.645771],[9.843719,62.646099],[9.866028,62.64737],[9.868196,62.647546],[9.871992,62.648125],[9.873994,62.648587],[9.875706,62.649082]],[[9.875706,62.649082],[9.878084,62.64998],[9.880173,62.651033],[9.885355,62.654861]],[[9.885355,62.654861],[9.885403,62.654901]],[[9.786225,62.62952],[9.786426,62.629582]],[[9.885403,62.654901],[9.885493,62.654969]],[[9.985363,62.750916],[9.985391,62.75102]],[[9.987215,62.752959],[9.987623,62.753122]],[[9.985633,62.751704],[9.986246,62.752393],[9.987215,62.752959]],[[9.995726,62.758778],[9.995892,62.759942]],[[9.995892,62.759942],[9.995914,62.76087],[9.995295,62.761844],[9.994251,62.763088],[9.992287,62.764596],[9.991605,62.765365],[9.991006,62.767817],[9.990312,62.76881]],[[9.9897,62.771207],[9.989659,62.771977],[9.988805,62.773256],[9.988653,62.773718],[9.988725,62.77433],[9.989062,62.774935]],[[9.989627,62.770943],[9.9897,62.771207]],[[9.989183,62.778579],[9.989788,62.779216],[9.991028,62.780179],[9.99426,62.783083],[9.995335,62.783643],[9.998069,62.784669],[10.000611,62.786136],[10.003875,62.787393],[10.004727,62.787984],[10.005825,62.78929],[10.006765,62.789903],[10.007909,62.790335],[10.009231,62.790619],[10.012459,62.790833],[10.01405,62.791054],[10.015041,62.791326],[10.017155,62.792104],[10.018099,62.792316]],[[9.989097,62.777382],[9.988872,62.778106],[9.989183,62.778579]],[[10.0189,62.792435],[10.020294,62.792502],[10.02324,62.792319],[10.024545,62.79235],[10.02626,62.792608],[10.0276,62.793036],[10.028324,62.793413],[10.028878,62.793835],[10.029404,62.794653],[10.029379,62.795419],[10.028536,62.796745],[10.028394,62.79732],[10.028668,62.798137],[10.029368,62.798809],[10.030446,62.799371],[10.032044,62.799817],[10.03328,62.799978],[10.036292,62.800113],[10.038097,62.800458],[10.039528,62.801039],[10.040475,62.801795],[10.04078,62.802338],[10.040846,62.802812],[10.040478,62.803784],[10.039911,62.804393],[10.037842,62.806014],[10.036949,62.806945],[10.035757,62.808711],[10.035031,62.810512],[10.034956,62.81123],[10.03521,62.812012],[10.037078,62.814224]],[[10.018099,62.792316],[10.0189,62.792435]],[[10.019525,62.818601],[10.013284,62.824143]],[[9.984276,62.746953],[9.985363,62.750916]],[[9.634486,62.41631],[9.634459,62.416382]],[[9.634956,62.413196],[9.634968,62.41423],[9.634486,62.41631]],[[9.58611,62.491451],[9.586141,62.491537]],[[9.581084,62.483757],[9.584379,62.487302],[9.584996,62.48843],[9.58611,62.491451]],[[9.613832,62.527418],[9.613954,62.527495]],[[9.611284,62.52099],[9.610833,62.522623],[9.610925,62.523484],[9.612247,62.526024],[9.612868,62.526705],[9.613832,62.527418]],[[9.631343,62.531457],[9.631448,62.531526]],[[9.629894,62.530812],[9.631343,62.531457]],[[9.635729,62.537653],[9.635788,62.537744]],[[9.632482,62.532638],[9.635729,62.537653]],[[9.650453,62.559005],[9.6513,62.559562],[9.652725,62.560856],[9.653767,62.561932],[9.654227,62.562611]],[[9.650325,62.558935],[9.650453,62.559005]],[[9.65537,62.564342],[9.655449,62.564436]],[[9.654227,62.562611],[9.65537,62.564342]],[[9.58558,62.279159],[9.585722,62.279214]],[[9.581709,62.276793],[9.582273,62.277414],[9.583171,62.278074],[9.583955,62.278494],[9.58558,62.279159]],[[9.338743,62.159061],[9.340461,62.159749]],[[9.338591,62.158999],[9.338743,62.159061]],[[9.340461,62.159749],[9.340585,62.159798]],[[9.304157,62.138886],[9.314932,62.146575],[9.318284,62.148755],[9.321331,62.150589],[9.325717,62.153015],[9.329409,62.154893],[9.334321,62.15718],[9.338591,62.158999]],[[9.150674,62.097064],[9.15216,62.096332],[9.153952,62.095907],[9.155859,62.095797],[9.158115,62.09605]],[[9.150177,62.097361],[9.150272,62.097304]],[[9.172747,62.099029],[9.172894,62.099046]],[[9.273991,62.117246],[9.278789,62.120688]],[[9.472515,62.184719],[9.472615,62.184793]],[[9.437357,62.175347],[9.43942,62.175285],[9.441284,62.175317],[9.44355,62.175472],[9.445495,62.175712],[9.448048,62.176186],[9.461962,62.179162],[9.465206,62.180208],[9.467928,62.18145],[9.469803,62.182609],[9.472515,62.184719]],[[9.435502,62.175474],[9.437357,62.175347]],[[9.429901,62.175882],[9.43022,62.175859]],[[10.825176,62.961258],[10.827407,62.961112]],[[10.824948,62.961257],[10.825176,62.961258]],[[10.918538,62.981101],[10.920252,62.981829],[10.922514,62.983764],[10.923365,62.98427],[10.924156,62.984584],[10.925386,62.984819],[10.926659,62.984845],[10.928025,62.984639],[10.929019,62.984266]],[[10.835025,62.960322],[10.835414,62.960281]],[[10.977759,62.960984],[10.982111,62.959692],[10.987342,62.958528],[10.991894,62.957344],[10.993339,62.957103],[10.995661,62.95689],[10.997069,62.956898],[11.003228,62.957852],[11.005162,62.958036],[11.006503,62.958029],[11.00812,62.957813],[11.011808,62.956787],[11.013694,62.95646],[11.019699,62.955787],[11.021171,62.955788],[11.025179,62.955998],[11.026423,62.955951],[11.027665,62.955749],[11.030124,62.954984],[11.031404,62.954701]],[[10.929019,62.984266],[10.929104,62.984219]],[[11.031593,62.954669],[11.036974,62.954071],[11.038354,62.953795],[11.039392,62.953491]],[[11.031404,62.954701],[11.031593,62.954669]],[[11.04617,62.947974],[11.047692,62.947426],[11.050406,62.945932],[11.052581,62.945195],[11.054234,62.944889],[11.057927,62.944666],[11.060173,62.944364],[11.062454,62.943818],[11.065329,62.942749],[11.066372,62.942451],[11.067709,62.942207],[11.070865,62.941837],[11.072464,62.941513]],[[11.039392,62.953491],[11.039501,62.953452]],[[11.072947,62.941409],[11.074174,62.941218],[11.075446,62.94117],[11.079324,62.941496],[11.081211,62.941564],[11.082508,62.941491],[11.083842,62.941255]],[[11.072464,62.941513],[11.072674,62.941467]],[[11.084429,62.941115],[11.087131,62.9405],[11.089,62.940287],[11.091023,62.940267],[11.097324,62.940665],[11.098986,62.940521],[11.100412,62.940173],[11.101303,62.939803],[11.102123,62.939234],[11.102445,62.9388],[11.102997,62.937345],[11.105284,62.935308],[11.109556,62.93252],[11.110685,62.932102],[11.112329,62.931761]],[[11.083842,62.941255],[11.084429,62.941115]],[[11.120289,62.93046],[11.122708,62.930487],[11.124618,62.930343],[11.127821,62.929949],[11.135543,62.928782],[11.137166,62.928724],[11.140254,62.928885]],[[11.112329,62.931761],[11.112454,62.93174]],[[11.141219,62.928849],[11.142475,62.928733]],[[10.73425,62.954979],[10.732816,62.955447],[10.73169,62.955707],[10.727621,62.956476],[10.725691,62.956751]],[[10.724679,62.956848],[10.724573,62.956857]],[[10.725691,62.956751],[10.724679,62.956848]],[[10.711004,62.956366],[10.710584,62.95632]],[[10.724573,62.956857],[10.722191,62.956954],[10.719251,62.956894],[10.714595,62.956656],[10.711004,62.956366]],[[10.666774,62.941704],[10.664927,62.941562],[10.663231,62.941692],[10.661984,62.941991],[10.660139,62.942666],[10.658256,62.943187],[10.656921,62.94341],[10.65405,62.943681]],[[10.681798,62.948412],[10.681745,62.948368]],[[10.710584,62.95632],[10.708592,62.95602],[10.704695,62.955241],[10.701664,62.954911],[10.698733,62.95486],[10.695004,62.955171],[10.693321,62.955165],[10.691526,62.954834],[10.68982,62.954112]],[[10.500169,62.996666],[10.502201,62.996168]],[[10.499541,62.996807],[10.500169,62.996666]],[[10.502201,62.996168],[10.502448,62.996083]],[[10.466374,63.000424],[10.467834,62.999935],[10.468671,62.999384],[10.469074,62.998829],[10.469455,62.997279],[10.469897,62.996813],[10.470596,62.996394],[10.471611,62.996049],[10.472972,62.995864],[10.474109,62.995878],[10.475401,62.996058]],[[10.621042,62.953125],[10.62303,62.953189],[10.624648,62.953034],[10.63164,62.951855],[10.632767,62.951583],[10.633501,62.951305],[10.634795,62.950507],[10.635403,62.949764],[10.635907,62.945647],[10.636214,62.94498],[10.636714,62.94448],[10.637943,62.943792],[10.639644,62.943301],[10.641183,62.943107],[10.644546,62.943021]],[[10.617161,62.952966],[10.617313,62.952963]],[[10.393278,63.017907],[10.393375,63.017939]],[[10.378676,63.017352],[10.383398,63.017092],[10.389586,63.017327]],[[10.409741,63.01975],[10.413611,63.019525],[10.415183,63.019537],[10.41761,63.019685],[10.4207,63.020118],[10.424648,63.020397],[10.425923,63.020353],[10.428026,63.020124]],[[10.378563,63.017351],[10.378676,63.017352]],[[10.291325,63.043038],[10.293744,63.041072]],[[10.285623,63.047859],[10.284868,63.048698],[10.284692,63.049523]],[[10.284692,63.049523],[10.284783,63.050099]],[[11.354848,62.577504],[11.365088,62.576262]],[[11.360168,62.609029],[11.360149,62.608988]],[[11.353213,62.776125],[11.351713,62.774353],[11.351304,62.773431]],[[11.35327,62.776186],[11.353213,62.776125]],[[11.348369,62.768321],[11.346196,62.767672],[11.344036,62.76676],[11.341211,62.765837],[11.340303,62.765363],[11.333565,62.758668]],[[11.351304,62.773431],[11.351292,62.773381]],[[11.333522,62.758627],[11.330405,62.756246],[11.329796,62.755572],[11.329594,62.754773],[11.329999,62.752792]],[[11.333565,62.758668],[11.333522,62.758627]],[[11.330004,62.75275],[11.329839,62.750571],[11.329019,62.74855]],[[11.329999,62.752792],[11.330004,62.75275]],[[11.328962,62.748457],[11.328185,62.7476],[11.32491,62.745451]],[[11.329019,62.74855],[11.328962,62.748457]],[[11.324346,62.744537],[11.321959,62.736988],[11.321929,62.735843],[11.322421,62.73471],[11.327773,62.727716]],[[11.32491,62.745451],[11.324813,62.745354]],[[11.338425,62.722037],[11.349457,62.716491],[11.355066,62.712619],[11.356691,62.711656]],[[11.338359,62.72207],[11.338425,62.722037]],[[11.361101,62.709351],[11.362501,62.708622]],[[11.361034,62.709386],[11.361101,62.709351]],[[11.380999,62.697243],[11.381973,62.696642],[11.382813,62.69632],[11.385808,62.695651],[11.386676,62.69537],[11.387582,62.694934],[11.388212,62.694462]],[[11.362501,62.708622],[11.362598,62.708572]],[[11.388269,62.694407],[11.38947,62.693289],[11.392167,62.692051],[11.393262,62.691203],[11.393941,62.690287],[11.394364,62.689333],[11.394438,62.688336],[11.39425,62.687053],[11.39451,62.686137],[11.394881,62.685682],[11.39551,62.68519],[11.397809,62.684042]],[[11.388212,62.694462],[11.388269,62.694407]],[[11.397913,62.683992],[11.399365,62.683273],[11.400581,62.682469],[11.402592,62.680279],[11.403629,62.679572],[11.405319,62.678909],[11.408627,62.678059],[11.411397,62.676815]],[[11.397809,62.684042],[11.397913,62.683992]],[[11.414169,62.675528],[11.41828,62.673579],[11.418789,62.673155],[11.419181,62.672458]],[[11.411397,62.676815],[11.411473,62.67678]],[[11.1502,62.927298],[11.145073,62.92835],[11.142475,62.928733]],[[11.359191,62.781807],[11.359374,62.781062],[11.359077,62.780401],[11.35626,62.778154],[11.355613,62.777769]],[[11.15275,62.926678],[11.152832,62.926654]],[[11.150522,62.927231],[11.15275,62.926678]],[[11.15751,62.925916],[11.159352,62.925676],[11.162527,62.924899]],[[11.157404,62.925923],[11.15751,62.925916]],[[11.162527,62.924899],[11.162619,62.924875]],[[11.152832,62.926654],[11.154647,62.926181],[11.156793,62.925959]],[[11.181795,62.916201],[11.181845,62.916157]],[[11.181138,62.916854],[11.181795,62.916201]],[[11.187096,62.891223],[11.188053,62.889311],[11.18803,62.88887],[11.187547,62.887848]],[[11.187063,62.891281],[11.187096,62.891223]],[[11.262676,62.850628],[11.262789,62.850614]],[[11.259904,62.850926],[11.262676,62.850628]],[[11.294363,62.848228],[11.298091,62.848128]],[[11.294262,62.84823],[11.294363,62.848228]],[[11.2864,62.849192],[11.290473,62.84842],[11.292025,62.848284],[11.294262,62.84823]],[[11.286307,62.84921],[11.2864,62.849192]],[[11.3842,62.804385],[11.384189,62.80434]],[[11.38423,62.804722],[11.3842,62.804385]],[[11.381123,62.807041],[11.382696,62.806478],[11.383779,62.8057]],[[11.381035,62.807066],[11.381123,62.807041]],[[11.368794,62.810141],[11.36887,62.810092]],[[11.365282,62.811232],[11.367515,62.810703],[11.368794,62.810141]],[[11.365167,62.811258],[11.365282,62.811232]],[[11.356865,62.817792],[11.357842,62.817281],[11.358417,62.81675],[11.35943,62.815195],[11.360383,62.813347],[11.360972,62.812735],[11.36174,62.812258],[11.362443,62.811955],[11.365167,62.811258]],[[11.349338,62.826421],[11.349401,62.826378]],[[11.34491,62.828775],[11.347155,62.827695],[11.349338,62.826421]],[[11.344798,62.828831],[11.34491,62.828775]],[[11.333101,62.838485],[11.335194,62.836654],[11.338937,62.834138],[11.342243,62.830509],[11.343166,62.829792],[11.344798,62.828831]],[[11.26556,62.850407],[11.267464,62.850269],[11.269913,62.84979],[11.27124,62.849666],[11.27228,62.849685],[11.275823,62.850075]],[[11.259733,62.850941],[11.259904,62.850926]],[[11.29821,62.848119],[11.300108,62.84794],[11.301679,62.847696]],[[11.298091,62.848128],[11.29821,62.848119]],[[11.308103,62.847313],[11.310193,62.847094],[11.312352,62.846967]],[[11.307922,62.847331],[11.308103,62.847313]],[[11.312811,62.846938],[11.312977,62.846926]],[[11.30181,62.847675],[11.303682,62.847438],[11.306697,62.847413],[11.307922,62.847331]],[[11.321255,62.843583],[11.322145,62.843219],[11.324469,62.841994],[11.328717,62.840722]],[[11.321155,62.843617],[11.321255,62.843583]],[[11.328801,62.840691],[11.331537,62.839492]],[[11.328717,62.840722],[11.328801,62.840691]],[[10.634143,62.108237],[10.630382,62.110489],[10.629198,62.111532]],[[10.627379,62.124565],[10.626629,62.125283],[10.626215,62.126063],[10.626189,62.126784],[10.626643,62.128465]],[[10.627506,62.12445],[10.627379,62.124565]],[[10.655319,62.207858],[10.656197,62.208755],[10.65683,62.209657],[10.657353,62.211067],[10.657425,62.211834],[10.657156,62.216817]],[[10.65526,62.207803],[10.655319,62.207858]],[[10.657151,62.216949],[10.657206,62.217903],[10.65748,62.218829]],[[10.657156,62.216817],[10.657151,62.216949]],[[10.657571,62.219026],[10.658289,62.220139],[10.660794,62.223047]],[[10.768248,62.272324],[10.77297,62.273482],[10.77821,62.27562]],[[10.798565,62.278988],[10.795108,62.278874],[10.791875,62.278512],[10.786013,62.277703],[10.78205,62.276845]],[[10.837037,62.289285],[10.836859,62.289236]],[[10.886439,62.335824],[10.886231,62.335715]],[[10.899814,62.344856],[10.891444,62.338034],[10.890235,62.337384],[10.887555,62.33637],[10.886439,62.335824]],[[10.996063,62.407028],[10.996825,62.407951],[11.000609,62.410387]],[[11.252692,62.501632],[11.252444,62.501557]],[[11.301909,62.539217],[11.304491,62.536215],[11.30498,62.534919],[11.304951,62.533637],[11.304523,62.532555],[11.301148,62.526663],[11.300271,62.525605],[11.299025,62.524515],[11.297565,62.523546],[11.296291,62.522867],[11.254649,62.50244]],[[11.336252,62.568281],[11.33621,62.568206]],[[11.301815,62.539321],[11.301909,62.539217]],[[11.336007,62.567778],[11.335327,62.566272],[11.334893,62.565632],[11.334273,62.56503],[11.333124,62.564273],[11.32345,62.559901],[11.311779,62.55438],[11.307299,62.552471],[11.305924,62.551677],[11.30391,62.549896],[11.302423,62.547963],[11.30039,62.542903]],[[11.250607,62.501194],[11.248997,62.501072],[11.247584,62.501098],[11.246212,62.501242],[11.243473,62.501768],[11.242377,62.501906],[11.240832,62.501966],[11.239372,62.501888],[11.237773,62.501639],[11.236431,62.501269],[11.232049,62.499302]],[[11.375695,62.567675],[11.374963,62.567477]],[[11.383697,62.569825],[11.382925,62.569616]],[[11.046246,61.571682],[11.040067,61.575588]],[[10.87249,61.7141],[10.876544,61.714061],[10.878258,61.713874],[10.879338,61.713605],[10.880078,61.713327],[10.882008,61.712254]],[[10.872356,61.714104],[10.87249,61.7141]],[[10.913064,61.685567],[10.913142,61.684679],[10.912945,61.681381],[10.912834,61.680551],[10.91255,61.679799]],[[10.913051,61.685625],[10.913064,61.685567]],[[10.91255,61.679799],[10.912522,61.67974]],[[10.882008,61.712254],[10.884203,61.710896],[10.887061,61.709884],[10.888065,61.709429],[10.890543,61.707606],[10.891837,61.706848],[10.893259,61.70619],[10.895459,61.705351],[10.896287,61.704863],[10.898003,61.702891],[10.901209,61.701056],[10.902093,61.700386],[10.902964,61.699512],[10.903294,61.698962],[10.903678,61.697822],[10.904405,61.696689],[10.904718,61.69537],[10.905093,61.694683]],[[10.977882,61.608036],[10.981443,61.607069],[10.986191,61.60625],[10.990015,61.604996],[11.000355,61.602749],[11.004043,61.601625],[11.005595,61.601321],[11.007162,61.601205],[11.008298,61.60122],[11.00945,61.601308],[11.010883,61.601526],[11.012979,61.602116],[11.014972,61.603076]],[[10.977775,61.608067],[10.977882,61.608036]],[[11.016909,61.603715],[11.018246,61.603853],[11.019578,61.603808],[11.021028,61.60353],[11.022295,61.602998],[11.022894,61.602536],[11.02323,61.602046],[11.023336,61.601538],[11.023202,61.600267],[11.023548,61.599632],[11.024065,61.599192]],[[11.016669,61.603668],[11.016909,61.603715]],[[11.024513,61.598916],[11.027338,61.597304],[11.028284,61.59666],[11.029241,61.595802],[11.029958,61.594874],[11.030464,61.593662],[11.030828,61.590959],[11.03206,61.588844],[11.032132,61.587256],[11.032474,61.586682],[11.035922,61.582738],[11.036192,61.582075],[11.036313,61.580528]],[[11.024449,61.598953],[11.024513,61.598916]],[[10.864149,61.715788],[10.865662,61.715035],[10.867275,61.714573],[10.869205,61.714303],[10.872356,61.714104]],[[11.040067,61.575588],[11.039425,61.576096],[11.037526,61.578123],[11.036664,61.579597]],[[10.822399,61.741983],[10.823243,61.740051]],[[10.823363,61.739868],[10.823979,61.739107],[10.824919,61.738271],[10.828259,61.736255]],[[10.84904,61.787452],[10.848946,61.78732]],[[10.848097,61.797263],[10.849093,61.796114],[10.849715,61.795129],[10.850112,61.794204],[10.850365,61.79299],[10.850318,61.792056],[10.849686,61.788829],[10.84904,61.787452]],[[10.847002,61.800513],[10.847017,61.800449]],[[10.853765,61.827687],[10.853396,61.827187],[10.85323,61.826606],[10.853289,61.826123],[10.853764,61.825],[10.853761,61.824353],[10.853389,61.823664],[10.852254,61.82219],[10.851745,61.821654],[10.850926,61.821118],[10.849804,61.820662],[10.847259,61.819916],[10.846514,61.819579],[10.845772,61.819083],[10.845167,61.818384],[10.844873,61.81776],[10.844768,61.817129],[10.844871,61.816296]],[[10.853818,61.827742],[10.853765,61.827687]],[[10.860575,61.833002],[10.859177,61.832525],[10.858206,61.831971],[10.853818,61.827742]],[[10.867799,61.835127],[10.867512,61.835043]],[[10.871276,61.836154],[10.867799,61.835127]],[[10.883057,61.838806],[10.876728,61.837722],[10.871276,61.836154]],[[10.842699,61.781005],[10.842129,61.780263],[10.841458,61.778394],[10.840831,61.777547],[10.837793,61.775047],[10.83648,61.773299],[10.835746,61.772547],[10.833368,61.770887],[10.832465,61.770114],[10.831642,61.769066],[10.830816,61.767147],[10.830054,61.766089],[10.828676,61.764899],[10.82625,61.763373],[10.825559,61.762687],[10.825124,61.761915]],[[10.695665,62.078403],[10.695738,62.078352]],[[10.664888,62.091116],[10.665149,62.091039]],[[10.641961,62.103263],[10.652799,62.097099],[10.654113,62.096097],[10.655057,62.094971]],[[10.637562,62.105297],[10.639069,62.104508],[10.641793,62.103346]],[[10.637407,62.105395],[10.637562,62.105297]],[[10.641793,62.103346],[10.641961,62.103263]],[[10.635361,62.107185],[10.636145,62.106335],[10.637407,62.105395]],[[11.069083,61.538154],[11.069122,61.537999]],[[11.066473,61.542382],[11.067022,61.540431],[11.067429,61.539944],[11.068594,61.538945],[11.069083,61.538154]],[[11.067222,61.51715],[11.067024,61.515728]],[[11.067226,61.517205],[11.067222,61.51715]],[[11.067024,61.515728],[11.067255,61.515241]],[[11.067255,61.515241],[11.069014,61.513485]],[[11.069051,61.513426],[11.069248,61.512646],[11.069077,61.512051]],[[11.069014,61.513485],[11.069051,61.513426]],[[11.069033,61.511973],[11.068661,61.511511]],[[11.069077,61.512051],[11.069033,61.511973]],[[11.068661,61.511511],[11.068594,61.511447]],[[11.068007,61.531183],[11.067289,61.530597],[11.066976,61.530062],[11.066969,61.529485],[11.067533,61.5283],[11.067614,61.527556],[11.066902,61.525869],[11.066809,61.524372],[11.066219,61.522365],[11.065669,61.521031],[11.065749,61.520442],[11.067089,61.517823],[11.067226,61.517205]],[[11.065715,61.444753],[11.067351,61.44365],[11.070398,61.441019],[11.070923,61.440312],[11.072446,61.437407],[11.074007,61.435913]],[[11.065544,61.444848],[11.065715,61.444753]],[[11.074007,61.435913],[11.074057,61.435872]],[[11.050354,61.451779],[11.05136,61.449936],[11.05189,61.449408],[11.052404,61.449077],[11.053199,61.448747],[11.053937,61.448554],[11.057612,61.448066],[11.059277,61.447527]],[[11.147405,61.394404],[11.148126,61.393436],[11.149422,61.392705],[11.155056,61.390606],[11.158163,61.389824],[11.159665,61.389213]],[[11.147369,61.394488],[11.147405,61.394404]],[[11.204999,61.37236],[11.21162,61.369973]],[[11.204781,61.372439],[11.204999,61.37236]],[[11.211759,61.369923],[11.215784,61.368474]],[[11.21162,61.369973],[11.211759,61.369923]],[[11.216622,61.368172],[11.218656,61.367285],[11.220304,61.366163],[11.221283,61.36498],[11.2217,61.363776]],[[11.216484,61.368222],[11.216622,61.368172]],[[11.25731,61.336554],[11.259238,61.333993]],[[11.257285,61.336593],[11.25731,61.336554]],[[11.264436,61.326011],[11.264465,61.325967]],[[11.263638,61.32723],[11.264436,61.326011]],[[11.26758,61.319775],[11.267612,61.319671]],[[11.264465,61.325967],[11.266519,61.322776],[11.26758,61.319775]],[[11.284502,61.292114],[11.284543,61.292064]],[[11.267612,61.319671],[11.269963,61.311898],[11.27077,61.310165],[11.275105,61.30409],[11.276777,61.300922],[11.277732,61.299505],[11.278936,61.29814],[11.281516,61.295704],[11.284502,61.292114]],[[11.365159,61.151507],[11.365236,61.151381]],[[11.358845,61.158704],[11.360933,61.157052],[11.362325,61.155699],[11.363472,61.154229],[11.365159,61.151507]],[[11.370792,61.143498],[11.371496,61.142383],[11.371684,61.141335],[11.371548,61.140636],[11.370779,61.139063],[11.370714,61.137512],[11.370476,61.136728]],[[11.35877,61.158762],[11.358845,61.158704]],[[11.358552,61.158932],[11.35877,61.158762]],[[11.358411,61.159042],[11.358552,61.158932]],[[11.336682,61.203972],[11.336715,61.203916]],[[11.336528,61.215],[11.337261,61.212319],[11.337171,61.2103]],[[11.318145,61.257273],[11.318176,61.25718]],[[11.318078,61.258215],[11.318145,61.257273]],[[11.3181,61.258341],[11.318078,61.258215]],[[11.318437,61.259238],[11.3181,61.258341]],[[11.339108,61.199891],[11.342124,61.194789],[11.34273,61.193274],[11.345408,61.179156],[11.346011,61.176975],[11.346562,61.175967],[11.347349,61.17494],[11.350388,61.172119],[11.351424,61.170867],[11.352157,61.169573],[11.35441,61.163999],[11.355074,61.162677],[11.3564,61.160894],[11.358411,61.159042]],[[11.292012,61.285372],[11.293067,61.28455],[11.294468,61.283767],[11.29567,61.283266],[11.298446,61.282321],[11.300052,61.281454]],[[11.064545,61.503775],[11.063869,61.50203],[11.063347,61.501529],[11.062026,61.500608],[11.06147,61.49989],[11.061353,61.499205],[11.061635,61.498123],[11.061583,61.49754],[11.061176,61.496881],[11.059858,61.495775],[11.059229,61.494945],[11.056739,61.48671],[11.056319,61.485706],[11.055632,61.485028],[11.054237,61.484334],[11.052707,61.483943],[11.050675,61.483628]],[[11.053005,61.564844],[11.053396,61.562992],[11.053138,61.562388],[11.051981,61.561204],[11.051678,61.56057],[11.051682,61.560035],[11.052168,61.5586],[11.052005,61.558003],[11.051224,61.556719],[11.051198,61.556108],[11.051371,61.55564],[11.051869,61.555036],[11.053834,61.553619],[11.054901,61.552684],[11.056543,61.55061],[11.057086,61.550119],[11.058146,61.549542],[11.060597,61.548679],[11.061584,61.548037],[11.062891,61.546132],[11.063439,61.545738],[11.065148,61.544838],[11.06581,61.544274],[11.066143,61.543732],[11.066473,61.542382]],[[11.263638,61.32723],[11.259478,61.333614]],[[11.349473,61.066577],[11.349361,61.06565],[11.349663,61.064747],[11.351996,61.062061]],[[11.349498,61.066643],[11.349473,61.066577]],[[11.541507,60.889257],[11.54352,60.88783],[11.544051,60.887267],[11.54694,60.880985]],[[11.547142,60.880928],[11.544359,60.886993],[11.543691,60.887779],[11.541507,60.889257]],[[11.351996,61.062061],[11.352075,61.061975]],[[11.351926,61.07502],[11.351147,61.073548],[11.350917,61.072693],[11.350755,61.071246],[11.350943,61.069561],[11.350835,61.068905],[11.349498,61.066643]],[[11.37425,61.037095],[11.374522,61.03612]],[[11.374209,61.037244],[11.37425,61.037095]],[[11.374544,61.036041],[11.374807,61.035448],[11.37546,61.0347]],[[11.374522,61.03612],[11.374544,61.036041]],[[11.393691,61.01667],[11.398696,61.011672]],[[11.388562,61.021781],[11.388606,61.021737]],[[11.409195,61.003978],[11.410569,61.003334],[11.411565,61.002736],[11.416329,60.999126],[11.417562,60.998361],[11.419787,60.997374],[11.425846,60.995137]],[[11.401116,61.009267],[11.40118,61.009203]],[[11.466938,60.978693],[11.481348,60.970516],[11.483257,60.969138],[11.484601,60.967791],[11.49549,60.951937],[11.513836,60.930735],[11.526631,60.904189],[11.527472,60.902772],[11.534712,60.894252],[11.536404,60.892854],[11.540983,60.889626]],[[11.466516,60.978932],[11.466938,60.978693]],[[9.641277,61.663409],[9.641131,61.663391]],[[9.67572,61.662903],[9.671213,61.663092],[9.659461,61.663861],[9.657141,61.663949],[9.648112,61.66392],[9.644329,61.663713],[9.641277,61.663409]],[[9.583937,61.664309],[9.583839,61.664333]],[[9.590716,61.663503],[9.586209,61.66388],[9.583937,61.664309]],[[9.541972,61.678287],[9.541431,61.678572]],[[9.541431,61.678572],[9.540769,61.679025],[9.540302,61.67966],[9.540233,61.68023],[9.540428,61.680736]],[[9.537338,61.726479],[9.537761,61.727649],[9.538227,61.728474],[9.539089,61.729579],[9.539881,61.730356],[9.541132,61.731337],[9.547953,61.735881]],[[9.537322,61.726428],[9.537338,61.726479]],[[9.545827,61.78881],[9.545831,61.788849]],[[9.537975,61.77057],[9.536056,61.774418],[9.535738,61.775325],[9.536002,61.776453],[9.537128,61.777666]],[[9.420246,61.837406],[9.417744,61.838076],[9.41434,61.839127],[9.412008,61.839981],[9.410519,61.840663]],[[9.420367,61.837375],[9.420246,61.837406]],[[9.410519,61.840663],[9.41036,61.840747]],[[9.390657,61.896615],[9.378148,61.899436],[9.374792,61.900532],[9.371842,61.901888],[9.369866,61.903116],[9.36289,61.908366],[9.356374,61.91523]],[[9.392071,61.896244],[9.391902,61.89629]],[[9.350103,61.918058],[9.346404,61.918621],[9.339744,61.919179],[9.336611,61.919784]],[[9.355872,61.915701],[9.35581,61.915752]],[[9.336515,61.919809],[9.314406,61.927084]],[[9.336611,61.919784],[9.336515,61.919809]],[[9.31052,61.92825],[9.309104,61.928741],[9.307631,61.929438],[9.306605,61.9301],[9.305781,61.930833]],[[9.314406,61.927084],[9.314265,61.927127]],[[9.305534,61.931123],[9.304926,61.931936]],[[9.305781,61.930833],[9.30571,61.930912]],[[9.304899,61.931976],[9.303954,61.933673],[9.303423,61.935166],[9.302694,61.940664]],[[9.304926,61.931936],[9.304899,61.931976]],[[9.302669,61.940737],[9.302155,61.94187],[9.301432,61.942918]],[[9.302694,61.940664],[9.302669,61.940737]],[[9.301363,61.943004],[9.300029,61.944342],[9.297933,61.945848],[9.295891,61.946932],[9.293087,61.948048],[9.291022,61.948674],[9.288747,61.949217],[9.280508,61.950563],[9.278435,61.951016],[9.276637,61.951512]],[[9.301432,61.942918],[9.301363,61.943004]],[[9.264648,61.959149],[9.264559,61.959205]],[[9.265438,61.958387],[9.264648,61.959149]],[[9.256522,61.986829],[9.255529,61.99011],[9.25476,61.991316],[9.253924,61.992231],[9.252222,61.99362],[9.250062,61.995112],[9.247595,61.996595],[9.244886,61.997991]],[[9.256548,61.986731],[9.256522,61.986829]],[[9.214325,62.017491],[9.214225,62.017569]],[[9.143364,62.052531],[9.140168,62.053385]],[[9.143536,62.052488],[9.143364,62.052531]],[[15.11388,67.323278],[15.110399,67.3227],[15.106579,67.322327],[15.104862,67.322306],[15.100689,67.322531],[15.098899,67.322548]],[[15.119011,67.324104],[15.117345,67.323861]],[[14.622343,67.293579],[14.619956,67.293553],[14.617224,67.293284]],[[14.594153,67.289854],[14.593472,67.289765]],[[14.593472,67.289765],[14.591256,67.289475]],[[15.433981,67.253133],[15.4361,67.254058],[15.436905,67.254623],[15.437394,67.255188]],[[15.433726,67.253034],[15.433981,67.253133]],[[15.472893,67.0997],[15.472741,67.100475],[15.472337,67.101082]],[[15.461312,67.106842],[15.460946,67.10715]],[[15.461572,67.106669],[15.461312,67.106842]],[[15.46664,67.154254],[15.467109,67.1546]],[[15.464298,67.152553],[15.46664,67.154254]],[[15.410232,67.26216],[15.408565,67.262028],[15.407213,67.262037],[15.405575,67.262188],[15.404065,67.262493]],[[15.421838,67.263627],[15.421514,67.263599]],[[15.368683,66.610773],[15.371099,66.613108]],[[15.368498,66.610592],[15.368683,66.610773]],[[14.631949,66.382356],[14.636192,66.384063],[14.641302,66.386441]],[[14.631815,66.382305],[14.631949,66.382356]],[[15.371099,66.613108],[15.371287,66.613283]],[[15.353737,66.592865],[15.35473,66.594724],[15.360259,66.601644],[15.364874,66.606903],[15.368498,66.610592]],[[15.429667,66.68922],[15.432153,66.69097]],[[15.429422,66.68903],[15.429667,66.68922]],[[15.408952,66.794259],[15.406305,66.79392],[15.404433,66.793817]],[[15.409723,66.794372],[15.408952,66.794259]],[[15.313742,66.982381],[15.314635,66.983288],[15.315735,66.984015],[15.323168,66.987692]],[[15.401567,67.094023],[15.418076,67.097821]],[[13.251167,65.984874],[13.25125,65.985037]],[[13.218888,65.967041],[13.220139,65.967722],[13.222744,65.969527],[13.226412,65.971236],[13.237201,65.976924],[13.239258,65.977868]],[[13.285532,66.01043],[13.285907,66.010469]],[[13.25125,65.985037],[13.253173,65.989029],[13.253018,65.990041],[13.251847,65.991507],[13.251529,65.992389],[13.251838,65.993408],[13.252808,65.994419]],[[13.554823,66.100665],[13.555115,66.100822]],[[13.544235,66.094518],[13.545237,66.095107],[13.547703,66.097507],[13.548697,66.098131]],[[13.582543,66.134045],[13.585076,66.134781],[13.589403,66.135589],[13.590938,66.136109],[13.592,66.136693],[13.592811,66.137571],[13.593777,66.140271],[13.595038,66.142612]],[[13.582358,66.133982],[13.582543,66.134045]],[[13.686381,66.159321],[13.687263,66.159142]],[[13.796655,66.140403],[13.796884,66.140313]],[[13.796884,66.140313],[13.798175,66.13989],[13.799706,66.139524]],[[13.830551,66.148336],[13.837746,66.155567]],[[14.084146,66.29202],[14.085282,66.292204]],[[14.044637,66.282951],[14.046546,66.285422],[14.047991,66.286664],[14.04961,66.287537],[14.052054,66.288311],[14.054346,66.288721],[14.065381,66.290102],[14.067426,66.290185],[14.072079,66.290111],[14.074734,66.290293],[14.076515,66.290575],[14.080387,66.291486],[14.084146,66.29202]],[[13.139094,64.928387],[13.14162,64.927105],[13.142962,64.926688],[13.144168,64.92644],[13.145496,64.926272],[13.154856,64.925521]],[[13.154856,64.925521],[13.156964,64.925444],[13.158742,64.925592],[13.160375,64.925938],[13.161574,64.926376]],[[13.357002,65.226438],[13.356901,65.226504]],[[13.357868,65.225636],[13.357002,65.226438]],[[13.394518,65.432995],[13.396162,65.437494],[13.395938,65.438514],[13.394929,65.440159]],[[13.244624,65.692627],[13.243803,65.694182],[13.243785,65.694906],[13.24408,65.695751]],[[12.491716,64.567867],[12.498035,64.570553]],[[12.481663,64.565337],[12.48898,64.566935],[12.49032,64.567325],[12.491716,64.567867]],[[12.333875,64.451854],[12.333792,64.453052],[12.334684,64.454672]],[[12.338617,64.442295],[12.338535,64.442389]],[[12.338535,64.442389],[12.337644,64.443236]],[[12.334684,64.454672],[12.335661,64.456149]],[[11.835136,64.136659],[11.835409,64.136665]],[[11.831434,64.136279],[11.833269,64.136555],[11.835136,64.136659]],[[12.120243,57.657408],[12.126845,57.658974],[12.128463,57.659585],[12.130536,57.660724],[12.131609,57.661142],[12.136951,57.662747],[12.143702,57.665008],[12.145409,57.665504],[12.147502,57.665912]],[[12.119569,57.65725],[12.120243,57.657408]],[[10.788168,63.412175],[10.790492,63.411774],[10.791686,63.411668],[10.796448,63.411815],[10.798377,63.412065],[10.801678,63.412938]],[[9.943347,59.063592],[9.948206,59.062617],[9.953399,59.061795],[9.984024,59.058409]],[[9.671966,59.130854],[9.673266,59.12973]],[[10.023371,59.051211],[10.023102,59.051331]],[[10.556295,61.008698],[10.556134,61.008744]],[[10.56869,61.004005],[10.566664,61.004435],[10.565749,61.004732],[10.564999,61.005094],[10.564285,61.005578]],[[10.499991,61.022471],[10.49986,61.022571]],[[10.49986,61.022571],[10.499094,61.023],[10.497782,61.023399],[10.494089,61.023753],[10.49279,61.024022],[10.491699,61.024472],[10.490894,61.025113],[10.4906,61.025744],[10.49048,61.027944],[10.490769,61.029839],[10.4912,61.030833]],[[9.68493,59.627136],[9.684835,59.627186]],[[9.684835,59.627186],[9.680708,59.628891],[9.677294,59.630944]],[[5.754251,58.538767],[5.754081,58.538821]],[[9.988123,59.057999],[9.984041,59.05846]],[[9.984024,59.058409],[9.988123,59.057999]],[[9.677742,59.126392],[9.680062,59.12489]],[[9.680134,59.12492],[9.677808,59.12642]],[[9.674163,59.129163],[9.675875,59.128001]],[[9.671966,59.130854],[9.670713,59.131867]],[[9.693689,59.119305],[9.689298,59.120562],[9.685623,59.121983],[9.6819,59.123849],[9.680134,59.12492]],[[9.680062,59.12489],[9.681814,59.123827],[9.685602,59.121941],[9.688912,59.120631],[9.693662,59.119266]],[[6.443829,58.477624],[6.442407,58.477515],[6.440304,58.477565]],[[6.421356,58.474462],[6.419879,58.474117],[6.416417,58.473084]],[[6.432242,58.475796],[6.430266,58.475408]],[[6.43672,58.476875],[6.434915,58.476244],[6.432242,58.475796]],[[6.440304,58.477565],[6.439182,58.47752],[6.438334,58.477397],[6.43753,58.47719],[6.43672,58.476875]],[[6.445516,58.47781],[6.443829,58.477624]],[[10.42395,60.287518],[10.423253,60.286597],[10.419917,60.283833],[10.418998,60.283168],[10.417956,60.282625]],[[10.423966,60.287558],[10.42395,60.287518]],[[10.412662,60.273679],[10.413281,60.273051]],[[10.417956,60.282625],[10.416115,60.281772],[10.415606,60.281388],[10.415176,60.280876],[10.414664,60.278871],[10.413166,60.276901],[10.412485,60.275532],[10.412316,60.274571],[10.412662,60.273679]],[[10.466117,60.298823],[10.463394,60.299572],[10.46162,60.299816],[10.459675,60.299735],[10.456975,60.299204]],[[10.466233,60.298802],[10.466117,60.298823]],[[6.674414,58.42011],[6.674339,58.419953]],[[6.674339,58.419953],[6.673561,58.417891],[6.671869,58.415056]],[[6.670815,58.411108],[6.669632,58.409715]],[[6.670887,58.411244],[6.670815,58.411108]],[[11.085902,60.790821],[11.08838,60.790671]],[[11.09379,60.787719],[11.092865,60.788312],[11.091361,60.789083]],[[11.093191,60.773101],[11.093169,60.774133],[11.093463,60.774865],[11.093847,60.77541],[11.09509,60.776424],[11.096674,60.77722]],[[11.180681,60.735983],[11.179831,60.736721],[11.178945,60.73726],[11.177848,60.737728],[11.176403,60.738158],[11.175012,60.738405],[11.173484,60.738533],[11.172169,60.738533],[11.170519,60.738425]],[[11.186232,60.730054],[11.185847,60.730831],[11.185236,60.731576],[11.180681,60.735983]],[[11.189676,60.723973],[11.187069,60.727033]],[[11.209205,60.695764],[11.209133,60.697341],[11.208615,60.698824]],[[11.213093,60.687156],[11.212862,60.688489],[11.212466,60.689622],[11.209544,60.694658],[11.209205,60.695764]],[[11.213974,60.680463],[11.213093,60.687156]],[[11.215406,60.676351],[11.214452,60.678324],[11.213974,60.680463]],[[11.23111,60.6389],[11.229219,60.642448],[11.226751,60.645249],[11.225646,60.64727],[11.225228,60.648824],[11.224834,60.653675],[11.224212,60.656923]],[[11.261908,60.620014],[11.26074,60.62002],[11.259237,60.620203],[11.258111,60.6205],[11.2574,60.620785],[11.256611,60.621256],[11.254934,60.62258],[11.25177,60.624344],[11.250477,60.625427]],[[11.266118,60.619654],[11.264268,60.620004],[11.261908,60.620014]],[[11.279737,60.610842],[11.279492,60.610886]],[[11.292837,60.59966],[11.293073,60.599924]],[[11.289896,60.596411],[11.292837,60.59966]],[[11.277203,60.585106],[11.277297,60.585194]],[[11.269167,60.579337],[11.269284,60.579472]],[[11.073472,60.792276],[11.072112,60.793073]],[[11.103955,60.796814],[11.10545,60.796925]],[[11.096597,60.793759],[11.097828,60.794746],[11.099536,60.795613]],[[11.010704,60.813559],[11.00949,60.814047],[11.008744,60.814446],[11.006938,60.815778]],[[11.061896,60.793823],[11.060729,60.794054]],[[10.915942,60.888714],[10.91347,60.889065],[10.912101,60.889092],[10.910945,60.889016]],[[10.944632,60.874416],[10.943408,60.875127],[10.942527,60.875825],[10.941101,60.877985],[10.940001,60.878926]],[[10.964965,60.845021],[10.964202,60.846537],[10.962552,60.848272],[10.960861,60.849493],[10.957361,60.851626],[10.956674,60.85219],[10.956157,60.853124],[10.956168,60.853704],[10.956363,60.854234]],[[10.979921,60.830569],[10.978649,60.831046]],[[11.007454,60.820363],[11.006639,60.821099],[11.00564,60.821611]],[[10.556134,61.008744],[10.553097,61.009511],[10.55159,61.009679],[10.550131,61.009692],[10.548946,61.009596],[10.547461,61.009356],[10.54498,61.008673],[10.543267,61.008318],[10.541848,61.008167],[10.539658,61.008147],[10.537796,61.008331],[10.534711,61.00881],[10.531503,61.009089],[10.526978,61.009794],[10.521509,61.01048]],[[10.564285,61.005578],[10.563212,61.006283],[10.561518,61.007075],[10.556295,61.008698]],[[10.574124,61.002784],[10.56869,61.004005]],[[10.598805,60.994025],[10.597062,60.994628]],[[10.600327,60.992562],[10.599862,60.993296]],[[10.599862,60.993296],[10.598983,60.993934]],[[10.626063,60.985061],[10.625081,60.985308]],[[10.645944,60.981451],[10.645626,60.981514]],[[10.70218,60.926371],[10.702101,60.926472]],[[10.707822,60.923307],[10.706766,60.923899]],[[10.728975,60.912763],[10.727912,60.912646]],[[10.801223,60.91553],[10.779431,60.915758],[10.774659,60.915735],[10.767323,60.915552],[10.765173,60.91567],[10.762548,60.916103]],[[10.835309,60.916344],[10.820881,60.915848]],[[10.843555,60.914243],[10.842263,60.915061],[10.841372,60.915462],[10.840258,60.915826],[10.83905,60.9161],[10.837715,60.916289],[10.835309,60.916344]],[[10.885583,60.89235],[10.884511,60.892949],[10.883538,60.893348],[10.880337,60.894124],[10.879685,60.894398],[10.878871,60.894922]],[[10.910665,60.888986],[10.908834,60.888619],[10.906248,60.887748],[10.904101,60.887265],[10.901641,60.887034],[10.900482,60.88704],[10.899543,60.887132],[10.897793,60.887549],[10.889345,60.890436],[10.88754,60.891217],[10.885583,60.89235]],[[10.464111,61.089316],[10.464365,61.090372],[10.465255,61.092334],[10.466363,61.095977]],[[10.46376,61.087888],[10.463976,61.088372],[10.464111,61.089316]],[[10.462042,61.084033],[10.462692,61.08516],[10.462844,61.086508],[10.463681,61.087769]],[[10.464453,61.045957],[10.463116,61.046746],[10.462001,61.048178],[10.460669,61.049126],[10.460197,61.049583],[10.459613,61.051174],[10.458708,61.052653],[10.458663,61.053116],[10.458944,61.054754]],[[10.479763,61.040291],[10.476504,61.041353],[10.473476,61.042089],[10.47197,61.042542],[10.47013,61.043577],[10.464453,61.045957]],[[10.489759,61.035165],[10.487138,61.035828],[10.485623,61.036488],[10.4843,61.037336],[10.48247,61.039006],[10.481787,61.039488],[10.481098,61.039821],[10.479763,61.040291]],[[10.491838,61.031442],[10.492499,61.032007],[10.492895,61.032573],[10.492978,61.033052],[10.492764,61.033685],[10.492158,61.034287],[10.49163,61.034585],[10.490909,61.034873],[10.489759,61.035165]],[[10.410058,61.175976],[10.416421,61.183078],[10.416731,61.183574],[10.416864,61.184573],[10.416666,61.18545],[10.416192,61.186352],[10.415169,61.18768]],[[10.410443,61.195164],[10.414575,61.198109],[10.415969,61.198862],[10.41832,61.199908],[10.419389,61.200532],[10.420153,61.201186],[10.42241,61.203681],[10.424835,61.205635],[10.426397,61.206496],[10.429138,61.207656]],[[10.415329,61.152386],[10.414504,61.153113],[10.413287,61.153706],[10.412273,61.153986],[10.406946,61.154989],[10.405773,61.155415],[10.405083,61.155861],[10.404598,61.156469],[10.404488,61.156885],[10.405028,61.158543],[10.404964,61.159071],[10.40448,61.160298],[10.404766,61.161311]],[[10.435291,61.132493],[10.433556,61.133132],[10.431034,61.13374],[10.429105,61.134534]],[[10.436128,61.132084],[10.435291,61.132493]],[[10.252924,60.167179],[10.252965,60.167056]],[[9.629779,62.353115],[9.62965,62.353338]],[[9.618841,62.33847],[9.618866,62.338792]],[[9.603028,62.30514],[9.606618,62.307734],[9.607412,62.308422]],[[9.602407,62.304687],[9.603028,62.30514]],[[9.543923,62.217321],[9.538018,62.222465]],[[9.280504,62.121918],[9.282928,62.123658]],[[9.43022,62.175859],[9.435502,62.175474]],[[9.188057,62.098561],[9.203608,62.100752]],[[9.158115,62.09605],[9.164668,62.097188],[9.167257,62.097755],[9.170831,62.09869],[9.172747,62.099029]],[[9.150272,62.097304],[9.150674,62.097064]],[[9.098461,62.112246],[9.099441,62.111748],[9.10057,62.111398],[9.101799,62.111186],[9.103132,62.111086]],[[9.092043,62.111022],[9.090211,62.11122],[9.089055,62.111504],[9.087882,62.112031],[9.087106,62.112704],[9.086815,62.113368],[9.086899,62.113998],[9.087531,62.114779],[9.088599,62.115392]],[[9.144707,62.087546],[9.144699,62.088143],[9.144476,62.088637],[9.143996,62.089154],[9.14334,62.089604]],[[9.094478,62.092645],[9.087611,62.092581],[9.081931,62.092909],[9.079434,62.092985]],[[9.026269,62.097512],[9.023133,62.099556],[9.01988,62.101368]],[[8.919676,62.120343],[8.917913,62.120619],[8.916331,62.120747],[8.910267,62.120815],[8.90396,62.121155],[8.901059,62.121112]],[[8.881446,62.120221],[8.874619,62.119776],[8.863688,62.11891]],[[8.758062,62.128402],[8.757556,62.128358]],[[8.758249,62.12842],[8.758062,62.128402]],[[8.757556,62.128358],[8.754675,62.128224],[8.752091,62.128316],[8.750604,62.128493],[8.747297,62.129121],[8.745413,62.129284],[8.743496,62.129243],[8.740394,62.128897]],[[8.740283,62.128887],[8.738329,62.1288],[8.73647,62.128861],[8.73479,62.129042],[8.733069,62.129365]],[[8.740394,62.128897],[8.740283,62.128887]],[[8.733069,62.129365],[8.724023,62.131487],[8.721753,62.132122],[8.719902,62.132808],[8.715079,62.134912],[8.70916,62.136981],[8.707505,62.13769],[8.705372,62.138797],[8.697788,62.143599]],[[8.683373,62.15226],[8.683314,62.152284]],[[8.685705,62.151203],[8.683373,62.15226]],[[8.669796,62.157901],[8.66577,62.15963],[8.661432,62.161114],[8.658857,62.162354]],[[8.669931,62.157838],[8.669796,62.157901]],[[8.658857,62.162354],[8.658655,62.162467]],[[8.658655,62.162467],[8.655253,62.16438]],[[8.6517,62.16636],[8.651631,62.166395]],[[8.652083,62.166157],[8.6517,62.16636]],[[8.651631,62.166395],[8.649515,62.167252],[8.645204,62.168433],[8.643112,62.169294]],[[8.678714,62.154171],[8.673725,62.156123],[8.670446,62.157596]],[[8.567778,62.189035],[8.567656,62.189045]],[[8.569503,62.188834],[8.567778,62.189035]],[[8.567656,62.189045],[8.564035,62.189335],[8.559964,62.189969]],[[8.555338,62.190353],[8.552166,62.190669]],[[8.555468,62.190345],[8.555338,62.190353]],[[8.548132,62.190989],[8.545931,62.191004],[8.543883,62.191196],[8.534558,62.1931],[8.532143,62.193492],[8.522828,62.194274]],[[8.522828,62.194274],[8.522723,62.194286]],[[8.521485,62.194481],[8.519615,62.194964],[8.516277,62.196156]],[[8.447088,62.217061],[8.439238,62.219691],[8.436766,62.220736],[8.433313,62.222468]],[[8.306611,62.234621],[8.306517,62.234619]],[[8.33634,62.233003],[8.336241,62.233033]],[[8.345004,62.230534],[8.34316,62.230817],[8.34116,62.231271],[8.339636,62.231746],[8.338097,62.232353]],[[8.349214,62.230298],[8.349038,62.2303]],[[8.349476,62.230297],[8.349214,62.230298]],[[8.351594,62.230285],[8.350014,62.230294]],[[8.351708,62.230284],[8.351594,62.230285]],[[8.329724,62.234283],[8.32279,62.235231],[8.317455,62.235818]],[[8.209633,62.254081],[8.207422,62.25551]],[[10.013284,62.824143],[10.013053,62.824348]],[[10.013356,62.827205],[10.014548,62.827797]],[[10.032031,62.817616],[10.030737,62.81743],[10.029616,62.817112]],[[10.037078,62.814224],[10.037662,62.815056],[10.037651,62.815792]],[[9.989062,62.774935],[9.989475,62.775628],[9.98955,62.776119],[9.989097,62.777382]],[[9.990312,62.76881],[9.989519,62.769849],[9.989461,62.770325],[9.989627,62.770943]],[[9.985482,62.751346],[9.985633,62.751704]],[[9.985391,62.75102],[9.985482,62.751346]],[[9.997324,62.725501],[9.997874,62.726454],[9.997941,62.727235],[9.997427,62.728081],[9.996459,62.728762]],[[9.955923,62.701033],[9.957998,62.70242],[9.959096,62.703557],[9.959576,62.704768],[9.959594,62.706838]],[[9.938864,62.691552],[9.939599,62.692444],[9.941659,62.693925],[9.943645,62.696286],[9.944811,62.697108],[9.946526,62.697821],[9.952993,62.699752],[9.955725,62.700927]],[[9.922686,62.671096],[9.924448,62.671591],[9.925951,62.672322]],[[9.918927,62.670551],[9.920438,62.670683],[9.922292,62.671011]],[[9.885493,62.654969],[9.886612,62.655937],[9.88831,62.658016],[9.889074,62.658719],[9.890228,62.659493],[9.893597,62.661375],[9.897878,62.665025]],[[9.749352,62.612006],[9.76589,62.62155],[9.770046,62.623713],[9.773867,62.625389],[9.776794,62.626511],[9.779992,62.627603],[9.786225,62.62952]],[[9.686967,62.590477],[9.689621,62.591656]],[[10.293744,63.041072],[10.297011,63.038496],[10.299763,63.036542],[10.300951,63.036082],[10.303599,63.035406],[10.306,63.03411],[10.306973,63.033789],[10.308105,63.033554]],[[10.289902,63.044194],[10.291325,63.043038]],[[10.28428,63.049007],[10.285131,63.05144]],[[10.285131,63.05144],[10.287204,63.057346]],[[10.285623,63.047859],[10.289902,63.044194]],[[10.282037,63.045625],[10.282758,63.046333]],[[10.287122,63.035093],[10.288325,63.035354],[10.289411,63.035772]],[[10.258503,63.029182],[10.26072,63.029885],[10.263977,63.030459],[10.265694,63.030913],[10.266949,63.031454],[10.268789,63.032492],[10.270797,63.033199]],[[10.234481,63.004971],[10.235379,63.005698],[10.235825,63.006394]],[[10.239925,62.993799],[10.238018,62.994611],[10.234894,62.99568]],[[10.239063,62.987425],[10.239182,62.9875]],[[10.219269,62.979013],[10.221286,62.979098],[10.222884,62.979352],[10.224435,62.979794],[10.22618,62.980478],[10.228505,62.981622],[10.23237,62.983946],[10.236412,62.985795],[10.239063,62.987425]],[[10.17793,62.967607],[10.179072,62.967974],[10.181833,62.968551],[10.184423,62.969272],[10.188647,62.97083],[10.192839,62.972196],[10.196203,62.973785],[10.197193,62.974068],[10.198591,62.974322]],[[10.17607,62.964519],[10.176007,62.965162]],[[10.182456,62.935447],[10.182921,62.937076],[10.18291,62.940353],[10.183516,62.943789],[10.183504,62.945916],[10.183259,62.94681],[10.182662,62.947974],[10.180548,62.95042],[10.17986,62.951436]],[[10.149739,62.921845],[10.151539,62.922452],[10.152485,62.922874],[10.153193,62.923386],[10.153622,62.923936]],[[10.128414,62.906921],[10.130458,62.907444],[10.131714,62.907891]],[[10.104935,62.886839],[10.105225,62.887731]],[[10.111156,62.897093],[10.114281,62.900129],[10.11846,62.902979]],[[10.104235,62.885571],[10.104905,62.886765]],[[10.063754,62.865312],[10.065788,62.86473],[10.067379,62.864485],[10.069258,62.864402],[10.071362,62.86452],[10.073899,62.864821],[10.076444,62.865343],[10.078767,62.866015],[10.080679,62.866822]],[[10.040538,62.869653],[10.043256,62.8696],[10.045933,62.869278],[10.050927,62.868071],[10.060575,62.866218],[10.063754,62.865312]],[[10.029868,62.867512],[10.031547,62.868359],[10.033691,62.868949],[10.038469,62.869555],[10.040538,62.869653]],[[10.022472,62.842357],[10.024907,62.848478],[10.025141,62.849472],[10.025033,62.850792],[10.023982,62.853166],[10.023525,62.854809],[10.023316,62.857885],[10.023507,62.86015],[10.02408,62.861419],[10.026387,62.864323],[10.028257,62.866305],[10.029868,62.867512]],[[10.014548,62.827797],[10.015982,62.828419],[10.017003,62.829072],[10.018715,62.831098],[10.021008,62.83274],[10.021665,62.833537],[10.021883,62.834253],[10.021841,62.834753],[10.020245,62.838113],[10.020109,62.839046],[10.020491,62.83993],[10.021853,62.841373],[10.022472,62.842357]],[[7.687862,62.567224],[7.695895,62.56713]],[[7.688297,62.560862],[7.687908,62.560905]],[[7.677854,62.564722],[7.678229,62.565403],[7.678888,62.565987],[7.679865,62.566507],[7.680953,62.566874],[7.682187,62.567125],[7.683384,62.567243],[7.687296,62.567232]],[[9.61953,62.530124],[9.621406,62.530319],[9.623737,62.530182]],[[9.623737,62.530182],[9.625439,62.530042],[9.626592,62.530066],[9.628183,62.530294],[9.629418,62.530648]],[[9.595507,62.509346],[9.596727,62.509435]],[[9.594934,62.509294],[9.595249,62.509322]],[[10.229377,63.101078],[10.228301,63.104801]],[[10.291752,63.161476],[10.294918,63.162553],[10.296777,63.163434],[10.298197,63.164538],[10.298988,63.165662]],[[10.281622,63.152599],[10.282021,63.152785]],[[10.271107,63.148961],[10.271251,63.149035]],[[10.238332,63.114311],[10.238581,63.114362]],[[10.238581,63.114362],[10.239944,63.114754]],[[10.228301,63.104801],[10.227953,63.106101]],[[10.23412,63.095382],[10.233723,63.095763]],[[10.298854,63.200797],[10.300272,63.206105]],[[10.336026,63.318245],[10.336123,63.319066],[10.336616,63.319735],[10.337424,63.320309],[10.339869,63.321654],[10.340477,63.322195],[10.340775,63.32268],[10.340871,63.323212],[10.340749,63.323723],[10.339482,63.325724]],[[10.34691,63.342884],[10.348016,63.343168],[10.349478,63.343725],[10.351306,63.344611],[10.352423,63.345271]],[[10.273645,63.286636],[10.273497,63.286763]],[[10.274064,63.2863],[10.273817,63.286496]],[[10.337193,63.308355],[10.337807,63.30925],[10.338034,63.310764],[10.339287,63.312216],[10.339506,63.313085],[10.339156,63.313871],[10.336698,63.316859],[10.336216,63.317669]],[[10.358258,63.353497],[10.35817,63.353809]],[[10.332307,63.303407],[10.333607,63.304322],[10.337193,63.308355]],[[10.381788,63.41969],[10.381705,63.419765]],[[10.381705,63.419765],[10.381009,63.420362]],[[10.392227,63.435334],[10.392165,63.435317]],[[10.380313,63.431816],[10.381055,63.43199]],[[10.409225,63.437058],[10.410468,63.437088]],[[10.393577,63.412427],[10.393638,63.412432]],[[10.372806,63.425286],[10.371966,63.425761]],[[10.375478,63.4307],[10.377822,63.431265]],[[10.374842,63.430408],[10.375513,63.430635]],[[10.410532,63.43709],[10.414307,63.437191]],[[10.371966,63.425761],[10.371234,63.426533]],[[10.371851,63.425735],[10.371124,63.426521]],[[10.372387,63.429201],[10.373057,63.429637]],[[10.372373,63.429076],[10.373164,63.429603]],[[10.382816,63.418645],[10.382462,63.419173]],[[10.382616,63.418589],[10.382231,63.419172]],[[10.363033,63.386026],[10.365021,63.386208],[10.366808,63.386677],[10.367722,63.387114],[10.369199,63.388151],[10.370543,63.38871]],[[10.352423,63.345271],[10.353962,63.346379]],[[10.784416,63.412889],[10.788168,63.412175]],[[10.802371,63.413122],[10.803773,63.413517]],[[10.77636,63.423947],[10.777693,63.422884]],[[10.898306,63.446146],[10.900068,63.446216]],[[10.882045,63.444594],[10.888449,63.44558],[10.890959,63.445891],[10.893418,63.446054],[10.900127,63.446317]],[[10.906392,63.446055],[10.907903,63.445949],[10.909042,63.445772]],[[10.903209,63.446219],[10.906392,63.446055]],[[10.916945,63.445484],[10.919169,63.445696],[10.921808,63.445667]],[[10.916817,63.445469],[10.916945,63.445484]],[[10.927804,63.446705],[10.928265,63.446815]],[[10.921808,63.445667],[10.922887,63.445719],[10.924203,63.445887],[10.927804,63.446705]],[[10.898179,63.446141],[10.898306,63.446146]],[[10.882045,63.444594],[10.886162,63.445194]],[[6.006697,58.461371],[6.004174,58.461315]],[[5.995559,58.461562],[5.994211,58.461857],[5.993159,58.46227]],[[5.643636,58.669876],[5.647115,58.674397]],[[5.685474,58.570926],[5.685322,58.570973]],[[5.685472,58.570923],[5.685322,58.570973]],[[5.691876,58.568916],[5.691715,58.568964]],[[5.901245,58.4826],[5.900351,58.483356]],[[5.642385,58.668222],[5.642544,58.668455]],[[5.642365,58.668225],[5.642544,58.668455]],[[5.646918,58.617055],[5.645192,58.621443]],[[5.645201,58.621445],[5.645155,58.62154]],[[5.645192,58.621443],[5.645155,58.62154]],[[5.649939,58.735872],[5.649974,58.735939]],[[5.708596,58.814961],[5.709638,58.815982]],[[5.700928,58.78602],[5.702408,58.787518]],[[5.702408,58.787518],[5.706378,58.791532]],[[5.704347,58.810815],[5.708596,58.814961]],[[5.734163,58.848565],[5.734239,58.848869]],[[5.732925,58.843598],[5.732957,58.843722]],[[5.738743,58.853795],[5.739494,58.854321]],[[5.738682,58.853821],[5.738175,58.853467]],[[5.740524,58.855038],[5.742118,58.856152]],[[5.739765,58.854577],[5.739594,58.854459]],[[5.734898,58.964481],[5.737429,58.96273]],[[5.73748,58.962759],[5.735592,58.964045]],[[5.734753,58.964585],[5.734898,58.964481]],[[5.734602,58.964679],[5.734753,58.964585]],[[5.7346,58.964869],[5.734524,58.964936]],[[5.722175,58.556936],[5.72111,58.557807],[5.720207,58.55835],[5.719142,58.558845],[5.717209,58.5595]],[[5.806054,58.516894],[5.805973,58.517094]],[[5.807825,58.502529],[5.804402,58.503831]],[[5.814304,58.498937],[5.813057,58.499339]],[[5.889791,58.488624],[5.886528,58.488296],[5.884931,58.488298],[5.883035,58.488567],[5.881604,58.488999]],[[5.896471,58.486668],[5.896348,58.486772]],[[5.953799,58.471334],[5.950834,58.471674],[5.94764,58.47174]],[[5.966275,58.47169],[5.964488,58.471875]],[[5.982157,58.467681],[5.982095,58.467703]],[[5.983024,58.467369],[5.982157,58.467681]],[[5.993159,58.46227],[5.992496,58.462667],[5.991971,58.463132]],[[5.997153,58.461456],[5.995559,58.461562]],[[6.034113,58.48905],[6.029812,58.482517],[6.029002,58.480623],[6.028555,58.480103],[6.027009,58.478751]],[[6.091736,58.518425],[6.083367,58.517194],[6.078697,58.516977],[6.071638,58.516247],[6.070058,58.51596],[6.065144,58.514679],[6.053501,58.512608],[6.051588,58.512394],[6.049838,58.512426]],[[6.146683,58.531878],[6.142012,58.530605]],[[6.159713,58.535446],[6.159615,58.535364]],[[5.67423,58.576228],[5.6741,58.57643]],[[5.646093,58.721697],[5.646957,58.725005]],[[7.492248,58.24723],[7.491712,58.247869],[7.490708,58.24863],[7.48868,58.249995],[7.486595,58.2512],[7.486038,58.251784],[7.485338,58.253141],[7.484645,58.253793],[7.483805,58.254245],[7.481453,58.255063],[7.480118,58.25581]],[[7.448469,58.267625],[7.446983,58.267889],[7.4457,58.267925],[7.444616,58.267821],[7.442026,58.267388],[7.440249,58.26735],[7.43851,58.267646],[7.437793,58.267892],[7.436944,58.26833]],[[7.358052,58.324207],[7.219569,58.331954]],[[6.834813,58.383905],[6.831128,58.383484]],[[6.831128,58.383484],[6.821317,58.382386]],[[6.948169,58.382676],[6.947679,58.38269]],[[6.959853,58.378619],[6.959584,58.378753]],[[6.960269,58.378425],[6.960011,58.378543]],[[7.008761,58.372557],[6.983314,58.371228]],[[7.018881,58.366783],[7.015534,58.370002]],[[7.015534,58.370002],[7.014168,58.371297],[7.013374,58.371817],[7.012172,58.37228],[7.010826,58.372536]],[[7.042402,58.347851],[7.042428,58.348358],[7.042699,58.348952]],[[7.204017,58.331325],[7.051361,58.342508]],[[7.204333,58.331303],[7.204017,58.331325]],[[6.954853,58.381112],[6.954094,58.381459]],[[6.647154,58.427932],[6.617506,58.439094]],[[6.617506,58.439094],[6.612221,58.441083]],[[6.609363,58.442159],[6.609218,58.442212]],[[6.609218,58.442212],[6.609066,58.442265]],[[6.61058,58.441701],[6.609363,58.442159]],[[6.655593,58.424751],[6.647154,58.427932]],[[6.728472,58.411592],[6.681477,58.421879]],[[6.743692,58.406737],[6.74254,58.407523]],[[6.729605,58.411338],[6.728472,58.411592]],[[6.729999,58.411251],[6.729605,58.411338]],[[6.744082,58.406479],[6.743692,58.406737]],[[6.747815,58.405282],[6.746763,58.405402],[6.745817,58.405627],[6.745023,58.405926],[6.744082,58.406479]],[[6.655122,58.412044],[6.655068,58.412048]],[[6.54997,58.458844],[6.549595,58.459005]],[[6.549595,58.459005],[6.549191,58.459178]],[[6.553953,58.455746],[6.553808,58.455982]],[[12.077348,63.319831],[12.073253,63.320421],[12.071461,63.32093]],[[12.085941,63.318657],[12.077557,63.319801]],[[12.077557,63.319801],[12.077348,63.319831]],[[12.064171,63.332965],[12.064292,63.333587],[12.063999,63.334382]],[[12.06172,63.336306],[12.060416,63.336859]],[[12.063999,63.334382],[12.06368,63.334849],[12.062846,63.3356],[12.06172,63.336306]],[[10.403509,59.289374],[10.401428,59.291538],[10.39942,59.293369]],[[10.391206,59.32262],[10.393309,59.3247]],[[10.235857,59.662468],[10.245524,59.677132]],[[10.245449,59.677144],[10.23578,59.662481]],[[6.222278,58.551245],[6.220424,58.551313],[6.218488,58.551003]],[[6.229983,58.549456],[6.228399,58.549736],[6.225083,58.550728],[6.222278,58.551245]],[[6.340028,58.530882],[6.338965,58.531834],[6.337734,58.532417],[6.33634,58.532745],[6.332178,58.533108],[6.330761,58.53339],[6.329421,58.533891],[6.324676,58.536204],[6.323779,58.536711],[6.323106,58.537346],[6.322792,58.537982],[6.322593,58.539126],[6.322061,58.539922],[6.321536,58.540337],[6.320816,58.540718],[6.319143,58.541228]],[[6.350223,58.525338],[6.348145,58.525917],[6.347022,58.526407],[6.341409,58.529826]],[[6.34042,58.530517],[6.340102,58.530809]],[[6.341409,58.529826],[6.34042,58.530517]],[[6.361084,58.499585],[6.360328,58.516727]],[[6.353951,58.493954],[6.355644,58.494748],[6.359983,58.497593],[6.360801,58.498515],[6.361084,58.499585]],[[6.35118,58.493032],[6.351924,58.493319]],[[6.445799,58.477834],[6.445516,58.47781]],[[6.446148,58.477854],[6.445799,58.477834]],[[6.363309,58.474549],[6.362912,58.475127],[6.362405,58.475604],[6.358676,58.477883],[6.357766,58.478709]],[[6.368807,58.465759],[6.367532,58.466297],[6.366642,58.467022],[6.366306,58.467579],[6.365727,58.469447],[6.364627,58.470893]],[[6.423042,58.474799],[6.421356,58.474462]],[[6.452843,58.47804],[6.447417,58.477896]],[[6.447417,58.477896],[6.447084,58.477892]],[[6.488738,58.486437],[6.484964,58.485048],[6.482064,58.483812]],[[6.528048,58.464518],[6.526075,58.465513],[6.523178,58.467449],[6.520888,58.468805],[6.520158,58.469358],[6.517131,58.472241],[6.515296,58.475405],[6.514692,58.47609],[6.513619,58.477004]],[[6.532774,58.461062],[6.531684,58.461512],[6.531025,58.461928],[6.529148,58.463812],[6.528048,58.464518]],[[7.984139,58.145687],[7.983163,58.145775]],[[7.983842,58.145795],[7.984553,58.145774]],[[7.980663,58.146049],[7.981716,58.145871],[7.98248,58.145835]],[[7.983163,58.145775],[7.981719,58.145832],[7.980527,58.146037]],[[7.966294,58.15226],[7.963307,58.152011],[7.962171,58.152021],[7.960545,58.152277],[7.959259,58.152725]],[[7.929834,58.154379],[7.927235,58.154594]],[[7.953093,58.161061],[7.954037,58.159821],[7.955413,58.156613],[7.957006,58.154512]],[[7.930358,58.187741],[7.930401,58.187537]],[[7.941672,58.174914],[7.94227,58.173904]],[[7.936118,58.182307],[7.937332,58.181388],[7.938192,58.18047],[7.940456,58.177012],[7.941672,58.174914]],[[7.949987,58.165873],[7.952066,58.162282],[7.953093,58.161061]],[[7.949987,58.165873],[7.950136,58.165503]],[[7.819021,58.169584],[7.813189,58.172842],[7.809858,58.175074]],[[7.83731,58.155341],[7.837101,58.15552]],[[7.873202,58.156452],[7.872247,58.156233],[7.871455,58.155942],[7.870767,58.155569],[7.870166,58.155096]],[[7.877915,58.1561],[7.877407,58.156223]],[[7.506593,58.223727],[7.505869,58.224942]],[[7.513663,58.208082],[7.512198,58.213355],[7.511704,58.215729],[7.511248,58.216861],[7.510574,58.218027]],[[7.510574,58.218027],[7.50844,58.221425],[7.506593,58.223727]],[[7.540737,58.186908],[7.54064,58.187455]],[[7.608524,58.199016],[7.607324,58.198205]],[[7.638113,58.208542],[7.635436,58.208833],[7.632248,58.208755]],[[7.6653,58.209247],[7.663431,58.209324]],[[7.68101,58.205527],[7.679227,58.20551],[7.678149,58.205613],[7.674824,58.206431],[7.672939,58.206798]],[[7.71227,58.19953],[7.709568,58.200088],[7.707175,58.200719]],[[7.722788,58.199828],[7.715821,58.199384]],[[7.736607,58.201158],[7.735037,58.200914],[7.732285,58.199992]],[[7.779544,58.202407],[7.7786,58.202644],[7.777379,58.202778]],[[7.782435,58.200103],[7.782087,58.20056]],[[7.791508,58.191331],[7.790294,58.192141]],[[10.231423,59.742873],[10.23249,59.743477],[10.237817,59.746048]],[[10.211064,59.737401],[10.212005,59.737106]],[[10.552834,59.897113],[10.551032,59.897223]],[[10.558484,59.89823],[10.560225,59.898822],[10.562128,59.899124],[10.563584,59.89917],[10.569972,59.899074]],[[10.569974,59.899114],[10.563778,59.899208],[10.562269,59.899172],[10.560192,59.898856],[10.558434,59.898259]],[[10.536183,59.896135],[10.537128,59.896372]],[[10.540569,59.897465],[10.538617,59.897102],[10.536685,59.896623]],[[10.503402,59.890068],[10.500754,59.889543]],[[10.507886,59.890622],[10.511107,59.890897],[10.515022,59.890935]],[[10.514981,59.890972],[10.511098,59.890941],[10.507465,59.890622]],[[10.499674,59.879555],[10.495468,59.87773],[10.493521,59.877053],[10.491794,59.876576]],[[10.49962,59.879583],[10.495078,59.877631],[10.491765,59.87661]],[[10.460857,59.866822],[10.459933,59.865809]],[[10.460755,59.866849],[10.45977,59.865783]],[[10.461089,59.860571],[10.461342,59.860078]],[[10.460843,59.860783],[10.461234,59.859895]],[[10.461234,59.859895],[10.461974,59.858345]],[[10.461342,59.860078],[10.462252,59.858303]],[[10.437489,59.835366],[10.437448,59.835335]],[[10.437448,59.835382],[10.43673,59.834922]],[[10.456422,59.843805],[10.453126,59.842124]],[[10.45628,59.843868],[10.453045,59.842157]],[[10.432112,59.831055],[10.431779,59.830542],[10.431711,59.830062],[10.4323,59.828548],[10.432325,59.827973]],[[10.432302,59.831379],[10.43113,59.830399]],[[10.435921,59.834386],[10.435198,59.833853]],[[10.436318,59.834663],[10.435921,59.834386]],[[10.435127,59.833876],[10.435848,59.83441]],[[10.435848,59.83441],[10.436209,59.83469]],[[10.429195,59.828745],[10.429128,59.828688]],[[10.676298,59.923075],[10.674972,59.923195]],[[10.683801,59.920933],[10.685844,59.920346]],[[10.66072,59.918694],[10.661618,59.91906]],[[10.662154,59.919386],[10.661137,59.918931]],[[10.763064,59.909213],[10.760078,59.909928]],[[10.749868,59.911941],[10.750155,59.911863]],[[10.748931,59.912147],[10.749868,59.911941]],[[10.750174,59.911931],[10.748965,59.912197]],[[10.725583,59.915429],[10.729453,59.91506]],[[10.7212,59.916441],[10.72333,59.915777],[10.725583,59.915429]],[[10.72039,59.916674],[10.7212,59.916441]],[[10.718491,59.917174],[10.72039,59.916674]],[[10.720114,59.916837],[10.719548,59.916973]],[[10.577059,59.899746],[10.575891,59.899413]],[[10.575927,59.899369],[10.577134,59.899665]],[[10.392879,63.435564],[10.39291,63.435572]],[[9.748941,61.594635],[9.752329,61.593436]],[[9.741926,61.598476],[9.742455,61.597757]],[[9.694972,59.122946],[9.696087,59.123546]],[[10.764868,59.908366],[10.766653,59.908101]],[[10.769512,59.907734],[10.767933,59.908011]],[[10.767935,59.90797],[10.770665,59.907492]],[[10.760622,59.908778],[10.761519,59.90866]],[[10.761731,59.908585],[10.760615,59.908711]],[[10.764214,59.90839],[10.763136,59.908564]],[[10.633196,59.914039],[10.631504,59.914415]],[[10.631476,59.914375],[10.633166,59.914]],[[10.605349,59.907527],[10.604247,59.907244]],[[10.604282,59.907204],[10.605406,59.907462]],[[10.605406,59.907462],[10.607524,59.908045],[10.609688,59.908869]],[[10.609664,59.908947],[10.608216,59.908415],[10.605349,59.907527]],[[10.556833,59.897589],[10.558484,59.89823]],[[10.558434,59.898259],[10.556765,59.897638]],[[10.551012,59.897186],[10.552846,59.897051]],[[10.467663,59.850275],[10.467128,59.849644],[10.465248,59.848119]],[[10.467463,59.850282],[10.465152,59.848147]],[[11.031938,59.952495],[11.032703,59.952475]],[[11.032707,59.952517],[11.031944,59.952541]],[[10.822634,59.908434],[10.815328,59.908814]],[[10.81532,59.908771],[10.82263,59.908385]],[[11.051061,59.95418],[11.050766,59.954173]],[[11.050769,59.954133],[11.051977,59.954154]],[[11.039879,59.952474],[11.039215,59.95243]],[[11.101441,60.201462],[11.101091,60.20084]],[[11.101411,60.200797],[11.101747,60.201424]],[[11.106256,60.20979],[11.104252,60.206319]],[[11.098133,60.196061],[11.096797,60.193892]],[[11.098818,60.195985],[11.099617,60.197677]],[[10.763038,59.909169],[10.759125,59.910112]],[[11.086116,59.999398],[11.086355,59.999586]],[[11.097617,60.006564],[11.097744,60.006722]],[[11.128669,60.039891],[11.129127,60.040474]],[[11.153393,60.117956],[11.154716,60.118307]],[[11.250358,60.328064],[11.249087,60.328812]],[[11.248185,60.33099],[11.248068,60.331775]],[[11.255985,60.325952],[11.255851,60.325991]],[[11.239172,60.313654],[11.239572,60.314333]],[[11.216396,60.295639],[11.217125,60.29647],[11.218136,60.297342]],[[11.209014,60.287492],[11.209231,60.288491],[11.210429,60.289944]],[[11.199491,60.246446],[11.199362,60.246167]],[[11.205213,60.251193],[11.205478,60.251812],[11.205581,60.252564]],[[11.213519,60.281043],[11.213547,60.281196]],[[11.213412,60.2805],[11.213519,60.281043]],[[11.213547,60.281196],[11.213691,60.282164],[11.213593,60.282837],[11.213139,60.283656],[11.212574,60.284166]],[[11.198095,60.244421],[11.198897,60.245279],[11.199362,60.246167]],[[11.192254,60.238844],[11.192597,60.240127],[11.193417,60.241153],[11.194442,60.241969],[11.198095,60.244421]],[[11.178939,60.146477],[11.179078,60.146793]],[[10.790766,59.905323],[10.792425,59.905524]],[[10.766822,59.908166],[10.767624,59.908025]],[[10.767508,59.908085],[10.766987,59.908178]],[[10.766945,59.908058],[10.767627,59.907943]],[[10.817206,59.908002],[10.805879,59.906245],[10.80311,59.905981]],[[10.803076,59.905941],[10.805901,59.906208],[10.817227,59.907967]],[[10.141656,61.518018],[10.141793,61.518153]],[[10.14101,61.517264],[10.141656,61.518018]],[[10.141387,61.513527],[10.140567,61.515678],[10.140668,61.516574],[10.14101,61.517264]],[[10.14162,61.513011],[10.141387,61.513527]],[[10.165661,61.472849],[10.165645,61.472905]],[[10.165867,61.470801],[10.165874,61.471808],[10.165661,61.472849]],[[10.167504,61.481163],[10.167678,61.481883],[10.167591,61.482487],[10.16484,61.488809],[10.164791,61.4898],[10.16524,61.491608],[10.165135,61.492177],[10.164717,61.492923]],[[10.165811,61.470373],[10.165867,61.470801]],[[9.36982,60.430535],[9.369733,60.430531]],[[9.376431,60.430926],[9.36982,60.430535]],[[11.387045,59.120881],[11.38746,59.120916]],[[10.477906,61.112602],[10.478321,61.113265]],[[11.258315,63.440023],[11.25903,63.440213]],[[8.680725,58.640517],[8.68,58.639209],[8.679899,58.638242],[8.680145,58.637469],[8.681152,58.635563],[8.681725,58.634723],[8.682483,58.634082],[8.68943,58.629987],[8.69175,58.628478]],[[8.650771,58.510729],[8.649871,58.510019],[8.649388,58.509445],[8.648399,58.507108]],[[8.648399,58.507108],[8.647592,58.506072],[8.644802,58.503497]],[[8.623227,58.479325],[8.622157,58.478416],[8.621587,58.477725],[8.618695,58.472127],[8.61859,58.471318],[8.618837,58.47065],[8.619351,58.470126],[8.620444,58.469544]],[[8.620444,58.469544],[8.624742,58.468056]],[[8.624742,58.468056],[8.625667,58.467787],[8.626613,58.467646],[8.62779,58.467628],[8.628708,58.467738],[8.630081,58.468147],[8.631676,58.469199],[8.633042,58.469733],[8.635975,58.470284],[8.636838,58.470345],[8.638019,58.470282],[8.63886,58.470125],[8.641864,58.469305],[8.645099,58.468666],[8.646179,58.46834],[8.647254,58.467707],[8.648455,58.466449],[8.649298,58.465758],[8.650562,58.464943],[8.651473,58.464555],[8.652294,58.464351],[8.653388,58.464231],[8.654408,58.464254],[8.655229,58.464374]],[[8.707798,58.465995],[8.711229,58.466024]],[[8.711229,58.466024],[8.713237,58.465925],[8.716106,58.46548]],[[8.765831,58.466882],[8.765992,58.466822]],[[9.693407,59.121999],[9.694105,59.122424]],[[7.934495,58.228764],[7.933975,58.227786],[7.933861,58.227064]],[[7.933311,58.223075],[7.932979,58.222673]],[[7.966225,58.250356],[7.965555,58.24931],[7.964925,58.248757],[7.963732,58.248171],[7.962517,58.247857]],[[7.973744,58.261351],[7.972511,58.260519],[7.972004,58.260002],[7.971675,58.259239],[7.971371,58.25711],[7.970968,58.256501],[7.970133,58.255825]],[[7.976774,58.268466],[7.976728,58.26735],[7.977494,58.265765],[7.977498,58.264908]],[[7.981227,58.286791],[7.980917,58.285764]],[[7.980006,58.298552],[7.980226,58.298069]],[[8.004704,58.314027],[8.003491,58.313473],[8.001656,58.312842]],[[8.006628,58.315473],[8.006332,58.315167]],[[8.066728,58.367701],[8.064634,58.366248],[8.06099,58.36294],[8.058164,58.360575],[8.05692,58.359771],[8.054343,58.358487],[8.053214,58.357759],[8.05266,58.357243],[8.050717,58.354952],[8.049485,58.354016]],[[8.089036,58.418746],[8.088293,58.417108],[8.087155,58.415148],[8.08651,58.413478]],[[8.091992,58.431179],[8.091044,58.429832]],[[8.119442,58.44701],[8.117956,58.446265],[8.116781,58.445794],[8.108303,58.443135]],[[8.127567,58.450253],[8.126126,58.450076],[8.125142,58.449836],[8.123058,58.448875]],[[8.13234,58.45237],[8.130402,58.451027],[8.129575,58.450669],[8.128682,58.45042]],[[8.18411,58.484757],[8.183171,58.483901],[8.182134,58.483303],[8.179153,58.482226],[8.176262,58.480829],[8.173526,58.479904],[8.170549,58.478299]],[[8.195281,58.495745],[8.194956,58.494929],[8.193703,58.492672],[8.193259,58.490598],[8.192446,58.489482],[8.191575,58.488799],[8.190845,58.488382],[8.185672,58.485973],[8.184705,58.485307],[8.18411,58.484757]],[[8.200034,58.505154],[8.198606,58.502703],[8.198368,58.501734],[8.198306,58.500311],[8.198091,58.499645],[8.197579,58.498949],[8.196277,58.497874],[8.195822,58.497355],[8.195281,58.495745]],[[8.226014,58.517815],[8.225411,58.516601],[8.224951,58.514756],[8.224425,58.514154],[8.223569,58.513604],[8.215954,58.510461],[8.214595,58.510089],[8.211951,58.509607],[8.210852,58.509335],[8.209533,58.508859],[8.207802,58.508035],[8.206914,58.507739],[8.203383,58.507112],[8.202069,58.506747],[8.200844,58.506082],[8.200034,58.505154]],[[8.266113,58.532223],[8.265617,58.532184]],[[8.313635,58.529579],[8.313279,58.529578]],[[8.333846,58.531109],[8.332823,58.531447]],[[8.332823,58.531447],[8.331301,58.5317]],[[8.331301,58.5317],[8.329479,58.531676],[8.327452,58.531248]],[[8.340473,58.530954],[8.339589,58.530714]],[[8.3601,58.54056],[8.359211,58.539485],[8.357919,58.538551],[8.35093,58.535298]],[[8.396116,58.583348],[8.395327,58.582595],[8.394485,58.581092],[8.39398,58.580466],[8.393094,58.579804],[8.391099,58.578816]],[[8.419966,58.602606],[8.419719,58.602204],[8.419138,58.601654],[8.416038,58.599975],[8.41337,58.597738],[8.412375,58.597211],[8.410475,58.596581]],[[8.420395,58.603647],[8.420114,58.60296]],[[8.440852,58.610736],[8.440377,58.610705]],[[8.460516,58.616021],[8.459419,58.615922],[8.457665,58.615919]],[[8.489363,58.631286],[8.489121,58.631182]],[[8.488457,58.630913],[8.486525,58.630205],[8.482418,58.629127],[8.480848,58.62846],[8.479701,58.627756]],[[8.489121,58.631182],[8.488457,58.630913]],[[8.518653,58.631073],[8.517876,58.631273]],[[8.520296,58.630617],[8.518653,58.631073]],[[8.521882,58.629774],[8.521315,58.630162]],[[8.521315,58.630162],[8.520296,58.630617]],[[8.522029,58.629667],[8.521882,58.629774]],[[8.527657,58.627492],[8.525515,58.62792],[8.524387,58.628269],[8.523241,58.628808],[8.522213,58.629527]],[[8.527888,58.627448],[8.527657,58.627492]],[[8.560275,58.636699],[8.559512,58.636184],[8.558505,58.635182],[8.55769,58.634653],[8.554988,58.633436],[8.552746,58.632558],[8.551106,58.632209],[8.548735,58.632051],[8.545845,58.63195],[8.542366,58.632114],[8.540664,58.631913],[8.539297,58.631509],[8.538153,58.630959],[8.537387,58.630395],[8.536202,58.629199],[8.535607,58.628739]],[[8.574153,58.645548],[8.572774,58.64432]],[[8.108303,58.443135],[8.1079,58.443009]],[[8.123058,58.448875],[8.119442,58.44701]],[[8.360262,58.540856],[8.3601,58.54056]],[[8.35093,58.535298],[8.350052,58.534884]],[[8.242227,58.525237],[8.242093,58.525201]],[[8.230848,58.521664],[8.229463,58.521161],[8.228345,58.520543]],[[8.535607,58.628739],[8.53439,58.62805]],[[8.72587,58.690935],[8.720931,58.688086]],[[11.05074,59.265571],[11.051357,59.265783]],[[11.14203,59.270783],[11.142974,59.269435]],[[11.165434,59.241129],[11.168651,59.238543]],[[10.759019,59.909288],[10.760932,59.908923]],[[10.759019,59.909288],[10.760802,59.908999]],[[10.764868,59.908366],[10.764718,59.908383]],[[10.766989,59.908095],[10.764868,59.908366]],[[11.199568,60.246471],[11.200095,60.247342],[11.200738,60.247926],[11.203718,60.249524],[11.204554,60.250178]],[[7.198813,60.720089],[7.198695,60.720393]],[[12.00361,60.608285],[11.997535,60.608713],[11.995171,60.608974],[11.991192,60.609549],[11.989336,60.609568],[11.986657,60.609266]],[[10.902344,63.548142],[10.902456,63.548248]],[[10.902456,63.548248],[10.902737,63.548522]],[[11.47467,63.779115],[11.474024,63.78153]],[[11.45519,63.810051],[11.453783,63.810688],[11.452813,63.811256],[11.451908,63.811943],[11.451275,63.812597],[11.450712,63.813477],[11.450487,63.81415],[11.450456,63.815633]],[[11.455361,63.809985],[11.45519,63.810051]],[[12.362787,64.239715],[12.367308,64.240559]],[[10.197484,59.741552],[10.196623,59.741605]],[[5.339244,60.387764],[5.336206,60.389003]],[[5.424238,60.35138],[5.423266,60.351481],[5.422018,60.351436]],[[5.418053,60.349838],[5.414341,60.348471],[5.413339,60.347868]],[[11.117524,59.286637],[11.117633,59.286559]],[[8.063082,60.48909],[8.063156,60.489121]],[[6.437761,60.638379],[6.43741,60.63808]],[[6.437817,60.638425],[6.437761,60.638379]],[[10.415052,59.76621],[10.414906,59.766082]],[[10.414906,59.766082],[10.409218,59.761497],[10.407656,59.759972],[10.405395,59.757451],[10.404118,59.756278],[10.402422,59.754998],[10.399847,59.753499]],[[10.418635,59.772697],[10.416407,59.767907],[10.41581,59.767007],[10.415052,59.76621]],[[10.418684,59.772803],[10.418635,59.772697]],[[10.076938,59.748379],[10.076665,59.748406]],[[10.076665,59.748406],[10.071841,59.748879]],[[10.661561,59.437999],[10.659822,59.436806]],[[10.662159,59.438404],[10.661561,59.437999]],[[5.735592,58.964045],[5.735011,58.964488]],[[10.751623,59.911379],[10.752257,59.911097]],[[7.966774,58.251288],[7.966225,58.250356]],[[10.752621,59.911553],[10.751678,59.911658]],[[7.98248,58.145835],[7.9832,58.145817]],[[10.748108,59.912352],[10.747799,59.912408]],[[10.748072,59.912304],[10.748931,59.912147]],[[10.382942,63.418407],[10.382816,63.418645]],[[10.383055,63.418158],[10.382942,63.418407]],[[10.382729,63.418374],[10.382616,63.418589]],[[10.382834,63.418142],[10.382729,63.418374]],[[9.654468,59.664457],[9.654304,59.665422],[9.654635,59.666418]],[[9.65449,59.664406],[9.654468,59.664457]],[[5.341057,60.387024],[5.340915,60.387083]],[[8.706116,58.576861],[8.702978,58.574522],[8.698146,58.571855],[8.697309,58.571245],[8.696892,58.570723],[8.696688,58.570192],[8.696853,58.568682],[8.696546,58.567927],[8.693524,58.565398],[8.690535,58.562203],[8.689342,58.561386],[8.686193,58.559677],[8.685193,58.55926],[8.683478,58.558742],[8.682789,58.558431],[8.682195,58.558008],[8.681108,58.556984]],[[8.706164,58.576906],[8.706116,58.576861]],[[6.105302,58.518886],[6.104754,58.51894]],[[6.105445,58.518872],[6.105302,58.518886]],[[7.616668,58.201075],[7.615886,58.200718],[7.614986,58.200452],[7.613949,58.20028],[7.612582,58.200178]],[[7.616785,58.201144],[7.616668,58.201075]],[[5.734901,58.850685],[5.734985,58.850819]],[[5.73455,58.849963],[5.734901,58.850685]],[[5.73492,58.850839],[5.734836,58.850703]],[[5.735327,58.851369],[5.73492,58.850839]],[[5.691944,58.568894],[5.691876,58.568916]],[[7.715708,58.199378],[7.715411,58.199358]],[[5.967351,58.471476],[5.966275,58.47169]],[[5.967534,58.471433],[5.967351,58.471476]],[[5.744478,58.859392],[5.744826,58.862779]],[[5.744468,58.859293],[5.744478,58.859392]],[[5.744403,58.859395],[5.74439,58.8593]],[[5.744752,58.86278],[5.744403,58.859395]],[[7.572116,58.175393],[7.571601,58.175357]],[[7.572284,58.175406],[7.572116,58.175393]],[[6.978979,58.371217],[6.978811,58.37123]],[[6.983314,58.371228],[6.981072,58.371143],[6.978979,58.371217]],[[5.896348,58.486772],[5.89618,58.486912]],[[6.610653,58.441674],[6.61058,58.441701]],[[6.612221,58.441083],[6.610653,58.441674]],[[6.280875,58.545622],[6.279648,58.545918],[6.278196,58.546129]],[[6.281621,58.545382],[6.280875,58.545622]],[[6.277539,58.54619],[6.275026,58.546414],[6.272747,58.546746]],[[6.278196,58.546129],[6.277539,58.54619]],[[6.270074,58.54732],[6.269642,58.547416]],[[6.271342,58.547043],[6.270074,58.54732]],[[9.063849,60.621136],[9.062595,60.62181],[9.061881,60.622401]],[[9.066605,60.619704],[9.064387,60.620877]],[[9.064321,60.62091],[9.063849,60.621136]],[[9.064387,60.620877],[9.064321,60.62091]],[[9.102759,60.583607],[9.102661,60.583671]],[[9.109039,60.579544],[9.102759,60.583607]],[[7.568513,60.578322],[7.566485,60.579959],[7.563879,60.581573]],[[7.124529,60.739178],[7.124289,60.739095]],[[7.206356,60.718547],[7.204517,60.718409]],[[5.737687,60.553046],[5.737529,60.552937]],[[5.600228,60.429227],[5.599935,60.429195]],[[5.600988,60.429276],[5.600228,60.429227]],[[10.842669,63.536323],[10.842848,63.536377]],[[10.432692,63.440001],[10.432819,63.440021]],[[8.083845,58.405897],[8.084488,58.405328]],[[9.148359,58.987236],[9.148628,58.986319]],[[8.840982,58.752376],[8.839651,58.750971],[8.835845,58.747892],[8.834549,58.747253],[8.831988,58.746487],[8.831095,58.746146],[8.829573,58.745382],[8.828359,58.744539]],[[8.841094,58.752505],[8.840982,58.752376]],[[8.671405,58.655712],[8.670283,58.655786]],[[8.919533,58.782769],[8.918741,58.782672]],[[8.918573,58.782651],[8.91701,58.782462]],[[8.090685,58.395756],[8.091009,58.394551]],[[9.057389,58.856117],[9.05791,58.855954]],[[9.086778,59.052982],[9.087176,59.052008],[9.087086,59.051147]],[[9.086713,59.053101],[9.086778,59.052982]],[[9.087186,59.049391],[9.087386,59.049129]],[[9.087157,59.049438],[9.087186,59.049391]],[[9.091431,58.907378],[9.091196,58.907359]],[[9.094483,58.908271],[9.093141,58.907701],[9.091431,58.907378]],[[11.06023,63.45609],[11.092732,63.460261]],[[11.060114,63.456075],[11.06023,63.45609]],[[11.2001,63.445454],[11.200209,63.445432]],[[11.756523,63.411248],[11.756585,63.411179]],[[11.755112,63.414103],[11.755648,63.412485],[11.756523,63.411248]],[[11.843958,63.395684],[11.843962,63.395607]],[[11.841628,63.39996],[11.84272,63.399146],[11.843472,63.398226],[11.843872,63.397207],[11.843958,63.395684]],[[12.013114,63.36566],[12.013212,63.36564]],[[11.997354,63.366144],[11.999708,63.365786],[12.001303,63.365712],[12.00249,63.365755],[12.008104,63.366229],[12.00927,63.366248],[12.01097,63.366092],[12.013114,63.36566]],[[11.117383,63.46034],[11.11752,63.460327]],[[11.111155,63.460915],[11.117383,63.46034]],[[11.715257,63.437954],[11.715327,63.437917]],[[11.027758,63.451877],[11.028005,63.451923]],[[10.880958,63.444418],[10.882045,63.444594]],[[10.383107,63.409522],[10.383125,63.409676]],[[10.287481,63.259224],[10.29296,63.269781]],[[10.287447,63.259161],[10.287481,63.259224]],[[10.308938,63.211317],[10.309117,63.211383]],[[10.308729,63.211235],[10.308938,63.211317]],[[10.33619,63.317732],[10.336026,63.318245]],[[10.336216,63.317669],[10.33619,63.317732]],[[8.48485,62.204166],[8.484758,62.204206]],[[8.494245,62.201117],[8.491276,62.20179],[8.489292,62.202352]],[[8.494476,62.201066],[8.494245,62.201117]],[[8.510704,62.19745],[8.494476,62.201066]],[[9.127,62.070691],[9.127531,62.071919]],[[8.863552,62.118902],[8.856959,62.118702]],[[8.863688,62.11891],[8.863552,62.118902]],[[9.094603,62.092647],[9.094478,62.092645]],[[9.1043,62.092998],[9.10049,62.092746],[9.094603,62.092647]],[[9.792793,61.584046],[9.792953,61.584043]],[[9.779721,61.585529],[9.782665,61.584975],[9.785509,61.584569],[9.789265,61.584214],[9.792793,61.584046]],[[10.284129,61.296992],[10.285054,61.297818],[10.286951,61.299124],[10.288576,61.300601],[10.291029,61.302264],[10.291998,61.303065],[10.293278,61.304597],[10.294477,61.306659],[10.295891,61.30819]],[[10.27785,61.29365],[10.2779,61.29372]],[[10.280387,61.320338],[10.280256,61.3204]],[[10.288122,61.316957],[10.287197,61.317652],[10.285799,61.318404],[10.284648,61.318854],[10.281886,61.319727],[10.280387,61.320338]],[[9.967501,61.54708],[9.965573,61.546693],[9.964271,61.546542],[9.962715,61.546486],[9.960577,61.546593],[9.956028,61.546973]],[[10.41955,61.145161],[10.419674,61.146614],[10.419305,61.14784],[10.418719,61.148725],[10.416483,61.151152]],[[11.247422,59.985615],[11.251523,59.984603]],[[11.238764,59.985444],[11.241061,59.98583]],[[10.377972,60.228368],[10.378403,60.227579]],[[10.377427,60.229354],[10.377884,60.228526]],[[10.378403,60.227579],[10.37865,60.22687],[10.378444,60.226137],[10.375694,60.223306],[10.374654,60.222673],[10.369029,60.220164],[10.367339,60.219283]],[[10.378231,60.233913],[10.378189,60.23389]],[[10.378189,60.23389],[10.377133,60.233107],[10.376511,60.232135],[10.376489,60.231188],[10.376986,60.230155]],[[10.399802,60.237812],[10.398501,60.237273],[10.397212,60.237006],[10.39538,60.236942],[10.391385,60.23711],[10.39007,60.236943],[10.388979,60.236637]],[[9.129748,62.087407],[9.129634,62.087503]],[[9.131481,62.078944],[9.131215,62.085191]],[[9.144196,62.086689],[9.144685,62.087463]],[[9.144124,62.086618],[9.144196,62.086689]],[[11.213234,60.279826],[11.213412,60.2805]],[[11.213182,60.279677],[11.213234,60.279826]],[[11.212533,60.27834],[11.212628,60.278486]],[[11.212628,60.278486],[11.213182,60.279677]],[[11.206238,60.2638],[11.206652,60.264541],[11.207773,60.26585],[11.209749,60.26783],[11.210617,60.2693],[11.210939,60.270811],[11.210485,60.273139],[11.210404,60.27459],[11.210694,60.275807],[11.211311,60.276805],[11.212533,60.27834]],[[11.206144,60.263632],[11.206238,60.2638]],[[10.331525,60.196985],[10.33082,60.19685]],[[10.33082,60.19685],[10.329572,60.196581]],[[10.329572,60.196581],[10.328836,60.196335],[10.328136,60.195961],[10.327214,60.195011]],[[10.321514,60.19365],[10.318968,60.193816]],[[10.318968,60.193816],[10.318831,60.193824]],[[10.318831,60.193824],[10.317165,60.193781]],[[10.317165,60.193781],[10.315053,60.193377],[10.312724,60.192755],[10.311802,60.192416],[10.311018,60.191913],[10.310185,60.190947],[10.30956,60.190424]],[[10.325438,60.193926],[10.323906,60.193604],[10.322233,60.193605]],[[10.326309,60.194286],[10.325438,60.193926]],[[10.658082,59.431287],[10.655555,59.43309],[10.655222,59.433763],[10.655309,59.43441]],[[10.658082,59.431287],[10.658403,59.430929],[10.658566,59.430474],[10.658748,59.424083]],[[10.658748,59.424083],[10.658699,59.423517],[10.658492,59.423092]],[[7.878209,62.433866],[7.878079,62.433879]],[[7.8879,62.433002],[7.878899,62.433802]],[[8.056237,62.35222],[8.054372,62.35413],[8.052352,62.355917]],[[8.056295,62.352165],[8.056237,62.35222]],[[8.054258,62.350148],[8.055164,62.349202],[8.056433,62.348524]],[[8.0542,62.350236],[8.054258,62.350148]],[[7.957007,62.429128],[7.955782,62.428943]],[[7.957094,62.429146],[7.957007,62.429128]],[[7.754082,62.528823],[7.752655,62.530168],[7.751519,62.530917],[7.749668,62.531769],[7.747893,62.532334],[7.745661,62.532811],[7.743461,62.533113],[7.740751,62.533281],[7.737838,62.533282]],[[7.754252,62.528654],[7.754082,62.528823]],[[10.249332,60.169474],[10.247808,60.169262],[10.245345,60.169104]],[[10.250163,60.169679],[10.249484,60.169508]],[[10.251307,60.169989],[10.250435,60.16975]],[[8.237435,60.545173],[8.237268,60.545125]],[[8.237566,60.54521],[8.237435,60.545173]],[[8.069372,60.492438],[8.06866,60.492039],[8.066249,60.491058],[8.064135,60.489666],[8.063341,60.489255],[8.062161,60.488828],[8.061171,60.488584]],[[8.069449,60.492494],[8.069372,60.492438]],[[8.061171,60.488584],[8.060417,60.488454]],[[8.058677,60.488321],[8.056985,60.488497]],[[9.266682,59.559582],[9.267288,59.559145],[9.270823,59.557321]],[[9.266273,59.560036],[9.266682,59.559582]],[[9.886549,59.020329],[9.887308,59.020269]],[[5.413946,60.189598],[5.413322,60.189524]],[[10.928988,60.884509],[10.928467,60.884751]],[[10.929368,60.884329],[10.928988,60.884509]],[[6.406941,60.628779],[6.402546,60.628379],[6.40132,60.62808],[6.400124,60.627571]],[[11.263587,59.34528],[11.262873,59.344765]],[[11.262873,59.344765],[11.262322,59.344061],[11.261934,59.342797],[11.260891,59.340616],[11.260751,59.339652],[11.260874,59.338028],[11.260665,59.337493],[11.260023,59.336802],[11.258719,59.336088],[11.257134,59.335669],[11.255471,59.335562],[11.252921,59.335597],[11.25213,59.335522],[11.25092,59.33527],[11.250129,59.335],[11.249274,59.33457],[11.248699,59.334128],[11.248276,59.333616],[11.248044,59.332988],[11.248075,59.332412],[11.249084,59.329454],[11.249854,59.328503],[11.252046,59.32679],[11.25257,59.326021],[11.252641,59.325274],[11.252464,59.324427],[11.25217,59.323842],[11.251731,59.323368],[11.250548,59.322668],[11.249599,59.322342],[11.24788,59.322026],[11.246163,59.321873],[11.243341,59.321933],[11.237993,59.322694],[11.236168,59.322658],[11.234727,59.32239],[11.230184,59.321017],[11.229105,59.320581],[11.228262,59.319999],[11.227776,59.319417],[11.227541,59.318624],[11.227726,59.31787],[11.228166,59.317296],[11.228968,59.316705],[11.230109,59.316136]],[[11.286039,59.370516],[11.284358,59.369613],[11.283296,59.368606],[11.282848,59.36771],[11.282289,59.365622]],[[11.286191,59.370588],[11.286039,59.370516]],[[11.237197,60.399877],[11.237406,60.398997]],[[11.142098,59.598898],[11.142114,59.598853]],[[11.142114,59.598853],[11.142278,59.598018],[11.142178,59.597462],[11.14041,59.593409]],[[11.14041,59.593409],[11.140378,59.593298]],[[11.140378,59.593298],[11.140372,59.592528],[11.140708,59.591898],[11.143033,59.589588]],[[11.143033,59.589588],[11.143155,59.58945]],[[11.143155,59.58945],[11.144445,59.587642],[11.145644,59.5855],[11.146542,59.584689],[11.148014,59.583899],[11.14961,59.583366],[11.151398,59.583024],[11.156839,59.582773],[11.159911,59.582428]],[[10.894122,63.497266],[10.894033,63.497357]],[[10.895611,63.490936],[10.895641,63.492003],[10.89478,63.495926],[10.894527,63.49669],[10.894122,63.497266]],[[10.899025,63.486748],[10.898545,63.487101]],[[10.899159,63.486654],[10.899025,63.486748]],[[11.232529,59.309053],[11.232474,59.308953]],[[11.232474,59.308953],[11.231782,59.30821],[11.229779,59.306902],[11.228944,59.306222],[11.227671,59.304428],[11.227193,59.303943]],[[11.409164,63.455187],[11.409347,63.45518]],[[11.40562,63.455881],[11.407449,63.455387],[11.409164,63.455187]],[[11.405485,63.455921],[11.40562,63.455881]],[[10.043279,60.028619],[10.036279,60.025735],[10.035797,60.025418]],[[10.043356,60.028649],[10.043279,60.028619]],[[9.909057,59.885266],[9.908729,59.884955]],[[9.909122,59.885318],[9.909057,59.885266]],[[9.901908,59.070278],[9.90074,59.07041]],[[9.912773,59.068991],[9.913229,59.06894]],[[13.151638,65.914058],[13.150211,65.915356],[13.14838,65.916384],[13.146079,65.917198],[13.143099,65.917783]],[[13.134549,65.931611],[13.13625,65.933118],[13.137302,65.934378],[13.137927,65.935684],[13.138542,65.938586],[13.139098,65.939585],[13.14006,65.940714],[13.141681,65.942017],[13.143635,65.943204],[13.146394,65.944585],[13.149035,65.945681]],[[13.167476,65.904547],[13.168204,65.905233],[13.170842,65.906829],[13.171706,65.907747],[13.172028,65.9085],[13.171976,65.9092],[13.171596,65.909769],[13.170937,65.910285],[13.169287,65.910978],[13.167275,65.911376],[13.16338,65.911811],[13.15683,65.912261],[13.155008,65.912504],[13.154074,65.912729],[13.153039,65.913106],[13.152215,65.913566],[13.151638,65.914058]],[[13.149035,65.945681],[13.153341,65.947114],[13.161205,65.949127],[13.165185,65.950389],[13.167205,65.951288],[13.173114,65.954566],[13.174628,65.955151],[13.176575,65.955652]],[[13.239258,65.977868],[13.247336,65.981185],[13.248681,65.981841],[13.249332,65.982318],[13.250036,65.983078],[13.251167,65.984874]],[[13.252808,65.994419],[13.254779,65.996183],[13.256374,65.997167],[13.257604,65.997664],[13.265337,66.000248],[13.267525,66.001211],[13.279244,66.008852],[13.280558,66.009405],[13.282412,66.009944],[13.285532,66.01043]],[[11.170552,59.237012],[11.17063,59.236947]],[[11.17063,59.236947],[11.185102,59.225253],[11.185997,59.22433],[11.186869,59.223141],[11.187366,59.222181],[11.187761,59.220937]],[[10.161951,60.132624],[10.161889,60.13259]],[[10.181848,60.139218],[10.177034,60.137769],[10.164949,60.13389],[10.163079,60.133195],[10.161951,60.132624]],[[10.092339,60.066387],[10.091666,60.065626],[10.091211,60.064842],[10.090636,60.063321],[10.090267,60.062786],[10.089692,60.062302],[10.088748,60.061908],[10.086975,60.061454]],[[10.092375,60.066427],[10.092339,60.066387]],[[10.079319,60.055655],[10.079276,60.0556]],[[10.082074,60.059071],[10.079319,60.055655]],[[10.150642,60.198851],[10.149546,60.198816],[10.148339,60.198633],[10.147371,60.198365],[10.145193,60.197544],[10.14403,60.197349],[10.143039,60.197307]],[[10.150728,60.198851],[10.150642,60.198851]],[[13.301789,66.014084],[13.306228,66.015784],[13.308271,66.016814],[13.309908,66.017968],[13.311994,66.019974],[13.312524,66.020967],[13.312545,66.021747],[13.311505,66.023642],[13.311281,66.024617],[13.311596,66.025616],[13.312354,66.026479],[13.313582,66.027289],[13.321051,66.031028],[13.323306,66.03233],[13.324831,66.03347],[13.32606,66.034667],[13.328125,66.037523],[13.328904,66.038356],[13.33029,66.039256],[13.332299,66.040076],[13.333684,66.040459],[13.33535,66.04079],[13.33717,66.041019],[13.33959,66.041215],[13.34458,66.041428],[13.34933,66.041167],[13.352665,66.041189],[13.372967,66.042829],[13.374873,66.043157],[13.376641,66.043643],[13.385825,66.047212],[13.387354,66.047659],[13.388855,66.047963],[13.403641,66.04965],[13.40626,66.04985],[13.410448,66.05003],[13.412289,66.050192],[13.42086,66.051426],[13.426251,66.051873],[13.427838,66.052103],[13.429554,66.052535],[13.431467,66.053391],[13.434679,66.056167],[13.43719,66.05777],[13.438575,66.0584],[13.441681,66.059499],[13.44321,66.06024]],[[13.285907,66.010469],[13.287176,66.010602]],[[13.505149,66.098575],[13.506669,66.099157],[13.508358,66.0996],[13.509962,66.09988],[13.51213,66.100079],[13.51435,66.1001],[13.515907,66.100003],[13.517501,66.09981],[13.520403,66.099314],[13.521862,66.098973],[13.522888,66.098635],[13.524434,66.097844],[13.525557,66.096797],[13.526652,66.095091],[13.527442,66.094463],[13.528461,66.093968]],[[13.839037,66.156863],[13.839638,66.157469]],[[13.784067,66.151603],[13.78482,66.150546],[13.785666,66.149711],[13.789704,66.146921],[13.791369,66.145541],[13.792317,66.144522],[13.794368,66.141742],[13.795223,66.141111],[13.796655,66.140403]],[[13.605972,66.148446],[13.607679,66.148638],[13.60899,66.148882]],[[13.564355,66.106788],[13.563435,66.107847]],[[13.548697,66.098131],[13.553043,66.099809],[13.554823,66.100665]],[[14.362345,66.367129],[14.372734,66.368535],[14.376805,66.369158],[14.383083,66.370206],[14.385694,66.370833],[14.387179,66.371311],[14.388865,66.371987],[14.395224,66.374842],[14.396855,66.375886],[14.398371,66.377364]],[[14.163796,66.324078],[14.169809,66.322123],[14.171616,66.321745],[14.173623,66.321509]],[[14.136334,66.318087],[14.144859,66.318831],[14.146828,66.319244],[14.148622,66.319977]],[[14.085282,66.292204],[14.087155,66.292653],[14.089156,66.29343],[14.096267,66.29764],[14.098221,66.298533],[14.099899,66.299026],[14.101256,66.299294],[14.107802,66.300135],[14.11004,66.300606],[14.111146,66.300961],[14.112351,66.301499],[14.114807,66.303123]],[[14.039212,66.280426],[14.042708,66.281571],[14.04365,66.28207],[14.044637,66.282951]],[[14.024137,66.274267],[14.0296,66.275435],[14.032085,66.276187],[14.033461,66.276943],[14.035359,66.278594]],[[13.976125,66.254206],[13.975578,66.254754]],[[13.895236,66.233866],[13.8987,66.234957],[13.901579,66.235593]],[[13.85738,66.228251],[13.85917,66.228796],[13.860822,66.229077],[13.863219,66.229265],[13.866881,66.229367],[13.86892,66.229589]],[[13.838281,66.21895],[13.841228,66.220166],[13.842778,66.220697],[13.850968,66.22265]],[[13.815633,66.213609],[13.82463,66.215332],[13.829928,66.216738],[13.835511,66.218018],[13.838281,66.21895]],[[10.616126,60.284717],[10.614249,60.285203]],[[11.257147,63.439727],[11.258315,63.440023]],[[11.257017,63.439693],[11.257147,63.439727]],[[9.687942,59.070002],[9.687956,59.069932]],[[9.687923,59.070917],[9.687942,59.070002]],[[10.159363,61.499828],[10.158492,61.500908],[10.157327,61.502057],[10.155875,61.503187],[10.154209,61.504248]],[[10.15941,61.499767],[10.159363,61.499828]],[[10.144721,61.528333],[10.144119,61.528441]],[[10.145228,61.528238],[10.144721,61.528333]],[[10.12329,61.531127],[10.104353,61.535688]],[[10.123421,61.531096],[10.12329,61.531127]],[[10.104353,61.535688],[10.10421,61.535722]],[[10.143457,61.528554],[10.138317,61.529212],[10.130787,61.529734]],[[10.149973,61.506575],[10.146951,61.507932],[10.145848,61.508611],[10.142501,61.511553],[10.142066,61.512103],[10.14162,61.513011]],[[10.154209,61.504248],[10.154149,61.504282]],[[10.146418,61.527991],[10.14612,61.528061]],[[10.148808,61.524186],[10.149329,61.524731],[10.149557,61.525192],[10.149598,61.52573],[10.149379,61.52633],[10.148784,61.526969],[10.148146,61.527373],[10.147499,61.527663],[10.146418,61.527991]],[[9.120099,62.103201],[9.11999,62.103266]],[[9.134315,62.095545],[9.130119,62.097975],[9.12426,62.100892]],[[9.221506,62.012613],[9.221385,62.012682]],[[9.253824,61.966277],[9.253811,61.966368]],[[9.26325,61.959795],[9.26147,61.960415],[9.260126,61.960999],[9.25807,61.962111],[9.255787,61.963518],[9.255026,61.964123],[9.254374,61.96486],[9.25399,61.965565],[9.253824,61.966277]],[[12.467208,58.704582],[12.461543,58.698368]],[[14.630488,66.381771],[14.631815,66.382305]],[[15.302541,66.541628],[15.305332,66.548949],[15.305799,66.549736],[15.306589,66.550524]],[[15.296214,66.528642],[15.298996,66.535643],[15.302541,66.541628]],[[15.296058,66.528243],[15.296214,66.528642]],[[15.295355,66.52085],[15.2943,66.521907],[15.293828,66.522753],[15.293644,66.523916],[15.294003,66.525048]],[[15.241817,66.495592],[15.243515,66.496833],[15.245015,66.497751],[15.248944,66.499859],[15.250979,66.500758],[15.253079,66.501507],[15.255484,66.502193],[15.262261,66.503623]],[[15.262261,66.503623],[15.267037,66.505046],[15.269287,66.505628],[15.273757,66.50652],[15.281024,66.507725],[15.283952,66.508409],[15.286254,66.509218],[15.289549,66.510841],[15.294154,66.51274],[15.295457,66.513662],[15.297832,66.515833],[15.298275,66.516429],[15.298527,66.517163],[15.298496,66.51782],[15.29797,66.518805],[15.296929,66.519728],[15.295355,66.52085]],[[15.051344,66.48056],[15.062283,66.478647],[15.064443,66.478172],[15.066738,66.477522],[15.072228,66.475738],[15.075229,66.474884],[15.079578,66.473781],[15.086101,66.472352],[15.088144,66.471832],[15.090224,66.471188],[15.093748,66.469905]],[[14.854029,66.460705],[14.856344,66.464592],[14.85736,66.46715],[14.85785,66.467935],[14.859279,66.469374],[14.862659,66.47181]],[[14.841477,66.447902],[14.84154,66.447936]],[[14.799868,66.431159],[14.803364,66.432021],[14.816756,66.435846],[14.822711,66.437753],[14.825122,66.438671],[14.826693,66.439418],[14.832146,66.442788]],[[15.221733,67.292167],[15.221616,67.292236]],[[15.421514,67.263599],[15.415513,67.262939],[15.410232,67.26216]],[[15.437394,67.255188],[15.437612,67.255617]],[[15.427466,67.248565],[15.42761,67.248842]],[[15.427421,67.247302],[15.427382,67.247415]],[[15.423189,67.227023],[15.423186,67.227059]],[[15.444784,67.203612],[15.443815,67.204473],[15.438892,67.207669],[15.437635,67.208311],[15.436053,67.208895]],[[15.483719,67.161934],[15.483935,67.162052]],[[15.448279,67.131344],[15.448659,67.133451]],[[15.454954,67.122024],[15.448882,67.129603],[15.448499,67.130259],[15.448279,67.131344]],[[15.457515,67.110382],[15.452943,67.113381]],[[15.472337,67.101082],[15.471098,67.102111]],[[15.390835,67.091553],[15.39235,67.0919]],[[15.381953,67.086514],[15.38704,67.090189],[15.388798,67.090974],[15.390835,67.091553]],[[15.349101,67.021326],[15.358859,67.026567]],[[15.323563,66.987885],[15.345892,66.998847],[15.347224,66.999667],[15.348226,67.000601]],[[15.323168,66.987692],[15.323563,66.987885]],[[15.309878,66.977194],[15.311297,66.979102]],[[15.304755,66.970299],[15.309878,66.977194]],[[15.300207,66.942219],[15.295616,66.944237]],[[15.307618,66.933812],[15.30807,66.934876]],[[15.299523,66.904768],[15.303768,66.907769],[15.305095,66.909583]],[[15.298123,66.903944],[15.299523,66.904768]],[[15.283662,66.8508],[15.280022,66.854015],[15.279641,66.854562],[15.279407,66.855308],[15.27941,66.856676],[15.279609,66.85759],[15.281874,66.860555],[15.282593,66.862238],[15.282747,66.863494],[15.282634,66.865476],[15.282276,66.866747],[15.279972,66.8691],[15.278603,66.870829],[15.277722,66.87155],[15.274566,66.873352],[15.273133,66.873907],[15.270365,66.874802]],[[15.288707,66.841729],[15.288095,66.842252],[15.285559,66.843821],[15.284617,66.84487],[15.284339,66.84702],[15.284579,66.849452],[15.284211,66.850222],[15.283662,66.8508]],[[15.295335,66.836728],[15.293327,66.837155],[15.291914,66.83764],[15.2907,66.838285],[15.289862,66.839041]],[[15.404433,66.793817],[15.402562,66.79384],[15.400945,66.793958],[15.39807,66.794424],[15.391945,66.79601],[15.390575,66.796555],[15.389554,66.797093]],[[15.430142,66.790556],[15.424422,66.793135],[15.422651,66.793793]],[[15.463683,66.745495],[15.463685,66.745594]],[[15.45582,66.733621],[15.455884,66.734327],[15.456811,66.736349],[15.457077,66.737956],[15.457465,66.738784],[15.458262,66.739589],[15.461083,66.741479]],[[15.385587,66.634297],[15.386852,66.63589],[15.389499,66.637929]],[[10.628362,60.2818],[10.627231,60.281868]],[[10.697386,60.243642],[10.69513,60.244627],[10.692456,60.246369],[10.689875,60.247608],[10.689253,60.248119],[10.688052,60.2495],[10.68489,60.251619]],[[10.699344,60.242821],[10.697496,60.243596]],[[10.70979,60.235458],[10.706563,60.237191],[10.705871,60.237464],[10.70479,60.237751]],[[10.726045,60.225963],[10.726199,60.226745],[10.726066,60.227252],[10.725668,60.227754],[10.724871,60.228304]],[[10.729036,60.219789],[10.729712,60.220461],[10.729982,60.220916],[10.730096,60.221501],[10.729952,60.222112],[10.729616,60.222613],[10.729079,60.223091],[10.727121,60.224094],[10.726459,60.224581],[10.726048,60.225212],[10.726019,60.22586]],[[10.724011,60.194955],[10.723497,60.194029],[10.723467,60.192846],[10.723862,60.191941],[10.725349,60.189917]],[[10.722453,60.178434],[10.724372,60.179927],[10.725577,60.18128],[10.726159,60.182526],[10.726232,60.183839]],[[10.718805,60.167703],[10.71878,60.167834]],[[10.727474,60.156606],[10.725955,60.158488],[10.725681,60.159258],[10.725666,60.159906]],[[10.741191,60.151318],[10.739568,60.151645],[10.737685,60.151729]],[[10.761018,60.149792],[10.760083,60.150126]],[[10.788501,60.134526],[10.787193,60.134935],[10.786279,60.135447],[10.785759,60.136015],[10.785322,60.136959]],[[10.79832,60.128664],[10.797421,60.128989],[10.796586,60.129411]],[[10.823129,60.119528],[10.816758,60.12005],[10.815198,60.120469],[10.813724,60.121252]],[[10.825757,60.119081],[10.824518,60.119388],[10.823129,60.119528]],[[10.845512,60.106622],[10.841518,60.108115],[10.83781,60.109854]],[[10.860553,60.096866],[10.860509,60.097578],[10.860139,60.098223],[10.859442,60.098764],[10.858633,60.099135]],[[10.863563,60.087836],[10.863894,60.088511],[10.864056,60.089336],[10.863719,60.091378],[10.862698,60.093467],[10.860783,60.095868],[10.860553,60.096866]],[[10.863302,60.087474],[10.863563,60.087836]],[[10.864884,60.0837],[10.865994,60.083266]],[[10.870125,60.061829],[10.870233,60.060654],[10.869866,60.059796],[10.868851,60.058991],[10.86746,60.058458]],[[10.856097,60.061471],[10.857314,60.060091],[10.858336,60.059341]],[[10.812911,60.037618],[10.8167,60.039491]],[[10.811561,60.035917],[10.811723,60.0365]],[[10.809714,60.025775],[10.809644,60.026495],[10.80999,60.027177],[10.810502,60.02763],[10.811837,60.028381],[10.8126,60.02894],[10.813209,60.029676],[10.813479,60.030403],[10.813308,60.031373],[10.811773,60.033723],[10.811561,60.035917]],[[10.802279,59.995543],[10.801743,59.996735],[10.801509,59.997741],[10.801675,60.001015],[10.801351,60.001768],[10.800385,60.003233],[10.800095,60.00431],[10.80035,60.005668],[10.801312,60.006979]],[[10.798907,59.984657],[10.800242,59.985117],[10.803109,59.985432],[10.804229,59.985692],[10.805312,59.986191],[10.806074,59.986949],[10.80624,59.987588],[10.806026,59.98824],[10.805638,59.988681],[10.803991,59.990032],[10.803593,59.990556],[10.803422,59.991143],[10.803542,59.992038]],[[10.788691,59.969541],[10.788637,59.97015]],[[10.786401,59.967131],[10.786548,59.967175]],[[10.76904,59.959397],[10.770437,59.959849],[10.771405,59.960308],[10.775954,59.96344],[10.777199,59.964171],[10.778414,59.964723],[10.780048,59.965295]],[[10.77836,59.945688],[10.777927,59.946633]],[[10.782904,59.935746],[10.783886,59.933592]],[[10.783947,59.933628],[10.78299,59.935753]],[[10.782202,59.924701],[10.78109,59.923558]],[[10.781163,59.923544],[10.782292,59.924701]],[[10.78085,59.919998],[10.780476,59.92145]],[[10.7804,59.921444],[10.780771,59.919995]],[[10.613877,60.724699],[10.614147,60.725701],[10.61462,60.726619],[10.615276,60.727458],[10.616957,60.729184]],[[10.596336,60.629021],[10.597403,60.630464]],[[10.554278,60.393953],[10.556018,60.392983]],[[10.569941,60.355586],[10.56997,60.356511],[10.569588,60.359167]],[[11.160049,60.124317],[11.160202,60.123664],[11.160164,60.123012]],[[10.175108,62.959854],[10.175105,62.959899]],[[10.176263,62.956914],[10.175449,62.958366],[10.175108,62.959854]],[[10.182433,62.935401],[10.182456,62.935447]],[[10.180856,62.933225],[10.181789,62.934315],[10.182433,62.935401]],[[12.066123,57.923488],[12.065799,57.923072]],[[12.106352,57.954296],[12.099709,57.951663],[12.096222,57.950097],[12.093721,57.948778],[12.091702,57.947571],[12.088594,57.945373],[12.075247,57.934752],[12.072288,57.932118],[12.069971,57.929426],[12.066123,57.923488]],[[12.066049,57.923497],[12.069904,57.929445],[12.072221,57.932139],[12.075183,57.934774],[12.087971,57.944957],[12.091651,57.947596],[12.095077,57.949572],[12.098073,57.951016],[12.10445,57.953598]],[[12.065729,57.923084],[12.066049,57.923497]],[[12.050124,60.429879],[12.050409,60.432599]],[[12.050409,60.432599],[12.050434,60.432837]],[[12.043192,60.36079],[12.041763,60.361721],[12.041044,60.362735],[12.040926,60.363555],[12.041316,60.365504],[12.041153,60.366535]],[[11.923819,58.354185],[11.916622,58.354889]],[[5.64153,58.630737],[5.641485,58.630849]],[[5.641547,58.630692],[5.64153,58.630737]],[[5.641485,58.630849],[5.641437,58.630969]],[[5.645055,58.62179],[5.641547,58.630692]],[[9.138781,58.953856],[9.136211,58.95162],[9.135783,58.951146],[9.135425,58.950477]],[[9.096684,58.909466],[9.094483,58.908271]],[[9.061464,58.891442],[9.061445,58.891237]],[[9.055884,58.887338],[9.055088,58.887379]],[[9.032631,58.886086],[9.032113,58.885805]],[[9.030262,58.88373],[9.030239,58.883395]],[[9.03149,58.867993],[9.032287,58.867176],[9.033277,58.866621],[9.034157,58.866321],[9.036468,58.865783]],[[9.05791,58.855954],[9.058893,58.855494],[9.060869,58.85415],[9.062005,58.853621],[9.063561,58.853136],[9.067175,58.852321],[9.06931,58.851679],[9.072819,58.850414],[9.074756,58.849505]],[[9.046472,58.810006],[9.042276,58.806719],[9.041323,58.805616],[9.040397,58.804142],[9.039607,58.80337],[9.038493,58.802693],[9.035913,58.801534],[9.034884,58.800823],[9.033495,58.79945],[9.031193,58.796325],[9.030433,58.795531],[9.026652,58.792901]],[[9.026652,58.792901],[9.024434,58.791323],[9.018809,58.786672]],[[9.018809,58.786672],[9.018042,58.786081],[9.017159,58.78562],[9.015918,58.785243],[9.014708,58.785068]],[[9.010568,58.785171],[9.007884,58.786108],[9.006858,58.786384],[9.004784,58.786699],[9.000444,58.787001],[8.999189,58.787308],[8.998139,58.787772]],[[8.975623,58.794607],[8.973897,58.794764]],[[8.970416,58.794646],[8.969551,58.794408],[8.968708,58.794046],[8.967663,58.793272]],[[8.952179,58.784824],[8.950538,58.78441]],[[8.91701,58.782462],[8.915422,58.782383],[8.913826,58.782456],[8.909572,58.783152],[8.905487,58.78361],[8.903555,58.783977],[8.899276,58.784987]],[[8.873874,58.77881],[8.872675,58.778181],[8.870816,58.776944],[8.869733,58.77645]],[[8.857277,58.761419],[8.853438,58.760283],[8.85228,58.759792],[8.851324,58.759128],[8.849768,58.757486],[8.848568,58.756794]],[[8.848568,58.756794],[8.848176,58.756599]],[[8.861854,58.770933],[8.859622,58.767496],[8.859437,58.766602],[8.859623,58.765847]],[[8.848176,58.756599],[8.845567,58.755119],[8.84259,58.753746],[8.84186,58.753247],[8.841159,58.752576]],[[8.827912,58.744145],[8.826787,58.743227],[8.825816,58.742702],[8.820924,58.741017],[8.817854,58.739751]],[[8.828359,58.744539],[8.827912,58.744145]],[[8.817854,58.739751],[8.815719,58.738702],[8.813903,58.737494],[8.811647,58.736503],[8.809546,58.735359],[8.80856,58.735002],[8.806328,58.734403]],[[8.841159,58.752576],[8.841094,58.752505]],[[8.777166,58.722842],[8.774581,58.720958],[8.771321,58.719205]],[[8.758448,58.713791],[8.758179,58.71358]],[[9.069683,59.066228],[9.069847,59.064907]],[[9.088672,59.048229],[9.088908,59.048113]],[[9.088908,59.048113],[9.091378,59.047129],[9.096321,59.045798],[9.09946,59.044645],[9.102024,59.043883],[9.102886,59.043533],[9.103829,59.042968]],[[9.135547,59.013098],[9.137094,59.012198],[9.139219,59.011524]],[[9.139498,59.011418],[9.140575,59.010866],[9.142743,59.009442],[9.143477,59.008864],[9.143887,59.008314],[9.144047,59.007817],[9.144027,59.007311],[9.14309,59.004471],[9.143086,59.003668]],[[9.148894,58.991448],[9.149347,58.990637],[9.149427,58.98981],[9.149252,58.989079],[9.148483,58.987771],[9.148359,58.987236]],[[9.151256,58.977099],[9.151811,58.976507]],[[9.148309,58.961277],[9.147624,58.960327],[9.146672,58.95967]],[[9.041888,59.385858],[9.041413,59.385235],[9.041209,59.384614],[9.04127,59.383933],[9.041462,59.383502],[9.042141,59.382742],[9.0442,59.381398],[9.044645,59.38094],[9.044974,59.380339]],[[9.081115,59.348818],[9.08138,59.34863]],[[9.097923,59.3035],[9.097974,59.303366]],[[9.109904,59.28242],[9.110046,59.282315]],[[9.133676,59.259259],[9.134005,59.258988]],[[9.081976,59.180378],[9.081933,59.179903]],[[9.085716,59.15785],[9.085769,59.1569],[9.086573,59.155449],[9.086725,59.154924],[9.086698,59.153911],[9.086475,59.153003]],[[9.090754,59.13229],[9.091141,59.131894]],[[9.091348,59.131685],[9.092151,59.131055],[9.092882,59.130674]],[[11.237616,59.570855],[11.239371,59.570598],[11.240971,59.570196],[11.242131,59.569745],[11.243946,59.568786],[11.245263,59.568217],[11.246753,59.567753],[11.249024,59.567316],[11.251438,59.567146],[11.256356,59.567179],[11.260096,59.567078],[11.265314,59.566726],[11.273896,59.565986],[11.276269,59.566093],[11.277408,59.566263],[11.278604,59.566545],[11.280217,59.567126],[11.282947,59.568614],[11.284506,59.569119],[11.286294,59.569334],[11.288219,59.569231],[11.289935,59.568809],[11.295888,59.566163],[11.298154,59.565355],[11.300289,59.564729],[11.302599,59.564173],[11.304923,59.563727],[11.311455,59.562891],[11.312797,59.562651],[11.314205,59.562289],[11.319991,59.560357],[11.320971,59.55995],[11.321858,59.559447],[11.322522,59.558931],[11.322975,59.55844],[11.323371,59.557759]],[[11.237514,59.570866],[11.237616,59.570855]],[[11.250973,62.501247],[11.250607,62.501194]],[[11.252444,62.501557],[11.250973,62.501247]],[[10.432283,59.827731],[10.432235,59.827494]],[[10.438452,59.800198],[10.438609,59.799168],[10.438115,59.796917],[10.437707,59.796269],[10.436784,59.795489]],[[10.433414,59.789325],[10.433218,59.789084]],[[10.428795,59.784557],[10.427788,59.783587]],[[10.399847,59.753499],[10.398239,59.752589],[10.396935,59.751397]],[[10.395964,59.750187],[10.3959,59.750098]],[[10.387942,59.74586],[10.383604,59.743711]],[[10.365373,59.741338],[10.364342,59.741588]],[[10.78559,59.966938],[10.781289,59.965704]],[[10.786548,59.967175],[10.787002,59.967331]],[[10.801312,60.006979],[10.802317,60.007762],[10.80456,60.009016],[10.80604,60.010063],[10.80674,60.010838],[10.807225,60.012006]],[[10.866924,60.058343],[10.865612,60.058204]],[[10.304412,60.187547],[10.3041,60.187358]],[[10.617411,60.671499],[10.618558,60.672075],[10.619287,60.672666],[10.619715,60.673441],[10.61969,60.674194]],[[10.61969,60.674194],[10.619199,60.675327],[10.618351,60.676571]],[[10.609119,60.690992],[10.607924,60.69275],[10.607529,60.693603],[10.607538,60.694594],[10.608018,60.695488]],[[10.608018,60.695488],[10.608975,60.696539],[10.609311,60.69727],[10.609182,60.698105],[10.608482,60.699005]],[[10.613628,60.722131],[10.613704,60.722984]],[[10.613704,60.722984],[10.613877,60.724699]],[[10.618296,60.736379],[10.618437,60.737004],[10.618733,60.737467],[10.620116,60.738687]],[[10.617023,60.729295],[10.617287,60.730293],[10.616943,60.731708],[10.616957,60.732491],[10.617942,60.734782],[10.618296,60.736379]],[[10.624308,60.74931],[10.624557,60.749996],[10.624944,60.750507],[10.626692,60.751944]],[[10.6319,60.757481],[10.63341,60.758173],[10.634211,60.758752]],[[10.636072,60.766591],[10.636142,60.767575],[10.636469,60.768036],[10.636923,60.768406]],[[10.693699,60.780675],[10.694687,60.782267],[10.697179,60.785551]],[[10.51673,60.444974],[10.516287,60.446097],[10.516301,60.446772],[10.516525,60.447466]],[[10.509546,60.452911],[10.509431,60.455829],[10.509153,60.456531],[10.508522,60.457345]],[[10.510456,60.451338],[10.50975,60.452051],[10.509546,60.452911]],[[10.508522,60.457345],[10.507457,60.45869],[10.50469,60.463016],[10.502084,60.465667],[10.500884,60.467892],[10.500254,60.469792],[10.49979,60.473535],[10.498841,60.47686],[10.498732,60.480061],[10.498493,60.481198]],[[10.513367,60.50363],[10.51379,60.504567],[10.514453,60.505331],[10.5197,60.510188],[10.521527,60.511555]],[[10.529502,60.514934],[10.530393,60.515517],[10.530946,60.516244]],[[10.530946,60.516244],[10.532803,60.520824],[10.534071,60.522911],[10.535395,60.524543]],[[10.535395,60.524543],[10.536366,60.525572],[10.536634,60.526204],[10.536425,60.52701],[10.535688,60.527718]],[[10.533614,60.543001],[10.535669,60.54507],[10.536337,60.545957],[10.536643,60.54672],[10.536721,60.548347],[10.536984,60.54896],[10.537554,60.549546],[10.538497,60.550092]],[[10.538559,60.55012],[10.540134,60.550649]],[[10.553571,60.563827],[10.55425,60.564451],[10.554665,60.565075],[10.554892,60.56677],[10.555224,60.56751]],[[10.555278,60.567587],[10.556446,60.569011],[10.556687,60.569609],[10.556759,60.570413]],[[10.556759,60.570413],[10.556838,60.571064],[10.557084,60.571538],[10.558592,60.572968],[10.55928,60.574111]],[[10.570593,60.590435],[10.572121,60.591609],[10.572772,60.592756]],[[10.572772,60.592756],[10.573211,60.593637],[10.574332,60.595129],[10.574651,60.596072]],[[10.585138,60.60998],[10.585647,60.610738],[10.585804,60.611373],[10.585713,60.611999],[10.585293,60.613]],[[10.594483,60.626554],[10.595686,60.628158]],[[10.598233,60.633792],[10.598171,60.634274]],[[10.598171,60.634274],[10.597656,60.636686],[10.597784,60.637268],[10.598126,60.637843]],[[10.604467,60.656989],[10.604997,60.657755],[10.605673,60.658321],[10.606717,60.658892],[10.60901,60.659809],[10.609661,60.660254],[10.61018,60.660886]],[[10.61018,60.660886],[10.610731,60.662094],[10.610953,60.66316],[10.610938,60.664197],[10.610552,60.666302],[10.610673,60.666912],[10.610977,60.667454],[10.611905,60.668441],[10.613278,60.669472],[10.614663,60.670249],[10.617411,60.671499]],[[10.566759,60.380943],[10.566668,60.381532],[10.566357,60.381989]],[[10.553579,60.394339],[10.552335,60.39506]],[[10.540073,60.411798],[10.540866,60.413025]],[[10.540866,60.413025],[10.541604,60.414249],[10.541682,60.414943],[10.541321,60.415723],[10.540297,60.416584]],[[10.536156,60.422245],[10.535252,60.423465],[10.533851,60.425008],[10.533505,60.425694],[10.533389,60.426316]],[[10.529984,60.431239],[10.529849,60.431978],[10.529525,60.43268],[10.527893,60.43468],[10.526792,60.436634],[10.526039,60.437467],[10.525155,60.438138]],[[10.51744,60.443991],[10.51673,60.444974]],[[10.584723,60.305435],[10.584598,60.306975]],[[10.580553,60.314879],[10.580356,60.315559],[10.57961,60.316277],[10.578682,60.316729],[10.575258,60.31805],[10.57458,60.318455],[10.574119,60.318931],[10.573891,60.319471],[10.573954,60.32006],[10.57422,60.320506],[10.575096,60.321401],[10.575356,60.321935],[10.575307,60.322547],[10.574973,60.323084]],[[10.572658,60.334384],[10.573024,60.335289],[10.572909,60.335966],[10.57252,60.336468],[10.570995,60.33766],[10.570544,60.338505],[10.570629,60.339379],[10.571391,60.341043],[10.571287,60.341821],[10.570774,60.342423],[10.569176,60.343548],[10.568906,60.343936],[10.568501,60.345112],[10.568116,60.345535],[10.567561,60.345907]],[[10.567561,60.345907],[10.566422,60.346533],[10.565757,60.347094],[10.565365,60.347815],[10.565377,60.348517],[10.565683,60.349111],[10.569038,60.353319],[10.569667,60.354519],[10.569922,60.355466]],[[10.569588,60.359167],[10.569499,60.359981],[10.569666,60.360706]],[[10.570514,60.365926],[10.570312,60.366082]],[[10.561253,60.377066],[10.561768,60.37786],[10.562265,60.378272],[10.562932,60.378617],[10.564849,60.379227],[10.565752,60.379643],[10.566468,60.380256],[10.566738,60.380818]],[[10.614249,60.285203],[10.612213,60.2861],[10.611341,60.286313],[10.610379,60.286424]],[[10.341432,60.200497],[10.340358,60.200236],[10.338361,60.199945],[10.337392,60.199669],[10.336564,60.199268],[10.335347,60.198342],[10.334439,60.197829],[10.333256,60.197383],[10.332134,60.197105]],[[10.341489,60.200517],[10.341432,60.200497]],[[10.354519,60.207474],[10.354483,60.207437]],[[10.367262,60.219234],[10.365342,60.21795],[10.364143,60.217384],[10.362659,60.216958],[10.357617,60.21589],[10.356675,60.215511],[10.355945,60.214992],[10.355603,60.214552],[10.355457,60.214092],[10.355668,60.212342],[10.355138,60.210271],[10.355103,60.208577],[10.354886,60.207964],[10.354519,60.207474]],[[10.763712,59.908679],[10.763207,59.908793]],[[10.763207,59.908793],[10.761956,59.909087]],[[10.76509,59.908429],[10.764865,59.908469]],[[10.764865,59.908469],[10.764204,59.908585]],[[11.04093,59.952424],[11.045116,59.953077],[11.047423,59.953544]],[[11.039247,59.952632],[11.043224,59.953143],[11.050178,59.95445]],[[11.058332,59.953447],[11.055914,59.953927],[11.053597,59.954181]],[[11.059277,59.953223],[11.058332,59.953447]],[[10.841103,59.730212],[10.841485,59.731366],[10.841448,59.732623],[10.838947,59.738468],[10.838639,59.739672],[10.838514,59.741157]],[[10.79586,60.12989],[10.795473,60.130184]],[[10.796586,60.129411],[10.79586,60.12989]],[[10.795473,60.130184],[10.795114,60.13048]],[[10.794854,60.130714],[10.793222,60.132513],[10.792351,60.133175],[10.79102,60.133794],[10.788501,60.134526]],[[10.795114,60.13048],[10.794854,60.130714]],[[10.829167,60.117431],[10.827081,60.118533],[10.825978,60.119002]],[[10.825978,60.119002],[10.825878,60.119038]],[[10.82994,60.117032],[10.829463,60.117275]],[[10.829463,60.117275],[10.829167,60.117431]],[[10.762123,59.908516],[10.763435,59.908133]],[[10.76537,59.90644],[10.765235,59.905868],[10.76485,59.905144]],[[10.760235,59.901032],[10.758783,59.90068],[10.757819,59.900301]],[[10.763018,59.901099],[10.764276,59.903847]],[[10.766369,59.887293],[10.76562,59.887753],[10.764693,59.888609]],[[10.835932,59.723093],[10.837086,59.724964]],[[10.841175,59.731232],[10.840781,59.730601]],[[10.837703,59.725878],[10.8385,59.72705]],[[10.833182,59.715561],[10.834328,59.718876]],[[10.187206,61.442519],[10.187978,61.443474],[10.18808,61.443962],[10.187988,61.444505],[10.187643,61.445072],[10.185987,61.446972],[10.184732,61.450185],[10.183725,61.451409],[10.182962,61.451966],[10.181963,61.452493],[10.180965,61.45286],[10.17992,61.453128],[10.17764,61.453412],[10.173441,61.453491]],[[10.188456,61.431579],[10.188462,61.431633]],[[7.495323,60.603658],[7.494438,60.603652]],[[7.495702,60.603656],[7.495323,60.603658]],[[10.76178,59.90891],[10.763554,59.90838]],[[10.763937,59.908303],[10.761927,59.909025]],[[10.763455,59.908479],[10.764217,59.908338]],[[10.760605,59.908672],[10.762086,59.908481]],[[10.761731,59.908585],[10.762123,59.908516]],[[10.762711,59.908471],[10.761731,59.908585]],[[10.835007,59.721295],[10.833953,59.718842]],[[10.834042,59.71885],[10.834593,59.720198]],[[10.833953,59.718842],[10.833099,59.715567]],[[11.096674,60.77722],[11.096913,60.777332]],[[11.096913,60.777332],[11.099134,60.778415]],[[11.268252,60.790452],[11.279107,60.793396]],[[11.267866,60.790346],[11.268252,60.790452]],[[10.836178,59.723727],[10.835044,59.721376]],[[10.835422,59.722017],[10.835932,59.723093]],[[11.761135,60.752065],[11.759994,60.753732],[11.757318,60.756474],[11.755612,60.7584],[11.753251,60.761575],[11.751307,60.764988],[11.749028,60.770461],[11.747381,60.773698],[11.745337,60.776965],[11.742709,60.780441],[11.741053,60.78236],[11.738273,60.785231],[11.736025,60.787315],[11.731436,60.791259],[11.729079,60.793524],[11.726391,60.796487],[11.722861,60.800949],[11.721799,60.801801],[11.719546,60.803233],[11.717857,60.804851]],[[11.76122,60.751885],[11.761135,60.752065]],[[11.278385,59.356995],[11.276588,59.34852],[11.275953,59.347635],[11.274973,59.346994]],[[11.278403,59.357093],[11.278385,59.356995]],[[11.282268,59.365528],[11.281985,59.364405]],[[11.282289,59.365622],[11.282268,59.365528]],[[8.620893,58.658516],[8.618296,58.657938]],[[10.355134,63.34738],[10.355432,63.34773]],[[12.037255,57.656344],[12.037663,57.656199]],[[12.037133,57.656388],[12.037255,57.656344]],[[12.317848,58.377692],[12.325754,58.376094]],[[12.08887,63.31826],[12.086129,63.318631]],[[12.086129,63.318631],[12.085941,63.318657]],[[12.197088,63.317763],[12.194536,63.318016],[12.190128,63.318696],[12.178654,63.319376]],[[12.178654,63.319376],[12.178445,63.319387]],[[12.531531,63.319837],[12.528154,63.319383],[12.516856,63.317126],[12.514742,63.316845],[12.511394,63.316563]],[[12.511394,63.316563],[12.510824,63.316517]],[[5.453616,60.415412],[5.447792,60.413299]],[[5.455739,60.416356],[5.459146,60.418112],[5.460331,60.418604],[5.462151,60.419178]],[[5.46322,60.419271],[5.46568,60.419921]],[[11.192549,63.449841],[11.193255,63.44832],[11.193786,63.447772],[11.194633,63.447167],[11.195718,63.446617],[11.197062,63.446137],[11.2001,63.445454]],[[11.192539,63.449884],[11.192549,63.449841]],[[11.21734,63.439515],[11.217434,63.439481]],[[11.211673,63.44277],[11.213278,63.442258],[11.214077,63.441883],[11.214726,63.441429],[11.215968,63.4402],[11.21734,63.439515]],[[11.45053,63.457122],[11.450674,63.45714]],[[11.513397,63.462828],[11.519244,63.4623],[11.524096,63.461639]],[[11.513115,63.462852],[11.513397,63.462828]],[[11.496867,63.464149],[11.497029,63.464112]],[[11.473727,63.464907],[11.483515,63.465932],[11.485166,63.466045],[11.486584,63.466055],[11.488758,63.465914],[11.490407,63.465673],[11.496867,63.464149]],[[9.304038,62.1388],[9.304157,62.138886]],[[9.303645,62.138518],[9.303868,62.138677]],[[10.848701,60.063141],[10.849858,60.063442],[10.850975,60.063559],[10.852052,60.063536],[10.853183,60.063362],[10.854084,60.06309],[10.854817,60.062727],[10.855408,60.062251],[10.856097,60.061471]],[[10.848175,60.062917],[10.848701,60.063141]],[[10.839963,59.737741],[10.839172,59.738696],[10.838741,59.739756]],[[5.456468,60.416619],[5.453671,60.415378]],[[5.453114,60.415189],[5.452327,60.414839]],[[5.461613,60.418841],[5.46322,60.419271]],[[5.463294,60.419206],[5.460565,60.418388],[5.456468,60.416619]],[[5.455345,60.416179],[5.453616,60.415412]],[[5.374803,60.380765],[5.371898,60.380139],[5.369908,60.37985],[5.366509,60.379609],[5.363127,60.379607],[5.361676,60.379728],[5.360521,60.379911],[5.357366,60.380698],[5.355712,60.381306],[5.35381,60.382296]],[[5.352542,60.382953],[5.351281,60.38356]],[[5.350585,60.383916],[5.350071,60.384087]],[[5.348795,60.384408],[5.351281,60.38356]],[[5.471294,60.421594],[5.470242,60.421319]],[[5.469344,60.421003],[5.470251,60.42129]],[[11.038152,59.622706],[11.041817,59.623089],[11.043778,59.623173],[11.045761,59.623123],[11.048025,59.6229],[11.050131,59.622531],[11.063276,59.619488],[11.065011,59.619182],[11.066897,59.618985],[11.068907,59.618922],[11.071385,59.619058],[11.074052,59.61947],[11.076082,59.619998]],[[11.038005,59.622705],[11.038152,59.622706]],[[9.914106,62.669938],[9.916341,62.670314],[9.918927,62.670551]],[[9.913932,62.6699],[9.914106,62.669938]],[[9.581,62.483669],[9.581084,62.483757]],[[9.579596,62.482225],[9.581,62.483669]],[[7.094665,60.786142],[7.094624,60.786299]],[[10.395144,59.417414],[10.396582,59.416618],[10.402809,59.413654]],[[10.395053,59.417465],[10.395144,59.417414]],[[10.122525,59.049701],[10.122431,59.04965]],[[10.127243,59.051687],[10.124814,59.050777],[10.122525,59.049701]],[[7.096984,60.788594],[7.09779,60.789021]],[[7.094656,60.785458],[7.094675,60.785745]],[[7.095065,60.784821],[7.094753,60.785151],[7.094656,60.785458]],[[7.097543,60.783591],[7.097126,60.783973]],[[7.097732,60.781822],[7.097855,60.781968]],[[7.103419,60.777544],[7.102943,60.778137],[7.102112,60.778518]],[[7.122395,60.828404],[7.123067,60.828627],[7.123654,60.828937],[7.12406,60.829521],[7.124021,60.829931],[7.123571,60.830805],[7.123388,60.831571],[7.123619,60.832904],[7.124111,60.833475],[7.125552,60.834404],[7.12602,60.83522],[7.125816,60.835766],[7.124653,60.836789],[7.123682,60.83837]],[[7.123682,60.83837],[7.123377,60.838875]],[[7.121627,60.828104],[7.122395,60.828404]],[[7.118739,60.824029],[7.118875,60.824283]],[[7.119052,60.822841],[7.118704,60.823209]],[[9.688543,59.073227],[9.687923,59.070917]],[[9.688558,59.073281],[9.688543,59.073227]],[[11.304569,59.529553],[11.305753,59.527479],[11.306344,59.526088],[11.307099,59.522034],[11.30699,59.520973],[11.306597,59.519696],[11.304355,59.515513]],[[11.304552,59.52959],[11.304569,59.529553]],[[10.339199,63.326474],[10.339052,63.327699],[10.3392,63.328691],[10.339661,63.329809],[10.340478,63.331165]],[[10.340478,63.331165],[10.340555,63.33129]],[[11.239478,58.934425],[11.23496,58.935316]],[[12.443236,57.863445],[12.44387,57.863619]],[[12.44387,57.863619],[12.445945,57.864235]],[[12.44387,57.863576],[12.443212,57.863393]],[[12.445984,57.864198],[12.44387,57.863576]],[[10.453126,59.842124],[10.452067,59.841625],[10.45095,59.841247],[10.449727,59.840985],[10.44851,59.840847]],[[10.44851,59.840847],[10.447765,59.840809]],[[10.453045,59.842157],[10.452011,59.841661],[10.450916,59.841289],[10.449839,59.84105],[10.448494,59.840889]],[[10.448494,59.840889],[10.447755,59.840849]],[[10.829237,59.759491],[10.831578,59.759355],[10.832949,59.759141],[10.834186,59.758772],[10.835394,59.758155]],[[10.804686,59.80866],[10.8041,59.809206],[10.803514,59.809565]],[[10.763115,59.901707],[10.76136,59.901296]],[[10.757819,59.900301],[10.757741,59.900257]],[[10.755551,59.897474],[10.755779,59.898375],[10.756861,59.899566],[10.758081,59.900374],[10.759489,59.900809]],[[10.757741,59.900257],[10.756796,59.899585],[10.755967,59.898744],[10.755556,59.89808],[10.755476,59.89746]],[[10.762878,59.889785],[10.764012,59.88912],[10.76539,59.887862],[10.766507,59.887169]],[[10.764621,59.888683],[10.763884,59.889283]],[[10.771909,59.882484],[10.772197,59.882121]],[[10.773177,59.881358],[10.772403,59.881995],[10.771982,59.882496]],[[10.783328,59.869281],[10.781827,59.870423],[10.781113,59.871215]],[[10.782767,59.869627],[10.783854,59.868726],[10.78427,59.868007]],[[10.78435,59.86801],[10.784018,59.868632],[10.783328,59.869281]],[[10.785408,59.864831],[10.785529,59.863921]],[[10.78539,59.865058],[10.78497,59.865637]],[[10.785176,59.853667],[10.785368,59.853986]],[[10.799365,59.84954],[10.797942,59.849698],[10.796384,59.849677],[10.794621,59.849492],[10.792993,59.849164]],[[10.793802,59.849291],[10.795118,59.849518],[10.79688,59.849659],[10.798117,59.849646],[10.799343,59.849503]],[[10.797769,59.84155],[10.797262,59.840305]],[[10.797302,59.839402],[10.797339,59.840301]],[[10.797262,59.840305],[10.797222,59.839424]],[[10.802158,59.844625],[10.8018,59.844122],[10.801255,59.843661],[10.798718,59.842398],[10.797769,59.84155]],[[10.797339,59.840301],[10.79772,59.841343],[10.79824,59.841975],[10.799009,59.842508],[10.801324,59.843632],[10.801879,59.844105],[10.802237,59.844615]],[[10.798308,59.81443],[10.797154,59.815815],[10.796799,59.816771],[10.796876,59.817681],[10.797655,59.819317],[10.797832,59.820383]],[[10.796946,59.818055],[10.796711,59.817227],[10.796827,59.816328],[10.797191,59.815632],[10.797942,59.814747]],[[10.799973,59.812049],[10.799128,59.813493]],[[10.800195,59.811675],[10.799973,59.812049]],[[10.803812,59.809321],[10.804495,59.808785],[10.804989,59.808108],[10.80528,59.807384],[10.805338,59.806751]],[[10.804868,59.805167],[10.804363,59.803351],[10.804215,59.800493],[10.802834,59.797418],[10.802463,59.795092]],[[10.80239,59.794862],[10.801858,59.79398],[10.800477,59.792502],[10.800078,59.791654]],[[10.800262,59.787134],[10.799855,59.788526]],[[10.801053,59.784036],[10.80094,59.78557],[10.800262,59.787134]],[[10.801129,59.782637],[10.801053,59.784036]],[[10.807716,59.771914],[10.806331,59.773091],[10.805184,59.774264],[10.803977,59.775752],[10.802954,59.777288],[10.801733,59.779908],[10.801129,59.782637]],[[10.807809,59.771774],[10.809533,59.770673]],[[10.810243,59.770318],[10.807854,59.771811]],[[10.809533,59.770673],[10.81079,59.769873],[10.811463,59.769171],[10.811776,59.768575],[10.81224,59.766517]],[[10.812319,59.766522],[10.811667,59.768985],[10.811071,59.769714],[10.810243,59.770318]],[[10.820827,59.763445],[10.820704,59.763459]],[[10.824569,59.761744],[10.824481,59.76185]],[[10.835394,59.758155],[10.836329,59.757449],[10.837222,59.756526],[10.837868,59.755536],[10.838165,59.754631],[10.838191,59.754008],[10.837991,59.753065],[10.836861,59.750324]],[[10.836943,59.750319],[10.837989,59.752828],[10.838266,59.754429],[10.83805,59.755294],[10.837646,59.756048],[10.837086,59.756781],[10.836178,59.75765]],[[10.836789,59.750161],[10.835885,59.748048],[10.835805,59.747009],[10.836244,59.745908],[10.837741,59.744236]],[[10.837816,59.744252],[10.836463,59.745732],[10.835941,59.746844],[10.835981,59.748041],[10.836867,59.750151]],[[10.839024,59.727398],[10.841103,59.730212]],[[10.841019,59.73022],[10.838935,59.727414]],[[10.83786,59.726432],[10.83721,59.725327]],[[11.105294,60.023759],[11.110164,60.024804],[11.112122,60.025297],[11.11407,60.025911],[11.116541,60.026857]],[[11.086355,59.999586],[11.088228,60.000837],[11.09093,60.00217]],[[10.764693,59.888609],[10.764621,59.888683]],[[10.759594,59.901075],[10.760851,59.901527]],[[10.760822,59.901214],[10.760235,59.901032]],[[10.766717,59.904025],[10.76753,59.9044]],[[12.292291,57.689898],[12.307597,57.689601]],[[12.335203,57.691801],[12.336727,57.692573]],[[12.334957,57.691699],[12.335203,57.691801]],[[11.821396,58.068962],[11.822975,58.071039],[11.826901,58.075015]],[[12.32785,57.798601],[12.326235,57.798189],[12.323336,57.797303],[12.32108,57.796383],[12.318983,57.79511],[12.316187,57.792958]],[[12.327836,57.798544],[12.323272,57.797123],[12.321254,57.796287],[12.319731,57.795413],[12.316409,57.792984]],[[11.149117,60.270789],[11.164347,60.283749]],[[11.164287,60.283778],[11.14905,60.270811]],[[11.195793,60.299463],[11.197298,60.299945]],[[11.195745,60.299497],[11.190195,60.297713]],[[11.190242,60.297677],[11.195793,60.299463]],[[11.247159,60.335587],[11.247588,60.3327]],[[11.329646,60.030108],[11.330211,60.030357]],[[11.330211,60.030357],[11.33076,60.030598]],[[11.251622,59.984582],[11.251994,59.984508]],[[11.237037,59.984918],[11.237492,59.985082]],[[11.180098,59.930934],[11.180642,59.932045]],[[11.158536,59.924325],[11.158988,59.924662]],[[11.123517,59.934565],[11.134714,59.925948],[11.136356,59.924888],[11.138243,59.923937]],[[11.073986,59.949729],[11.074047,59.949715]],[[11.053597,59.954181],[11.051061,59.95418]],[[11.051977,59.954154],[11.053465,59.954145]],[[10.761017,59.901217],[10.760235,59.901032]],[[10.586191,59.911254],[10.604601,59.913739],[10.608939,59.914218],[10.613436,59.914491],[10.627304,59.914879]],[[10.584542,59.911031],[10.586191,59.911254]],[[10.586179,59.911294],[10.584534,59.911072]],[[10.627303,59.914919],[10.61343,59.914532],[10.608925,59.914258],[10.604581,59.913778],[10.586179,59.911294]],[[10.770665,59.907492],[10.772177,59.907225]],[[10.773449,59.906962],[10.773327,59.906983]],[[10.773327,59.906983],[10.770707,59.907443]],[[10.769512,59.907612],[10.774597,59.90672]],[[10.753522,59.910771],[10.75606,59.910162]],[[10.759125,59.910112],[10.756591,59.910719]],[[10.753951,59.911229],[10.756489,59.910618]],[[10.760179,59.908856],[10.760622,59.908778]],[[10.763038,59.909169],[10.761112,59.909507]],[[10.761112,59.909507],[10.760424,59.909627]],[[10.762914,59.900877],[10.763018,59.901099]],[[10.76485,59.905144],[10.764741,59.904945]],[[10.764605,59.904529],[10.764898,59.90507]],[[10.763072,59.900897],[10.763518,59.901866]],[[10.763136,59.908564],[10.762652,59.908622]],[[10.763455,59.908479],[10.764214,59.90839]],[[10.619252,60.98601],[10.618978,60.986021]],[[10.625081,60.985308],[10.62238,60.985793],[10.619252,60.98601]],[[10.372719,61.274574],[10.372468,61.274632]],[[10.419866,61.25485],[10.416969,61.257598],[10.415759,61.258511],[10.409797,61.26174],[10.40759,61.263148],[10.404609,61.265269],[10.402786,61.266216],[10.393107,61.270222],[10.389399,61.271468],[10.386593,61.272193],[10.384207,61.272694],[10.380583,61.273337],[10.376528,61.273916]],[[11.470707,60.127907],[11.473915,60.130521],[11.475341,60.13276],[11.476039,60.133549],[11.479563,60.136278],[11.480403,60.137214]],[[11.464187,60.122286],[11.46425,60.122524]],[[11.392504,60.069108],[11.394588,60.069934]],[[11.384651,60.058205],[11.385681,60.059581],[11.386911,60.063412],[11.388369,60.066096]],[[11.343131,60.035408],[11.34559,60.036544],[11.348611,60.037554]],[[11.33076,60.030598],[11.333308,60.031692],[11.335538,60.032496]],[[11.318285,60.023259],[11.319368,60.02411],[11.320964,60.024951]],[[11.304419,60.007317],[11.304473,60.007368]],[[11.283488,59.996791],[11.287026,59.998505],[11.288026,59.999222],[11.288915,60.000118]],[[11.2608,59.984578],[11.26234,59.984984],[11.264324,59.98571],[11.266154,59.986586],[11.267573,59.987448]],[[12.053638,60.258955],[12.053731,60.259381]],[[12.02146,60.188204],[12.022862,60.188265]],[[12.022463,60.188191],[12.023134,60.188208]],[[11.997866,60.188369],[11.99849,60.188195]],[[11.991936,60.189262],[11.993959,60.189034]],[[11.993959,60.189034],[11.996264,60.18876],[11.997866,60.188369]],[[11.982936,60.192875],[11.983463,60.192256],[11.984119,60.191718],[11.984906,60.191245],[11.985911,60.190793],[11.987385,60.190271],[11.988927,60.189837],[11.991936,60.189262]],[[11.884748,60.197425],[11.886895,60.197751],[11.889183,60.198274],[11.894087,60.19993]],[[11.884483,60.197395],[11.884748,60.197425]],[[11.863065,60.203182],[11.873208,60.19874]],[[11.873208,60.19874],[11.875142,60.198048]],[[11.817878,60.222976],[11.817924,60.222956]],[[11.804699,60.227586],[11.804943,60.227539]],[[11.688676,60.254776],[11.690405,60.254595],[11.692047,60.254282],[11.693711,60.253807],[11.695205,60.253197]],[[11.687012,60.254833],[11.688676,60.254776]],[[11.674471,60.247536],[11.674941,60.248451]],[[11.674941,60.248451],[11.675663,60.24986]],[[11.675112,60.226935],[11.675091,60.228171],[11.674136,60.235081],[11.674314,60.237199]],[[11.645377,60.209758],[11.648899,60.2109]],[[11.634519,60.207669],[11.635179,60.207784]],[[11.569443,60.173339],[11.569952,60.173962],[11.570288,60.174643]],[[11.563472,60.167678],[11.563779,60.167974]],[[11.541267,60.166446],[11.552261,60.165023]],[[11.552261,60.165023],[11.553864,60.164888],[11.555356,60.1649],[11.556886,60.165056],[11.558653,60.165406],[11.56027,60.165838],[11.561586,60.166353],[11.562515,60.166881],[11.563472,60.167678]],[[11.505121,60.15822],[11.505738,60.158455]],[[11.480403,60.137214],[11.480804,60.138077],[11.480882,60.139015],[11.479975,60.141463],[11.479798,60.142945],[11.480022,60.143837],[11.480655,60.144742]],[[12.078898,60.498736],[12.07889,60.498785]],[[12.079591,60.494647],[12.078898,60.498736]],[[12.079893,60.492806],[12.079591,60.494647]],[[12.07842,60.489466],[12.079244,60.490262],[12.079803,60.491137],[12.079977,60.491758],[12.079916,60.492697]],[[12.07889,60.498785],[12.067402,60.566177],[12.067127,60.567157],[12.066549,60.568204],[12.065854,60.569036],[12.064673,60.570086]],[[12.079916,60.492697],[12.079893,60.492806]],[[12.059117,60.452701],[12.062163,60.459108]],[[12.052526,60.438865],[12.059117,60.452701]],[[12.052493,60.438798],[12.052526,60.438865]],[[12.050434,60.432837],[12.05092,60.435308],[12.052493,60.438798]],[[12.046217,60.391829],[12.050124,60.429879]],[[12.046209,60.391751],[12.046217,60.391829]],[[12.046084,60.390482],[12.046209,60.391751]],[[12.043452,60.378293],[12.043497,60.378405]],[[12.041153,60.366535],[12.040526,60.369387],[12.040629,60.371518],[12.041076,60.372894],[12.043452,60.378293]],[[12.046074,60.390393],[12.046084,60.390482]],[[12.043497,60.378405],[12.044792,60.381386],[12.045224,60.382793],[12.046074,60.390393]],[[12.049097,60.340998],[12.050757,60.341527],[12.052308,60.342327],[12.053346,60.343155],[12.05399,60.344121],[12.054148,60.344673],[12.054145,60.345533],[12.053755,60.351662],[12.053523,60.353202],[12.053075,60.354252],[12.052422,60.355208],[12.05183,60.355864],[12.050693,60.356841],[12.049013,60.357901],[12.043192,60.36079]],[[12.018385,60.600582],[12.017465,60.60138],[12.016068,60.602155],[12.01504,60.602615],[12.013115,60.603215],[12.012311,60.603549],[12.011652,60.604024],[12.01098,60.604844]],[[11.609645,60.8364],[11.608769,60.836509]],[[11.613345,60.835646],[11.611269,60.836154]],[[11.7145,60.806814],[11.712825,60.807122],[11.69593,60.808947],[11.677842,60.811865]],[[11.714976,60.806681],[11.714773,60.806741]],[[11.715472,60.806512],[11.714976,60.806681]],[[11.717857,60.804851],[11.716711,60.805918],[11.715472,60.806512]],[[11.795495,60.721572],[11.787347,60.727213]],[[11.787347,60.727213],[11.77305,60.737133],[11.770387,60.73915],[11.767232,60.741844],[11.76507,60.744132],[11.763493,60.746345],[11.7625,60.748247],[11.76122,60.751885]],[[11.827462,60.699115],[11.827191,60.699898],[11.826788,60.700438]],[[11.826788,60.700438],[11.823782,60.702726],[11.8205,60.704816],[11.817514,60.706466],[11.810051,60.710223],[11.805932,60.712708],[11.803183,60.714818],[11.799512,60.71841],[11.796399,60.720938]],[[11.837571,60.674042],[11.837506,60.674159]],[[11.83858,60.672218],[11.837571,60.674042]],[[11.837506,60.674159],[11.836697,60.675939],[11.836204,60.677491],[11.835245,60.682308],[11.830061,60.689967],[11.829322,60.691409],[11.827462,60.699115]],[[11.838773,60.671863],[11.83858,60.672218]],[[11.96493,60.610376],[11.964793,60.610403]],[[11.977626,60.608932],[11.968939,60.60975],[11.96493,60.610376]],[[11.981564,60.608829],[11.979306,60.608814],[11.977626,60.608932]],[[11.986657,60.609266],[11.98186,60.60884]],[[12.01098,60.604844],[12.00965,60.606206],[12.008781,60.606879],[12.007925,60.607381],[12.007099,60.607717],[12.005979,60.608019],[12.004878,60.608194],[12.00361,60.608285]],[[11.546845,60.86159],[11.54356,60.864536],[11.543094,60.865343],[11.542898,60.866371]],[[11.588615,60.843013],[11.587381,60.843598],[11.586455,60.843831],[11.585552,60.843952],[11.583993,60.843943],[11.581954,60.84364],[11.581046,60.843589],[11.579947,60.843646],[11.578766,60.843855]],[[11.603063,60.837244],[11.598766,60.83785],[11.597494,60.838155],[11.595987,60.83866],[11.594467,60.839388],[11.588615,60.843013]],[[10.759594,59.901075],[10.759478,59.901027]],[[10.764741,59.904945],[10.764519,59.904546]],[[10.956735,60.854933],[10.95679,60.85504]],[[10.956363,60.854234],[10.956735,60.854933]],[[11.527829,60.878488],[11.541943,60.877754]],[[11.540983,60.889626],[11.541507,60.889257]],[[11.547076,60.880665],[11.54694,60.880985]],[[11.547216,60.880771],[11.547142,60.880928]],[[11.10545,60.796925],[11.111284,60.797118]],[[11.340407,60.817495],[11.345024,60.820358]],[[11.449169,60.870577],[11.460449,60.874608]],[[11.409495,60.851543],[11.415739,60.854382],[11.418134,60.855691],[11.429891,60.864059],[11.431481,60.86496],[11.434018,60.865983],[11.443704,60.868652],[11.449045,60.870533]],[[11.485148,60.873147],[11.501163,60.878413],[11.502827,60.878842],[11.505301,60.879255],[11.507163,60.879415],[11.509507,60.87944],[11.527244,60.87852]],[[11.219534,60.776787],[11.227213,60.776757]],[[11.219292,60.776787],[11.219534,60.776787]],[[11.339394,60.816783],[11.340216,60.817362]],[[11.559883,60.850263],[11.546845,60.86159]],[[10.432325,59.827973],[10.432302,59.82785]],[[10.432302,59.82785],[10.432283,59.827731]],[[10.76136,59.901296],[10.761017,59.901217]],[[10.764214,59.90839],[10.764649,59.908312]],[[13.349621,65.591739],[13.348426,65.592147]],[[10.957021,60.862639],[10.956999,60.863108]],[[10.95679,60.85504],[10.957214,60.856006],[10.957387,60.857011],[10.957021,60.862639]],[[11.796399,60.720938],[11.795495,60.721572]],[[12.062163,60.459108],[12.062273,60.459332]],[[11.238236,59.98531],[11.238764,59.985444]],[[11.469886,60.127322],[11.470707,60.127907]],[[10.676234,59.922934],[10.678469,59.922416]],[[10.67863,59.922588],[10.676298,59.923075]],[[10.678502,59.922453],[10.676254,59.922974]],[[10.676209,59.922879],[10.678673,59.922226]],[[10.67988,59.922234],[10.678969,59.922493]],[[10.679755,59.92212],[10.678832,59.922368]],[[10.678793,59.922333],[10.679713,59.922085]],[[10.678673,59.922226],[10.679588,59.921973]],[[11.248416,60.327591],[11.248428,60.328319]],[[11.140641,59.923005],[11.142437,59.922445],[11.14428,59.921986]],[[11.138243,59.923937],[11.140641,59.923005]],[[11.176538,59.928835],[11.178166,59.9293]],[[11.351345,60.038826],[11.352677,60.039709]],[[11.348611,60.037554],[11.350021,60.038122],[11.351345,60.038826]],[[11.419076,60.084601],[11.420342,60.08548]],[[11.407257,60.076167],[11.41097,60.078176],[11.412369,60.079034],[11.413482,60.079921],[11.41597,60.082358],[11.419076,60.084601]],[[12.12213,59.982701],[12.123101,59.982313]],[[12.123101,59.982313],[12.126729,59.980853]],[[12.126729,59.980853],[12.128722,59.979916],[12.131939,59.978189],[12.133185,59.97774],[12.136269,59.97685],[12.138033,59.976134]],[[12.130369,60.057675],[12.12999,60.056945]],[[12.130399,60.057727],[12.130369,60.057675]],[[12.134611,60.065664],[12.134455,60.064868],[12.134607,60.063043],[12.134329,60.062353],[12.133735,60.061599]],[[12.133735,60.061599],[12.131128,60.058691],[12.130399,60.057727]],[[12.119969,60.018406],[12.11956,60.016569],[12.117617,59.999169],[12.117424,59.995188]],[[12.034458,60.187534],[12.036524,60.186985]],[[12.029356,60.188096],[12.032456,60.187846],[12.034458,60.187534]],[[12.045108,60.179292],[12.045468,60.178662],[12.046105,60.177991]],[[12.052727,60.170436],[12.053063,60.16889],[12.05307,60.167407],[12.052757,60.165934],[12.052104,60.164491]],[[12.049685,60.151719],[12.050855,60.150884]],[[12.081669,60.135575],[12.085624,60.134587],[12.092285,60.133357],[12.093884,60.132999],[12.096127,60.132217],[12.097907,60.131213]],[[12.097907,60.131213],[12.098598,60.130721]],[[12.112193,60.116259],[12.113284,60.113887]],[[12.120086,60.094382],[12.11932,60.090894]],[[12.11993,60.084228],[12.12009,60.084083]],[[12.131776,60.073981],[12.132606,60.072691]],[[11.247386,60.322797],[11.248102,60.324713],[11.248394,60.326578]],[[11.202708,60.301601],[11.20541,60.302452]],[[5.464676,60.382155],[5.462647,60.381009],[5.459556,60.37981],[5.458462,60.379149],[5.457864,60.378433],[5.455318,60.373616]],[[5.464791,60.38223],[5.464676,60.382155]],[[5.46678,60.385044],[5.466611,60.384918]],[[5.469262,60.387774],[5.468607,60.386484],[5.46678,60.385044]],[[11.247983,60.331772],[11.247359,60.335473]],[[11.345024,60.820358],[11.345355,60.820563]],[[11.639776,63.444102],[11.641201,63.444411]],[[11.639577,63.444066],[11.639776,63.444102]],[[11.928558,63.378497],[11.932077,63.377371],[11.934819,63.376652],[11.936854,63.376461],[11.939536,63.376537],[11.940738,63.3765],[11.94212,63.376325],[11.943252,63.376052],[11.944025,63.375774],[11.944839,63.375345],[11.946684,63.373738],[11.948738,63.372598],[11.951979,63.371102],[11.953829,63.370611],[11.955457,63.370451],[11.956887,63.370472],[11.963032,63.371319],[11.964693,63.371455],[11.966216,63.371489],[11.96872,63.371358],[11.972861,63.370849],[11.976093,63.370863],[11.977234,63.370794],[11.979145,63.370455],[11.99124,63.367293],[11.997078,63.366195]],[[11.928396,63.378557],[11.928558,63.378497]],[[11.323488,59.555618],[11.323406,59.556371]],[[12.157488,58.010869],[12.157973,58.011291],[12.158358,58.011872],[12.15848,58.01241],[12.158347,58.013088],[12.151784,58.024757],[12.149982,58.03101]],[[12.14998,58.031127],[12.149982,58.03101]],[[10.658633,59.424781],[10.658748,59.424083]],[[11.285512,58.724218],[11.283994,58.725918],[11.267796,58.747611],[11.266255,58.749236],[11.253398,58.761816],[11.252133,58.763311],[11.25082,58.765705],[11.250197,58.768105],[11.249594,58.774075],[11.248466,58.780876],[11.249545,58.786797],[11.249842,58.787858],[11.252603,58.793135],[11.252995,58.794237],[11.253084,58.802149]],[[11.253084,58.802149],[11.253083,58.802284]],[[11.453475,63.761982],[11.459166,63.764094],[11.463762,63.766123]],[[11.127039,60.037361],[11.127002,60.037279]],[[11.127002,60.037279],[11.127042,60.03736]],[[11.957834,57.732084],[11.951484,57.745409],[11.947472,57.753306],[11.944794,57.761094]],[[11.944794,57.761094],[11.944773,57.761152]],[[10.206865,59.73933],[10.209105,59.738242]],[[10.408428,63.437036],[10.409225,63.437058]],[[11.383321,62.574022],[11.373847,62.575196]],[[11.382925,62.569616],[11.375695,62.567675]],[[11.349243,62.586055],[11.347065,62.581504]],[[11.403322,62.641045],[11.402157,62.640575],[11.401375,62.640117],[11.394861,62.635276]],[[11.384569,62.63225],[11.382119,62.630799],[11.380513,62.629574],[11.373331,62.622232],[11.371421,62.620823]],[[11.371421,62.620823],[11.365978,62.617337],[11.364845,62.616486],[11.363738,62.615451],[11.362295,62.613482],[11.360168,62.609029]],[[11.373847,62.575196],[11.365088,62.576262]],[[11.360149,62.608988],[11.349243,62.586055]],[[11.419213,62.665157],[11.418504,62.653136],[11.417862,62.651117],[11.416963,62.649541],[11.415953,62.648271],[11.414642,62.646992],[11.413371,62.645973],[11.411628,62.644797],[11.410154,62.643947],[11.40761,62.642708],[11.403322,62.641045]],[[11.419403,62.671877],[11.419512,62.670903]],[[11.411473,62.67678],[11.414169,62.675528]],[[11.33621,62.568206],[11.336007,62.567778]],[[10.801678,63.412938],[10.802371,63.413122]],[[12.008954,57.723906],[12.008486,57.723827]],[[12.003541,57.724711],[12.002947,57.722474]],[[12.002758,57.722529],[12.002994,57.723233]],[[12.008486,57.723827],[12.006403,57.723465]],[[12.006403,57.723465],[12.005333,57.723151],[12.004644,57.722832]],[[12.015371,57.724832],[12.014325,57.724726]],[[10.211036,60.173358],[10.207885,60.175311],[10.20486,60.176698],[10.203687,60.177117],[10.2024,60.17746],[10.201003,60.177717],[10.199422,60.177893]],[[10.2111,60.173316],[10.211036,60.173358]],[[11.237919,60.391477],[11.237588,60.387279]],[[11.237671,60.387278],[11.238003,60.391476]],[[10.555048,62.984036],[10.555462,62.983087],[10.556052,62.9822],[10.560085,62.977225],[10.561041,62.976458],[10.563098,62.975422]],[[10.555031,62.984091],[10.555048,62.984036]],[[10.554924,62.984433],[10.555031,62.984091]],[[10.551997,62.986499],[10.55337,62.986037],[10.554203,62.985554],[10.55473,62.984957],[10.554924,62.984433]],[[10.527418,62.993282],[10.529031,62.993027],[10.535772,62.992312],[10.538032,62.991867],[10.539917,62.991181],[10.542494,62.989691],[10.544589,62.988753],[10.546681,62.988057],[10.551997,62.986499]],[[10.502448,62.996083],[10.50345,62.99563],[10.505028,62.994689],[10.506135,62.994331],[10.507296,62.994132],[10.512171,62.993945],[10.516344,62.993993],[10.520148,62.993734],[10.524949,62.993622],[10.527418,62.993282]],[[10.475401,62.996058],[10.477506,62.996443],[10.480015,62.99716],[10.481394,62.997395],[10.484905,62.997706],[10.489804,62.997957],[10.492551,62.998181],[10.493913,62.998155],[10.49513,62.997975],[10.499541,62.996807]],[[10.465694,63.000597],[10.464451,63.000976]],[[10.446931,63.01596],[10.449011,63.012804],[10.450269,63.011261],[10.451263,63.010558],[10.454091,63.0092]],[[10.393375,63.017939],[10.395632,63.018826],[10.396885,63.019195],[10.401764,63.020018],[10.40358,63.0201],[10.409741,63.01975]],[[10.389586,63.017327],[10.391448,63.017493],[10.393278,63.017907]],[[10.339545,63.019248],[10.340519,63.01891],[10.341698,63.018666],[10.344386,63.018399],[10.347772,63.017941],[10.351275,63.017801],[10.353442,63.017496]],[[10.353442,63.017496],[10.355206,63.017233],[10.356813,63.017124],[10.363736,63.017114],[10.368102,63.016977],[10.373993,63.017033],[10.378563,63.017351]],[[10.73425,62.954979],[10.735663,62.954431],[10.739114,62.952653],[10.740646,62.952041],[10.742195,62.951645],[10.748059,62.950584],[10.7501,62.950027],[10.752606,62.949137]],[[10.68982,62.954112],[10.688015,62.953207],[10.686529,62.952277],[10.681798,62.948412]],[[10.681745,62.948368],[10.677304,62.944678],[10.675438,62.943602],[10.673989,62.943032],[10.671999,62.942473],[10.670292,62.942163],[10.666774,62.941704]],[[10.644546,62.943021],[10.645782,62.943015],[10.646785,62.943097],[10.649097,62.943542],[10.650591,62.943733],[10.651955,62.943781],[10.653556,62.943715]],[[10.617313,62.952963],[10.619095,62.952994],[10.621042,62.953125]],[[10.563098,62.975422],[10.57183,62.971698],[10.574264,62.970821],[10.580945,62.968687],[10.583194,62.96778],[10.584357,62.967177],[10.585713,62.966294],[10.588113,62.96403]],[[11.356691,62.711656],[11.361034,62.709386]],[[11.329076,62.726731],[11.338359,62.72207]],[[11.327773,62.727716],[11.328293,62.727221],[11.329076,62.726731]],[[11.324813,62.745354],[11.324346,62.744537]],[[11.351292,62.773381],[11.350677,62.769699],[11.34979,62.768889],[11.348369,62.768321]],[[11.355613,62.777769],[11.354075,62.776954],[11.35327,62.776186]],[[11.359223,62.784798],[11.358547,62.784008],[11.35837,62.783327],[11.35852,62.78275],[11.359191,62.781807]],[[11.384189,62.80434],[11.383589,62.803207],[11.383455,62.802636],[11.383714,62.801942],[11.384428,62.801301]],[[11.349401,62.826378],[11.350401,62.82561]],[[11.331646,62.839436],[11.333101,62.838485]],[[11.312352,62.846967],[11.312811,62.846938]],[[11.276015,62.850078],[11.277598,62.850016]],[[11.262789,62.850614],[11.26556,62.850407]],[[11.239467,62.852467],[11.248276,62.851492],[11.25339,62.851437],[11.259733,62.850941]],[[11.225143,62.859341],[11.225407,62.859167]],[[11.18992,62.877421],[11.191538,62.875321],[11.192087,62.874865],[11.192924,62.874408],[11.194064,62.874003],[11.195381,62.873723],[11.196828,62.873533],[11.199208,62.873349]],[[11.194194,62.897975],[11.193463,62.897009],[11.192529,62.896355],[11.191285,62.895833],[11.188432,62.895005],[11.187582,62.894582],[11.186965,62.894122],[11.186526,62.893555],[11.186365,62.89278],[11.187063,62.891281]],[[11.181845,62.916157],[11.185642,62.913413],[11.187163,62.911991],[11.188585,62.910961],[11.190929,62.909482],[11.193153,62.908322],[11.194465,62.907516]],[[11.178769,62.919647],[11.179347,62.918959]],[[11.156793,62.925959],[11.157404,62.925923]],[[11.1502,62.927298],[11.150522,62.927231]],[[11.140441,62.928885],[11.141219,62.928849]],[[11.112454,62.93174],[11.114213,62.931404],[11.117227,62.93059],[11.118594,62.930443],[11.120289,62.93046]],[[11.072674,62.941467],[11.072947,62.941409]],[[11.039501,62.953452],[11.040374,62.953025],[11.040981,62.952523],[11.043104,62.949444],[11.043557,62.949],[11.044501,62.948479],[11.04617,62.947974]],[[10.953291,62.968664],[10.954405,62.967824],[10.956303,62.967039],[10.957584,62.966701],[10.966113,62.965048],[10.96805,62.964586],[10.970868,62.963588],[10.974473,62.961836],[10.977759,62.960984]],[[10.929972,62.983604],[10.930975,62.983047],[10.932221,62.982663],[10.937568,62.981941],[10.938923,62.981637],[10.943307,62.979695],[10.944092,62.978978],[10.945035,62.977784],[10.94587,62.975803],[10.945769,62.975002],[10.944766,62.97385],[10.944542,62.973391],[10.94454,62.972872],[10.944839,62.972317],[10.945409,62.971837],[10.946205,62.97144],[10.949117,62.970615],[10.951832,62.96963],[10.95267,62.969173],[10.953291,62.968664]],[[10.929104,62.984219],[10.929972,62.983604]],[[10.911389,62.979209],[10.91497,62.98002],[10.918538,62.981101]],[[10.876752,62.966516],[10.87897,62.966964],[10.881741,62.967736],[10.884084,62.968546],[10.88901,62.970444],[10.890484,62.971353],[10.891946,62.972954],[10.893195,62.973891],[10.894959,62.974789],[10.897715,62.975864],[10.901104,62.977025],[10.904037,62.977894],[10.911389,62.979209]],[[10.863305,62.962114],[10.866195,62.962482],[10.868661,62.963101],[10.87077,62.964008],[10.873747,62.965716],[10.875255,62.966215],[10.876752,62.966516]],[[10.83616,62.960204],[10.842955,62.959568],[10.845515,62.95954],[10.847365,62.959626],[10.851135,62.960068],[10.859721,62.961678],[10.863305,62.962114]],[[10.835957,62.960224],[10.83616,62.960204]],[[10.835414,62.960281],[10.835957,62.960224]],[[10.827407,62.961112],[10.835025,62.960322]],[[11.375199,62.701941],[11.376719,62.700887],[11.380999,62.697243]],[[11.362598,62.708572],[11.375199,62.701941]],[[11.419512,62.670903],[11.419213,62.665157]],[[11.37546,61.0347],[11.37984,61.030388]],[[11.37984,61.030388],[11.388562,61.021781]],[[11.398696,61.011672],[11.401116,61.009267]],[[11.388606,61.021737],[11.393691,61.01667]],[[11.40118,61.009203],[11.402848,61.007576],[11.404455,61.006346],[11.406276,61.005274],[11.409195,61.003978]],[[11.42892,60.993723],[11.430075,60.993423],[11.432597,60.992977],[11.433868,60.9926],[11.434966,60.992083],[11.437191,60.990691],[11.438406,60.990165],[11.439746,60.98973]],[[11.457921,60.983409],[11.460973,60.98205],[11.466516,60.978932]],[[11.365236,61.151381],[11.367415,61.147905],[11.370792,61.143498]],[[11.366342,61.129893],[11.363021,61.126496],[11.362598,61.125756],[11.362454,61.125102],[11.362694,61.123971],[11.364657,61.120984],[11.365443,61.119531]],[[11.36483,61.106332],[11.362697,61.104413],[11.361994,61.103486],[11.361774,61.102776],[11.3615,61.098744],[11.360865,61.096717],[11.359265,61.094048],[11.358533,61.093307],[11.356631,61.091747],[11.355665,61.09053],[11.355236,61.089474],[11.354897,61.086885],[11.354564,61.086186],[11.353952,61.085455]],[[11.353952,61.085455],[11.353131,61.084426],[11.352856,61.082311],[11.351832,61.080916],[11.351415,61.079926],[11.35135,61.078733],[11.351807,61.076947]],[[11.259238,61.333993],[11.259478,61.333614]],[[11.284543,61.292064],[11.287558,61.288584],[11.292012,61.285372]],[[11.300052,61.281454],[11.305327,61.277464],[11.306526,61.276417],[11.307626,61.2752],[11.309003,61.273386],[11.311736,61.270606],[11.313475,61.267901]],[[11.313475,61.267901],[11.314132,61.266948],[11.314811,61.266293],[11.317001,61.264911]],[[11.318176,61.25718],[11.318577,61.256419],[11.319044,61.255883]],[[11.317001,61.264911],[11.318409,61.263917],[11.319203,61.262847],[11.319418,61.261792],[11.319012,61.260488]],[[11.327862,61.240192],[11.336409,61.215348]],[[11.327818,61.240334],[11.327862,61.240192]],[[11.337171,61.2103],[11.335894,61.206241]],[[11.335894,61.206241],[11.335843,61.205654],[11.336053,61.205025]],[[11.336053,61.205025],[11.336682,61.203972]],[[11.336715,61.203916],[11.339108,61.199891]],[[11.036313,61.580528],[11.036664,61.579597]],[[11.046246,61.571682],[11.046481,61.571536]],[[11.069122,61.537999],[11.069093,61.537371],[11.06838,61.536028],[11.068287,61.535431],[11.068425,61.53489],[11.069255,61.533593],[11.069375,61.532827],[11.069011,61.53203],[11.068007,61.531183]],[[11.068594,61.511447],[11.067358,61.510446],[11.066802,61.509749],[11.066657,61.508262],[11.066372,61.507236],[11.065548,61.505794],[11.06515,61.504606],[11.064545,61.503775]],[[11.050675,61.483628],[11.049435,61.483523],[11.047246,61.483472],[11.045614,61.483227]],[[11.045614,61.483227],[11.04411,61.482794],[11.042643,61.482209],[11.041398,61.481528],[11.040431,61.480791],[11.03955,61.479723],[11.037173,61.475521],[11.037015,61.474292],[11.037378,61.473295],[11.037923,61.472693],[11.040962,61.470218]],[[11.040962,61.470218],[11.041702,61.469628],[11.042192,61.469012],[11.042732,61.467235],[11.04391,61.465731],[11.044087,61.465018]],[[11.044089,61.464928],[11.044506,61.463615],[11.044498,61.462775]],[[11.044087,61.465018],[11.044089,61.464928]],[[11.044498,61.462775],[11.044681,61.462034],[11.045913,61.460543],[11.046496,61.459437],[11.047912,61.457505],[11.048482,61.456019],[11.04957,61.454559],[11.050092,61.453396],[11.050354,61.451779]],[[11.059277,61.447527],[11.063973,61.445596],[11.065544,61.444848]],[[11.092933,61.425459],[11.127831,61.414204],[11.129989,61.413205],[11.13195,61.411977],[11.133753,61.410372],[11.134944,61.408904]],[[11.134944,61.408904],[11.135506,61.408136],[11.13614,61.407624],[11.137026,61.407166],[11.139067,61.406491],[11.140487,61.405837],[11.141426,61.405178],[11.142451,61.404124],[11.143653,61.402565],[11.144555,61.401033],[11.147341,61.394554]],[[11.147341,61.394554],[11.147369,61.394488]],[[11.159665,61.389213],[11.163742,61.387256],[11.168855,61.385373]],[[11.168855,61.385373],[11.204781,61.372439]],[[11.215784,61.368474],[11.216484,61.368222]],[[11.2217,61.363776],[11.222047,61.362808],[11.222968,61.361803],[11.224001,61.361159],[11.22609,61.360197],[11.227324,61.359403]],[[11.227324,61.359403],[11.245918,61.346194],[11.250285,61.343572]],[[11.250285,61.343572],[11.253931,61.340455],[11.255315,61.33868],[11.256705,61.337331],[11.257285,61.336593]],[[10.867512,61.835043],[10.860575,61.833002]],[[10.844871,61.816296],[10.845513,61.812944],[10.845311,61.808719],[10.845382,61.80764],[10.847002,61.800513]],[[10.847017,61.800449],[10.847565,61.798126]],[[10.847565,61.798126],[10.848097,61.797263]],[[10.848946,61.78732],[10.842699,61.781005]],[[10.825124,61.761915],[10.820173,61.749731],[10.820014,61.748467],[10.82034,61.747137]],[[10.82034,61.747137],[10.822399,61.741983]],[[10.828259,61.736255],[10.864149,61.715788]],[[10.905093,61.694683],[10.907903,61.691144],[10.912049,61.687489],[10.912653,61.686633],[10.913051,61.685625]],[[10.897654,61.644604],[10.897915,61.643806],[10.897939,61.642535],[10.898672,61.640766]],[[10.898672,61.640766],[10.899238,61.638588],[10.900401,61.635959],[10.901923,61.631073],[10.902016,61.630121],[10.9018,61.628046]],[[10.9018,61.628046],[10.901815,61.627115],[10.902117,61.626292],[10.902857,61.624843],[10.903581,61.623992],[10.904812,61.623213],[10.910868,61.620083]],[[10.910868,61.620083],[10.911868,61.619591],[10.913063,61.619155],[10.916057,61.618422],[10.916941,61.618137],[10.919319,61.616995],[10.922472,61.615882],[10.92425,61.614708],[10.925184,61.614291],[10.93204,61.612028],[10.933424,61.611685],[10.934606,61.611544],[10.939466,61.611252],[10.940775,61.610978],[10.94411,61.610018],[10.946297,61.609701],[10.948295,61.609682],[10.950227,61.609809],[10.952212,61.610078],[10.95494,61.610625],[10.957046,61.610746],[10.966946,61.609792],[10.970818,61.609288],[10.973506,61.609105],[10.975261,61.608786]],[[10.975261,61.608786],[10.977775,61.608067]],[[11.014972,61.603076],[11.015819,61.60344],[11.016669,61.603668]],[[11.024065,61.599192],[11.024449,61.598953]],[[10.628693,62.112774],[10.628687,62.112994]],[[10.629198,62.111532],[10.62872,62.112543]],[[10.634143,62.108237],[10.634857,62.107739],[10.635361,62.107185]],[[10.655057,62.094971],[10.655587,62.094339],[10.656309,62.093814],[10.657277,62.093369],[10.658424,62.09303]],[[10.658424,62.09303],[10.662266,62.092003],[10.664888,62.091116]],[[10.689951,62.083406],[10.69186,62.082911],[10.692617,62.082577],[10.693342,62.082114],[10.694049,62.08126],[10.694446,62.079833]],[[10.694474,62.079766],[10.694876,62.079134],[10.695665,62.078403]],[[10.694446,62.079833],[10.694474,62.079766]],[[10.695738,62.078352],[10.696609,62.077825],[10.697863,62.077298],[10.699164,62.076981],[10.702183,62.076665],[10.703212,62.076468],[10.70448,62.076016],[10.705453,62.075387]],[[10.729655,62.046614],[10.730782,62.045986],[10.731884,62.045508],[10.739385,62.043134],[10.742438,62.041866]],[[10.742438,62.041866],[10.743788,62.041171],[10.745694,62.039825],[10.746709,62.039313],[10.748291,62.038788],[10.750492,62.038396]],[[10.750492,62.038396],[10.752259,62.038092],[10.754493,62.037492],[10.75776,62.036885],[10.761045,62.036577],[10.762266,62.036356],[10.763672,62.035883],[10.766508,62.034511],[10.767835,62.034137],[10.769196,62.033943],[10.772496,62.033708],[10.775689,62.033182],[10.778496,62.032872],[10.779634,62.032649],[10.781361,62.032125],[10.782406,62.031709],[10.786694,62.029259],[10.78776,62.02877],[10.789379,62.028368],[10.792968,62.028036],[10.794666,62.027608]],[[10.794666,62.027608],[10.800067,62.025953],[10.829444,62.019082],[10.833323,62.017954],[10.836138,62.01685],[10.837552,62.016112],[10.838919,62.015218],[10.839903,62.014403],[10.840713,62.013537],[10.841409,62.012476],[10.843991,62.007104],[10.844486,62.006416],[10.845401,62.005522],[10.846881,62.004503],[10.858106,61.998324],[10.85924,61.997518],[10.860224,61.996566]],[[10.860224,61.996566],[10.86101,61.995923],[10.862011,61.995408],[10.863448,61.994936],[10.864943,61.994656],[10.866559,61.99452],[10.878458,61.994039],[10.880443,61.993831],[10.881944,61.993569],[10.883917,61.993046],[10.885253,61.992594],[10.88946,61.990825],[10.890977,61.989985]],[[10.890977,61.989985],[10.893347,61.98808],[10.894918,61.986409],[10.896498,61.984158],[10.896959,61.983293],[10.897182,61.982511],[10.897431,61.980276],[10.897039,61.97771],[10.897246,61.975055],[10.897141,61.97407],[10.896,61.971379],[10.895941,61.969403],[10.895769,61.968686],[10.893287,61.965169],[10.891772,61.961224],[10.8915,61.95967],[10.891918,61.954516],[10.892402,61.953033],[10.893077,61.951928],[10.894042,61.950847],[10.895273,61.949826],[10.897057,61.948652]],[[10.897057,61.948652],[10.897999,61.947941],[10.89885,61.946756],[10.899424,61.946191],[10.900107,61.945703],[10.902194,61.944522],[10.903122,61.943765],[10.903673,61.94271],[10.903484,61.941625],[10.902438,61.940289],[10.900299,61.938689],[10.89983,61.938207],[10.899561,61.937625],[10.899405,61.936452],[10.898947,61.935752],[10.894219,61.931622],[10.893257,61.93098],[10.892079,61.930441],[10.891048,61.930095],[10.888538,61.929464],[10.887567,61.929096],[10.886761,61.928612],[10.886071,61.92791]],[[10.886071,61.92791],[10.884874,61.926699],[10.882382,61.925077],[10.88177,61.924537],[10.881126,61.923694],[10.880454,61.922435],[10.87882,61.920344],[10.878363,61.918833],[10.878633,61.914737],[10.878393,61.913971],[10.877919,61.913209]],[[10.877919,61.913209],[10.877597,61.912667],[10.877231,61.911333],[10.875949,61.909817],[10.875636,61.908448],[10.875154,61.907657]],[[10.875154,61.907657],[10.874615,61.906774],[10.874489,61.906139],[10.87479,61.904292],[10.874428,61.901093],[10.87508,61.899383],[10.875184,61.898742],[10.874549,61.895726],[10.874588,61.895003],[10.875015,61.894106],[10.87587,61.893255],[10.877213,61.892469],[10.878809,61.891859]],[[10.878809,61.891859],[10.888538,61.888495],[10.891059,61.887453]],[[10.891244,61.887365],[10.895653,61.885226],[10.896791,61.884517],[10.89767,61.883797],[10.90096,61.879613],[10.906103,61.8744],[10.907188,61.873042],[10.908513,61.870342],[10.908939,61.868987],[10.909333,61.859598]],[[10.891059,61.887453],[10.891244,61.887365]],[[10.909333,61.859598],[10.909154,61.858677],[10.908769,61.858047],[10.905966,61.855343],[10.905738,61.854772],[10.90575,61.854175]],[[10.90575,61.854175],[10.906097,61.849935],[10.905781,61.848546],[10.904909,61.847145],[10.903775,61.845733],[10.902903,61.84486],[10.901624,61.843863],[10.90042,61.843115],[10.898776,61.842288],[10.897144,61.841623],[10.894982,61.840935],[10.891893,61.840238],[10.883057,61.838806]],[[10.663295,62.226264],[10.661988,62.224447],[10.660794,62.223047]],[[10.637873,62.189616],[10.639558,62.190541],[10.64064,62.191454],[10.641231,62.192272],[10.642283,62.194205]],[[10.642283,62.194205],[10.644984,62.19791],[10.646566,62.199791],[10.648514,62.201703],[10.65526,62.207803]],[[10.61827,62.16808],[10.618558,62.169025],[10.619593,62.169959]],[[10.62175,62.146053],[10.620523,62.148592],[10.620334,62.149253],[10.62034,62.150049],[10.620748,62.151341],[10.620828,62.152099],[10.620162,62.154865],[10.619736,62.155912],[10.61847,62.157721],[10.618013,62.159554],[10.617879,62.161801],[10.61827,62.16808]],[[10.626639,62.128573],[10.625554,62.134596],[10.625944,62.137005],[10.625826,62.138407],[10.625339,62.139692],[10.62482,62.140608],[10.622385,62.143791],[10.62175,62.146053]],[[10.778934,62.275906],[10.77821,62.27562]],[[10.768248,62.272324],[10.767979,62.272263]],[[10.76562,62.271645],[10.765392,62.271574]],[[10.767979,62.272263],[10.76562,62.271645]],[[10.754087,62.270116],[10.751822,62.269684]],[[10.751544,62.269632],[10.747968,62.268955],[10.745339,62.268552],[10.741681,62.268191],[10.738753,62.268043],[10.723912,62.26817],[10.721426,62.268322],[10.719384,62.268624]],[[10.751822,62.269684],[10.751544,62.269632]],[[10.765392,62.271574],[10.762843,62.270727],[10.761402,62.270438],[10.759818,62.270322],[10.756294,62.270409],[10.754087,62.270116]],[[10.687181,62.259245],[10.684652,62.257925],[10.681981,62.255873],[10.680752,62.25507],[10.677119,62.253153],[10.675326,62.252026],[10.673015,62.250211],[10.671273,62.248353],[10.670037,62.246424],[10.669285,62.24437],[10.669073,62.242615],[10.669177,62.240071],[10.668824,62.238755],[10.668235,62.237695],[10.666728,62.235705],[10.66567,62.233041],[10.664413,62.231331]],[[10.664413,62.231331],[10.663718,62.23046],[10.663448,62.229785],[10.663409,62.2291],[10.663749,62.227396],[10.663295,62.226264]],[[10.554065,60.394122],[10.553579,60.394339]],[[10.553579,60.394339],[10.55401,60.3941]],[[10.558584,60.3915],[10.559754,60.390561]],[[10.559754,60.390561],[10.558688,60.391549]],[[11.121127,62.440755],[11.120688,62.439474],[11.120047,62.438328],[11.119279,62.437315],[11.11831,62.436312],[11.116393,62.434815],[11.113098,62.432851],[11.111517,62.431387],[11.109989,62.430161]],[[11.232049,62.499302],[11.229715,62.498237],[11.228304,62.497726],[11.226315,62.497231],[11.223873,62.496819]],[[11.254649,62.50244],[11.252692,62.501632]],[[11.179691,62.477396],[11.178975,62.476863],[11.178228,62.476505],[11.175824,62.47579],[11.174881,62.475433]],[[10.995836,62.405674],[10.99579,62.406394],[10.996063,62.407028]],[[10.811924,62.283571],[10.808178,62.281869],[10.803061,62.280091]],[[10.836859,62.289236],[10.833685,62.288525],[10.824635,62.28718],[10.820973,62.286479],[10.818231,62.285793],[10.816119,62.28516],[10.814005,62.284422],[10.811924,62.283571]],[[10.865776,62.319539],[10.864953,62.318426],[10.863903,62.31615]],[[10.927817,62.376401],[10.925928,62.376112],[10.924376,62.375701],[10.923452,62.375346],[10.920527,62.373955],[10.919039,62.373464],[10.917881,62.37319]],[[10.941478,62.377977],[10.93797,62.377676],[10.927817,62.376401]],[[10.962763,62.386973],[10.956673,62.38239],[10.955013,62.3814],[10.953631,62.380745],[10.951315,62.379874],[10.948384,62.379048],[10.944645,62.378326],[10.941755,62.378]],[[10.996836,62.398712],[10.996885,62.400643],[10.995836,62.405674]],[[10.908524,62.352679],[10.906973,62.352061],[10.905453,62.351318],[10.904242,62.35056],[10.903111,62.349647],[10.902007,62.348409],[10.901556,62.347593],[10.901034,62.34614],[10.900124,62.345113]],[[10.899988,62.344999],[10.899814,62.344856]],[[10.858861,62.309949],[10.845301,62.293483],[10.843742,62.292233],[10.84176,62.291072],[10.83934,62.290027],[10.837037,62.289285]],[[11.001013,62.410634],[11.000609,62.410387]],[[11.029724,62.414404],[11.028069,62.414479],[11.023483,62.414463],[11.018062,62.414633],[11.014844,62.414486],[11.012322,62.41421],[11.008512,62.413505],[11.005427,62.412671],[11.002909,62.411695],[11.001013,62.410634]],[[11.109989,62.430161],[11.108909,62.429437],[11.107765,62.428975],[11.094487,62.425147],[11.092598,62.424744],[11.088922,62.424365],[11.087549,62.424092],[11.086112,62.423522],[11.085115,62.422778]],[[11.085115,62.422778],[11.084005,62.421875],[11.081421,62.420523],[11.079579,62.419263],[11.077886,62.418529],[11.075849,62.418079],[11.06866,62.417167],[11.064909,62.416246],[11.0635,62.415989],[11.061423,62.415872],[11.053589,62.415937],[11.051693,62.415885],[11.040886,62.415186],[11.038244,62.41485],[11.035326,62.414332],[11.034087,62.414207],[11.032233,62.414198],[11.029724,62.414404]],[[11.174881,62.475433],[11.172789,62.474227],[11.170068,62.47209],[11.167675,62.470732],[11.165235,62.469693],[11.159958,62.467923],[11.157049,62.466456],[11.153515,62.46508],[11.150921,62.463551],[11.149062,62.462618],[11.142381,62.459992],[11.14108,62.459188],[11.134325,62.45429]],[[11.220624,62.496286],[11.202126,62.49325],[11.200423,62.492842],[11.198936,62.492277],[11.197864,62.491662],[11.197115,62.491031],[11.193885,62.48688],[11.193075,62.486102],[11.192297,62.485582],[11.190365,62.484625],[11.1894,62.484034],[11.188764,62.483455],[11.187662,62.482103],[11.18671,62.481334],[11.185161,62.480498],[11.182574,62.479533],[11.181623,62.479089],[11.180699,62.478448],[11.179691,62.477396]],[[11.301017,62.540203],[11.301815,62.539321]],[[11.30039,62.542903],[11.300156,62.542174],[11.300153,62.541591],[11.300381,62.541],[11.301017,62.540203]],[[11.498618,64.006216],[11.499699,64.007046],[11.499962,64.007913]],[[11.977761,57.7258],[11.977213,57.725734]],[[11.977767,57.725758],[11.977567,57.725733]],[[10.229697,59.741627],[10.229268,59.741296]],[[10.229112,59.741158],[10.229031,59.741093]],[[10.229402,59.741311],[10.22977,59.741604]],[[10.229149,59.741107],[10.229402,59.741311]],[[9.278965,62.12072],[9.280504,62.121918]],[[9.27887,62.120652],[9.278965,62.12072]],[[9.278884,62.120756],[9.280504,62.121918]],[[9.278789,62.120688],[9.278884,62.120756]],[[10.863903,62.31615],[10.858925,62.310027]],[[10.858925,62.310027],[10.858861,62.309949]],[[10.803061,62.280091],[10.800886,62.279297]],[[10.798739,62.278995],[10.798565,62.278988]],[[10.800725,62.279262],[10.798739,62.278995]],[[10.800886,62.279297],[10.800725,62.279262]],[[12.355696,58.732113],[12.355674,58.732252]],[[12.355674,58.732252],[12.355593,58.732602]],[[10.839959,59.735986],[10.841365,59.732622],[10.841401,59.731366],[10.841019,59.73022]],[[10.834607,59.719555],[10.834371,59.718721]],[[10.834354,59.717774],[10.834884,59.719537]],[[10.836519,59.723732],[10.837042,59.724531]],[[10.835486,59.721896],[10.834607,59.719555]],[[10.837042,59.724531],[10.838186,59.726218]],[[10.832975,59.714774],[10.833182,59.715561]],[[10.833099,59.715567],[10.832893,59.714782]],[[10.83432,59.717472],[10.834354,59.717774]],[[10.838514,59.741157],[10.838332,59.743216],[10.837816,59.744252]],[[10.834963,59.720743],[10.835422,59.722017]],[[10.839249,59.728154],[10.841032,59.73078]],[[12.015149,57.724758],[12.013794,57.724598]],[[12.004644,57.722832],[12.00333,57.721869],[12.001974,57.720505],[12.001175,57.719925]],[[12.003246,57.721909],[12.004598,57.722861]],[[12.006105,57.723043],[12.005304,57.722692]],[[12.009013,57.723766],[12.008583,57.723685]],[[12.012609,57.724372],[12.01458,57.72466]],[[7.49297,60.603641],[7.491396,60.603653]],[[7.325878,60.65031],[7.321594,60.651628]],[[7.321594,60.651628],[7.321356,60.651699]],[[5.738972,58.905358],[5.739075,58.905287]],[[5.731937,58.911095],[5.732283,58.909643],[5.733078,58.908679],[5.733903,58.908113],[5.738972,58.905358]],[[5.739039,58.90539],[5.733941,58.908157],[5.733096,58.908745],[5.732302,58.909776],[5.732019,58.911099]],[[7.500884,60.602937],[7.500666,60.602998]],[[7.500666,60.602998],[7.499081,60.603352]],[[7.510315,60.598945],[7.509291,60.599515]],[[7.511196,60.598486],[7.510315,60.598945]],[[7.326597,60.650086],[7.325878,60.65031]],[[7.119798,60.732969],[7.119183,60.732904]],[[12.168543,58.794651],[12.168387,58.79477]],[[12.229293,58.762424],[12.225136,58.766122],[12.223643,58.767145],[12.222079,58.768066],[12.220025,58.769081],[12.204664,58.775609],[12.202082,58.776808],[12.171791,58.792618],[12.16981,58.793757],[12.168543,58.794651]],[[12.10958,59.196935],[12.108112,59.197571]],[[12.234622,59.029645],[12.234402,59.030291]],[[10.469264,63.436148],[10.469456,63.436138]],[[7.020763,60.725254],[7.020576,60.725283]],[[5.726607,60.544521],[5.726439,60.544362]],[[5.726805,60.544711],[5.726607,60.544521]],[[11.242413,60.317829],[11.241962,60.317543]],[[11.241394,60.317202],[11.240722,60.316823]],[[11.238779,60.315735],[11.239353,60.315987]],[[11.239402,60.316161],[11.237955,60.315513]],[[11.239272,60.433649],[11.23918,60.432435],[11.239281,60.429497]],[[11.245525,60.35102],[11.245572,60.34874]],[[11.237955,60.315513],[11.23754,60.315332]],[[11.248184,60.328658],[11.248251,60.327527]],[[11.247185,60.322876],[11.246995,60.322502]],[[11.246514,60.321306],[11.246692,60.32157]],[[11.243706,60.370513],[11.244879,60.366449],[11.24523,60.364372],[11.245525,60.35102]],[[11.236782,60.407983],[11.236212,60.405906]],[[11.236296,60.405903],[11.236863,60.407975]],[[9.741336,62.608144],[9.745815,62.610112],[9.749352,62.612006]],[[9.741223,62.608098],[9.741336,62.608144]],[[12.068039,57.591105],[12.064443,57.594742],[12.06296,57.596079]],[[12.068193,57.590947],[12.068039,57.591105]],[[12.068098,57.591136],[12.068244,57.590982]],[[12.063025,57.596102],[12.064511,57.59476],[12.068098,57.591136]],[[15.231783,66.479058],[15.231619,66.480537],[15.231886,66.483253],[15.231321,66.485975],[15.230291,66.488267],[15.230259,66.488765],[15.23052,66.489597],[15.231328,66.490541],[15.232619,66.491376],[15.234248,66.492056],[15.238821,66.49368],[15.239709,66.494111],[15.240857,66.494881]],[[15.231802,66.478989],[15.231783,66.479058]],[[11.685473,60.25472],[11.687012,60.254833]],[[11.676063,60.250475],[11.677042,60.251713],[11.67865,60.25281]],[[12.033636,63.353214],[12.033648,63.35318]],[[12.031781,63.355526],[12.033102,63.354131],[12.033636,63.353214]],[[12.042562,63.345601],[12.054566,63.338964],[12.055949,63.338376],[12.060254,63.336913]],[[12.042455,63.345653],[12.042562,63.345601]],[[11.127232,60.037336],[11.128384,60.039188],[11.131778,60.043757],[11.138644,60.055422],[11.139373,60.056948],[11.139799,60.058203],[11.140248,60.061088]],[[11.140167,60.061089],[11.139719,60.058207],[11.139194,60.056717],[11.138564,60.055432],[11.1317,60.04377],[11.128305,60.039201],[11.127152,60.037346]],[[11.13997,60.083437],[11.139298,60.072248],[11.139326,60.07045],[11.139619,60.067922]],[[11.140069,60.064925],[11.139406,60.070452],[11.139382,60.072245],[11.140215,60.086032]],[[11.248428,60.328319],[11.248392,60.329032]],[[11.248328,60.330038],[11.248185,60.33099]],[[10.678832,59.922368],[10.678502,59.922453]],[[10.678469,59.922416],[10.678793,59.922333]],[[10.778475,59.945436],[10.778438,59.945517]],[[10.778438,59.945517],[10.77836,59.945688]],[[10.867114,60.058318],[10.867514,60.058409]],[[10.867514,60.058409],[10.868953,60.058964],[10.869978,60.059782],[10.870344,60.060653],[10.870125,60.061829]],[[10.33277,63.021864],[10.339545,63.019248]],[[10.332634,63.021917],[10.33277,63.021864]],[[10.724132,60.199175],[10.72468,60.197814],[10.724834,60.196831],[10.72465,60.195986],[10.724011,60.194955]],[[10.723581,60.194023],[10.724671,60.195843],[10.724938,60.196833],[10.724773,60.197823],[10.724132,60.199175]],[[10.725349,60.189917],[10.725609,60.189113],[10.725792,60.187658]],[[10.725792,60.187658],[10.725757,60.188641],[10.725526,60.18971],[10.725093,60.190512],[10.724284,60.191512]],[[9.540466,61.680795],[9.540635,61.681051]],[[9.545453,61.675384],[9.544341,61.676029],[9.543109,61.677546],[9.541972,61.678287]],[[6.810587,60.684798],[6.809464,60.683966],[6.807869,60.682376]],[[6.810704,60.684869],[6.810587,60.684798]],[[6.10469,60.646868],[6.101422,60.64643]],[[6.104818,60.646885],[6.10469,60.646868]],[[10.154142,59.744193],[10.147593,59.744622]],[[10.764276,59.903847],[10.764605,59.904529]],[[10.763635,59.902109],[10.764099,59.90315]],[[10.760078,59.909928],[10.756627,59.910757]],[[10.835698,59.722361],[10.835486,59.721896]],[[10.834884,59.719537],[10.835386,59.721211]],[[10.835386,59.721211],[10.835698,59.722361]],[[10.839152,59.728192],[10.83721,59.725327]],[[10.8385,59.72705],[10.839249,59.728154]],[[10.837253,59.725214],[10.837703,59.725878]],[[10.838935,59.727414],[10.83808,59.72624]],[[10.76341,59.901359],[10.763237,59.900916]],[[10.763518,59.901866],[10.763635,59.902109]],[[10.76119,59.909786],[10.762166,59.909551]],[[10.754774,59.911325],[10.756719,59.910858]],[[10.763871,59.90897],[10.763038,59.909169]],[[12.300669,59.882094],[12.298042,59.884019]],[[12.019495,60.188107],[12.022463,60.188191]],[[10.753444,59.910695],[10.755963,59.910059]],[[10.678969,59.922493],[10.67863,59.922588]],[[11.003388,59.95069],[11.00852,59.954961]],[[11.008399,59.954944],[11.009315,59.95545],[11.010412,59.955852],[11.011666,59.956139],[11.01319,59.956312]],[[10.996568,59.946171],[10.997796,59.946784]],[[10.955503,59.941424],[10.958099,59.940548],[10.961217,59.939785],[10.965157,59.939058],[10.968132,59.938771],[10.971132,59.938736],[10.974032,59.938944],[10.976316,59.939314],[10.979534,59.940113]],[[10.949334,59.943944],[10.95153,59.943178]],[[10.949276,59.943913],[10.950775,59.943416]],[[10.947419,59.94448],[10.946991,59.944595]],[[10.941898,59.945785],[10.937026,59.94679]],[[10.936267,59.946896],[10.939964,59.946103]],[[10.939964,59.946103],[10.941858,59.945682]],[[10.888082,59.95019],[10.889213,59.951403],[10.890527,59.952298],[10.89242,59.953089],[10.894498,59.953584]],[[10.894474,59.953621],[10.892335,59.95311],[10.890464,59.952327],[10.889131,59.951425],[10.888003,59.95021]],[[10.887886,59.950087],[10.886872,59.94924],[10.885552,59.948495],[10.883885,59.947873],[10.881763,59.947369]],[[10.881648,59.9473],[10.883924,59.94784],[10.885436,59.94839],[10.886937,59.949215],[10.887965,59.950067]],[[10.834337,59.93112],[10.833798,59.929916],[10.833697,59.928897]],[[10.833792,59.928798],[10.833877,59.92991],[10.83452,59.931096]],[[10.833697,59.928897],[10.834117,59.927155]],[[10.834176,59.927226],[10.833792,59.928798]],[[10.834031,59.925109],[10.833989,59.925395]],[[10.8256,59.911311],[10.826477,59.912025]],[[10.825168,59.911072],[10.826384,59.912051]],[[10.826317,59.912065],[10.825106,59.911093]],[[11.023354,59.953007],[11.024562,59.952735],[11.025917,59.952573],[11.033053,59.952303]],[[11.023394,59.953043],[11.024749,59.952747],[11.026095,59.952602],[11.033229,59.952339]],[[10.797973,59.866087],[10.782068,59.882155],[10.778894,59.884748],[10.771917,59.889868]],[[10.771917,59.889868],[10.765275,59.894732],[10.76401,59.895902]],[[10.840781,59.730601],[10.839152,59.728192]],[[10.838186,59.726218],[10.839024,59.727398]],[[10.83808,59.72624],[10.837077,59.724767]],[[10.837086,59.724964],[10.837253,59.725214]],[[10.83721,59.725327],[10.836976,59.724985]],[[10.835044,59.721376],[10.835007,59.721295]],[[10.834787,59.720345],[10.834963,59.720743]],[[10.834593,59.720198],[10.835422,59.722017]],[[9.692121,59.077081],[9.690842,59.076702]],[[9.69222,59.077115],[9.692121,59.077081]],[[11.918029,57.863822],[11.917919,57.863008]],[[10.229268,59.741296],[10.229112,59.741158]],[[10.230094,59.741867],[10.231423,59.742873]],[[10.2447,59.748067],[10.240047,59.746939],[10.237726,59.746135]],[[10.237817,59.746048],[10.239087,59.746563],[10.240356,59.746966],[10.245626,59.748246]],[[10.229926,59.74173],[10.230094,59.741867]],[[10.229854,59.741753],[10.229697,59.741627]],[[5.462525,60.419283],[5.462151,60.419178]],[[11.247102,60.33719],[11.246935,60.338145]],[[11.246145,60.342732],[11.24578,60.346656]],[[11.245738,60.348741],[11.245714,60.349921]],[[11.2467,60.338329],[11.247159,60.335587]],[[11.245614,60.346655],[11.246024,60.342359]],[[11.246355,60.341757],[11.246145,60.342732]],[[11.245576,60.348546],[11.245614,60.346655]],[[9.256835,61.985651],[9.256548,61.986731]],[[9.242951,61.998813],[9.239251,62.00003],[9.233328,62.001431],[9.23003,62.002413]],[[9.214573,62.017292],[9.214325,62.017491]],[[9.214225,62.017569],[9.213026,62.018192],[9.209464,62.019222],[9.207282,62.020231]],[[9.159491,62.045515],[9.159036,62.045923]],[[9.128812,62.059776],[9.128457,62.061059],[9.127684,62.06196]],[[9.123947,62.065683],[9.124313,62.066197]],[[9.314265,61.927127],[9.31052,61.92825]],[[9.30571,61.930912],[9.305534,61.931123]],[[9.267788,61.95593],[9.266839,61.956642],[9.266145,61.957387]],[[9.264559,61.959205],[9.26325,61.959795]],[[9.253811,61.966368],[9.253799,61.966456]],[[9.256562,61.98024],[9.257319,61.981258],[9.257589,61.982289],[9.257489,61.983206],[9.256835,61.985651]],[[9.538336,61.769202],[9.538305,61.769663]],[[9.538335,61.778775],[9.544246,61.784197],[9.544924,61.784976],[9.545538,61.786312],[9.545827,61.78881]],[[9.545831,61.788849],[9.546184,61.79267],[9.546021,61.793535],[9.545486,61.79476]],[[9.436804,61.835447],[9.429785,61.835886],[9.427153,61.836118],[9.423289,61.83671],[9.420367,61.837375]],[[9.455823,61.832467],[9.452422,61.833018],[9.446469,61.83431],[9.444262,61.834709],[9.440327,61.835199],[9.436804,61.835447]],[[9.41036,61.840747],[9.410295,61.840783]],[[9.410295,61.840783],[9.409406,61.841481],[9.409101,61.842322],[9.409422,61.843075],[9.410433,61.843819]],[[9.398336,61.861397],[9.397314,61.862342],[9.39573,61.863068]],[[9.394179,61.864053],[9.393891,61.864696]],[[9.396814,61.866921],[9.397958,61.867166]],[[9.417167,61.872932],[9.417492,61.873186]],[[9.405387,61.88939],[9.404946,61.890197],[9.404253,61.890993],[9.40308,61.891945],[9.401465,61.892932],[9.399466,61.893844],[9.397224,61.894662],[9.392071,61.896244]],[[9.391902,61.89629],[9.390657,61.896615]],[[9.276637,61.951512],[9.274513,61.952248],[9.272483,61.953145],[9.270138,61.954453],[9.267788,61.95593]],[[9.35581,61.915752],[9.35475,61.916472],[9.353399,61.917123],[9.351831,61.917659],[9.350103,61.918058]],[[9.356374,61.91523],[9.355872,61.915701]],[[9.537128,61.777666],[9.538335,61.778775]],[[9.538305,61.769663],[9.537975,61.77057]],[[9.546273,61.687178],[9.546407,61.687662]],[[9.537154,61.711434],[9.536206,61.712706],[9.534147,61.714282],[9.533468,61.715134]],[[9.533468,61.715134],[9.533034,61.716096],[9.532809,61.717069],[9.532792,61.718069],[9.533037,61.719216],[9.533802,61.720683],[9.536551,61.724515],[9.537322,61.726428]],[[9.547953,61.735881],[9.548872,61.736554],[9.549463,61.737169],[9.549853,61.737833],[9.550035,61.738683]],[[9.702416,61.664908],[9.709582,61.665769]],[[9.69073,61.663516],[9.702416,61.664908]],[[9.641131,61.663391],[9.637642,61.662879],[9.630555,61.661445],[9.627797,61.66099],[9.616884,61.659439],[9.614912,61.659276],[9.612346,61.659218]],[[9.870678,61.572977],[9.874969,61.571357]],[[9.860591,61.574548],[9.862471,61.574473]],[[9.808087,61.585136],[9.808199,61.585152]],[[9.792953,61.584043],[9.797372,61.584056],[9.801059,61.584264],[9.804049,61.584558],[9.808087,61.585136]],[[9.840059,61.58263],[9.841156,61.581816],[9.843187,61.579962]],[[9.852678,61.576624],[9.854065,61.575983],[9.855945,61.575358],[9.857775,61.574934],[9.860591,61.574548]],[[9.752329,61.593436],[9.753284,61.593099]],[[9.741486,61.602676],[9.741117,61.601512],[9.741093,61.600645],[9.741401,61.599455],[9.741888,61.598535]],[[9.730484,61.646873],[9.727922,61.644719],[9.726184,61.643443],[9.724253,61.642316],[9.720619,61.640494]],[[9.723792,61.624786],[9.723821,61.624017],[9.723464,61.622747],[9.722297,61.620831],[9.722257,61.620377],[9.722485,61.619828],[9.724687,61.616925],[9.725363,61.616313],[9.726157,61.615918],[9.727071,61.615638],[9.730041,61.615239],[9.730996,61.615007],[9.731851,61.61466],[9.732458,61.614267],[9.732884,61.613798],[9.733061,61.613296],[9.733062,61.612452]],[[9.727254,61.662627],[9.734261,61.657745]],[[9.732593,61.649786],[9.732031,61.64918],[9.730484,61.646873]],[[9.734261,61.657745],[9.735113,61.656956],[9.735845,61.655669],[9.73595,61.654629],[9.735813,61.653288],[9.735518,61.652562],[9.734761,61.651604],[9.732593,61.649786]],[[9.723403,61.664509],[9.723652,61.664399]],[[9.723652,61.664399],[9.725803,61.663435],[9.727254,61.662627]],[[10.144119,61.528441],[10.143457,61.528554]],[[10.130787,61.529734],[10.12849,61.529992],[10.126444,61.530372]],[[10.14612,61.528061],[10.145228,61.528238]],[[10.126444,61.530372],[10.123421,61.531096]],[[10.055055,61.550525],[10.054879,61.550542]],[[10.048343,61.549555],[10.046263,61.548752],[10.044298,61.548239],[10.041943,61.547902],[10.039822,61.547813]],[[10.039822,61.547813],[10.000722,61.548121]],[[10.000722,61.548121],[9.998604,61.548318]],[[9.998604,61.548318],[9.996229,61.548559],[9.993652,61.548636],[9.989584,61.548432],[9.984156,61.548404],[9.973824,61.548102],[9.971189,61.547853],[9.967501,61.54708]],[[9.92754,61.554167],[9.927638,61.553318],[9.928239,61.552566],[9.928937,61.552112],[9.930103,61.551641]],[[9.930103,61.551641],[9.937956,61.549603],[9.942226,61.548734],[9.948435,61.547823],[9.956028,61.546973]],[[10.404302,61.169609],[10.410058,61.175976]],[[10.415169,61.18768],[10.41442,61.189063],[10.412546,61.190414],[10.409837,61.192911],[10.409603,61.193434],[10.409604,61.194017],[10.40995,61.194704],[10.410443,61.195164]],[[10.429619,61.207859],[10.432912,61.209419],[10.436754,61.211869]],[[10.437847,61.213504],[10.437816,61.213725]],[[10.426702,61.244913],[10.426391,61.246109]],[[10.426391,61.246109],[10.425989,61.246935],[10.424415,61.24859],[10.423642,61.250351],[10.421489,61.252386],[10.420602,61.254001],[10.419866,61.25485]],[[10.376528,61.273916],[10.374533,61.274199],[10.372719,61.274574]],[[10.372468,61.274632],[10.369962,61.275079],[10.364151,61.275654],[10.361418,61.275693],[10.35872,61.2755]],[[10.341499,61.273619],[10.335563,61.273201],[10.33052,61.27261],[10.321927,61.271998],[10.320324,61.271953],[10.318565,61.272036],[10.310937,61.273041],[10.30843,61.273529],[10.306519,61.274098],[10.300506,61.276293],[10.298773,61.276763],[10.296231,61.277295]],[[10.296231,61.277295],[10.294668,61.277811],[10.288879,61.281219],[10.28651,61.282179],[10.285851,61.282526],[10.283392,61.284798],[10.281455,61.286202],[10.278566,61.288042],[10.278113,61.288546],[10.277837,61.289243],[10.277909,61.290867],[10.277488,61.292648],[10.27785,61.29365]],[[10.2779,61.29372],[10.278499,61.294294],[10.279243,61.294756],[10.280165,61.295149],[10.282694,61.295996],[10.283462,61.296416],[10.284129,61.296992]],[[10.295891,61.30819],[10.296323,61.308743],[10.296555,61.309404]],[[10.288263,61.316842],[10.288122,61.316957]],[[10.276356,61.328821],[10.276366,61.329553],[10.275995,61.331037],[10.27667,61.332717],[10.276622,61.333392],[10.276369,61.333811],[10.275858,61.334267],[10.275139,61.334653],[10.273894,61.33511]],[[10.280256,61.3204],[10.279011,61.321071],[10.27801,61.321764],[10.277199,61.322509],[10.276822,61.323086],[10.27665,61.323688],[10.276655,61.325653],[10.276236,61.327506],[10.276356,61.328821]],[[10.269395,61.356471],[10.269129,61.357542],[10.268294,61.358394],[10.267206,61.358992],[10.264544,61.360009],[10.263994,61.360391],[10.263538,61.360963],[10.263421,61.361546],[10.263597,61.362411],[10.264592,61.364329],[10.264814,61.365085],[10.26464,61.367193],[10.264284,61.367837],[10.263359,61.368507],[10.261266,61.36929],[10.260417,61.369738],[10.259924,61.370181],[10.259085,61.371642],[10.258511,61.372233],[10.256453,61.373332],[10.25496,61.374325],[10.253528,61.374891]],[[10.253528,61.374891],[10.250479,61.375813],[10.245966,61.377425],[10.242151,61.378247],[10.234296,61.380434],[10.233176,61.380926],[10.232304,61.381453],[10.230798,61.382949]],[[10.230798,61.382949],[10.230005,61.383578],[10.228884,61.384105],[10.222901,61.38577],[10.221062,61.386469],[10.220072,61.387001],[10.219298,61.387547],[10.217941,61.388932]],[[10.217941,61.388932],[10.215766,61.391435],[10.214157,61.394414]],[[10.21411,61.394504],[10.213492,61.395941],[10.213264,61.397917],[10.212948,61.39858],[10.212297,61.399415]],[[10.214157,61.394414],[10.21411,61.394504]],[[10.212297,61.399415],[10.211299,61.400573],[10.210169,61.401625],[10.20387,61.406073],[10.202995,61.407053],[10.202508,61.408009],[10.202349,61.409256],[10.202588,61.410246],[10.206124,61.416066],[10.206545,61.417299],[10.20648,61.418252],[10.206088,61.419169],[10.205451,61.419974],[10.204358,61.420864]],[[10.204358,61.420864],[10.204217,61.420955]],[[10.204217,61.420955],[10.202374,61.421888],[10.191601,61.426215],[10.190244,61.426862],[10.189193,61.427518]],[[10.189193,61.427518],[10.188367,61.428299],[10.187945,61.429231],[10.187993,61.430031],[10.188456,61.431579]],[[10.188462,61.431633],[10.188475,61.432834],[10.18814,61.434051],[10.185646,61.438689],[10.185325,61.439727],[10.185393,61.440383],[10.185653,61.440983],[10.186186,61.441649],[10.187206,61.442519]],[[10.173441,61.453491],[10.172386,61.453592],[10.171483,61.453784],[10.170611,61.4541],[10.170035,61.454422]],[[10.170035,61.454422],[10.169147,61.455103],[10.168358,61.455934],[10.166999,61.458308],[10.166845,61.459017],[10.167148,61.460528],[10.167107,61.461096]],[[10.167107,61.461096],[10.165455,61.466664],[10.165432,61.467742],[10.165811,61.470373]],[[10.165645,61.472905],[10.165096,61.474469],[10.16507,61.475733],[10.165342,61.476591],[10.167504,61.481163]],[[10.164717,61.492923],[10.15941,61.499767]],[[10.154149,61.504282],[10.149973,61.506575]],[[10.143232,61.519593],[10.144749,61.521027],[10.148808,61.524186]],[[10.456776,61.060902],[10.455987,61.061796]],[[10.458944,61.054754],[10.458804,61.05633],[10.457737,61.059633],[10.456776,61.060902]],[[12.003989,57.72664],[12.003767,57.725867]],[[12.003767,57.725867],[12.003729,57.725684]],[[12.003693,57.725871],[12.00392,57.726633]],[[12.00365,57.725688],[12.003693,57.725871]],[[8.314004,62.235661],[8.310039,62.234896],[8.308425,62.234712],[8.306908,62.234628]],[[8.314144,62.235681],[8.314004,62.235661]],[[10.897376,59.955312],[10.897332,59.955267]],[[10.897332,59.955267],[10.897249,59.955181]],[[10.897238,59.955185],[10.897332,59.955267]],[[5.463061,60.419418],[5.462525,60.419283]],[[10.377884,60.228526],[10.377972,60.228368]],[[5.726439,60.544362],[5.726319,60.544252]],[[12.100834,57.538281],[12.10087,57.537111],[12.100647,57.535579],[12.100162,57.534172],[12.099423,57.532796],[12.098306,57.531292],[12.090474,57.521859]],[[12.090387,57.521875],[12.098242,57.531309],[12.099353,57.532807],[12.10009,57.53418],[12.100571,57.535582],[12.10079,57.537111],[12.100758,57.538277]],[[12.100758,57.538277],[12.100702,57.538695]],[[12.100773,57.538699],[12.100834,57.538281]],[[12.068244,57.590982],[12.071509,57.587471],[12.073492,57.584778],[12.080452,57.573227]],[[12.080377,57.573217],[12.073427,57.584766],[12.071428,57.587462],[12.068193,57.590947]],[[12.080465,57.573065],[12.080377,57.573217]],[[12.080452,57.573227],[12.080544,57.573073]],[[10.756228,59.910339],[10.753691,59.91095]],[[10.756096,59.910198],[10.758271,59.909675]],[[10.764099,59.90315],[10.765192,59.905108]],[[10.760615,59.908711],[10.761193,59.908679]],[[10.761193,59.908679],[10.761519,59.90866]],[[12.3562,58.729046],[12.35578,58.729638],[12.355648,58.730043],[12.355696,58.732113]],[[12.356366,58.728839],[12.3562,58.729046]],[[11.587791,58.957967],[11.588495,58.957695]],[[11.588495,58.957695],[11.588575,58.957659]],[[11.430853,59.126947],[11.430979,59.126958]],[[11.427548,59.126788],[11.430853,59.126947]],[[10.904285,59.262686],[10.90481,59.261162],[10.906246,59.258263]],[[10.906246,59.258263],[10.906402,59.257952]],[[10.666127,59.440529],[10.66563,59.440186]],[[10.666262,59.440632],[10.666127,59.440529]],[[8.447357,62.216974],[8.447267,62.217003]],[[8.459199,62.213116],[8.447357,62.216974]],[[10.803542,59.992038],[10.803428,59.993133],[10.802302,59.995495]],[[10.802302,59.995495],[10.802279,59.995543]],[[11.249584,60.556421],[11.249333,60.557456],[11.249579,60.558297]],[[11.24948,60.555736],[11.249584,60.556421]],[[11.241554,60.527792],[11.241347,60.526353]],[[11.246082,60.546578],[11.246296,60.548018]],[[8.618422,58.698572],[8.619251,58.699062]],[[8.618002,58.698337],[8.618075,58.698379]],[[11.246935,60.338145],[11.246702,60.339286]],[[11.247588,60.3327],[11.247729,60.331763]],[[11.24578,60.346656],[11.245741,60.348547]],[[5.484153,60.439431],[5.482846,60.439255]],[[5.482846,60.439255],[5.482614,60.439214]],[[11.171948,59.546061],[11.172187,59.546381]],[[11.172003,59.54605],[11.172244,59.546368]],[[11.172186,59.545944],[11.172342,59.546332]],[[11.172213,59.545937],[11.172421,59.546379]],[[11.172379,59.545917],[11.172543,59.546426]],[[11.172478,59.546025],[11.172524,59.546139]],[[11.172261,59.545933],[11.172305,59.546044]],[[11.172315,59.545928],[11.172345,59.546013]],[[7.020769,60.725253],[7.020763,60.725254]],[[7.125917,60.743193],[7.126014,60.743455]],[[7.126014,60.743455],[7.126132,60.743644]],[[7.143766,60.735883],[7.143693,60.736009]],[[7.144552,60.735128],[7.144245,60.735355]],[[7.145913,60.734472],[7.145723,60.734548]],[[7.209745,60.718552],[7.209181,60.718622]],[[9.481395,60.428697],[9.479181,60.429128],[9.477399,60.42981]],[[9.481535,60.428678],[9.481395,60.428697]],[[11.220736,62.496305],[11.220624,62.496286]],[[11.223873,62.496819],[11.220736,62.496305]],[[5.7077,58.794339],[5.707464,58.79526],[5.705688,58.798549]],[[5.707709,58.794275],[5.7077,58.794339]],[[10.837146,59.714978],[10.837547,59.71488]],[[6.627211,58.357467],[6.628058,58.35711],[6.631927,58.355811]],[[6.625237,58.362133],[6.625471,58.361562],[6.625493,58.360702]],[[6.624042,58.367403],[6.62388,58.367173]],[[6.625276,58.373195],[6.626171,58.371757],[6.626301,58.37098],[6.625668,58.369455],[6.624042,58.367403]],[[6.622048,58.402669],[6.621402,58.401777],[6.621277,58.401211]],[[6.640729,58.40789],[6.639917,58.407693]],[[6.661326,58.416315],[6.661662,58.415395]],[[6.639917,58.407693],[6.624618,58.403984]],[[6.620126,58.385283],[6.620149,58.385131]],[[6.671567,58.307667],[6.671807,58.306573]],[[6.648953,58.348556],[6.649726,58.347347],[6.651208,58.345985],[6.651452,58.345633]],[[9.648865,59.673453],[9.648422,59.673715]],[[9.648422,59.673715],[9.648055,59.673933]],[[9.648055,59.673933],[9.646102,59.675076],[9.645261,59.675998]],[[9.648055,59.673933],[9.646183,59.675097],[9.645346,59.676016]],[[6.675478,58.300395],[6.675481,58.300328]],[[6.675423,58.300776],[6.675478,58.300395]],[[5.47743,60.422615],[5.475911,60.422519],[5.474452,60.422328],[5.471444,60.421636]],[[11.995285,57.717787],[11.994694,57.717034],[11.994539,57.716396]],[[11.997265,57.718851],[11.99606,57.718297],[11.995285,57.717787]],[[11.999748,57.720017],[11.998894,57.719579]],[[11.998894,57.719579],[11.997265,57.718851]],[[12.002838,57.72238],[12.002451,57.721704],[12.001772,57.721052],[12.000992,57.720578],[11.999748,57.720017]],[[10.208007,59.739014],[10.207221,59.739402]],[[10.195439,59.74161],[10.198105,59.741481]],[[10.199309,59.741542],[10.197386,59.741656]],[[10.197055,59.741732],[10.195411,59.741832]],[[10.198232,59.741653],[10.197273,59.741719]],[[10.198455,59.741688],[10.195411,59.741832]],[[10.185771,59.742264],[10.190935,59.741687],[10.193615,59.741619]],[[10.186477,59.742266],[10.190731,59.741753],[10.192388,59.741664]],[[7.866159,60.512148],[7.866233,60.5123]],[[7.866187,60.512104],[7.866481,60.512115]],[[7.866187,60.512104],[7.866484,60.51213]],[[11.995518,57.713789],[11.995939,57.713101]],[[10.803514,59.809565],[10.801193,59.81071],[10.800354,59.811432]],[[11.996962,57.711901],[11.996263,57.712549],[11.995182,57.713179]],[[11.995208,57.713274],[11.996053,57.712813],[11.996976,57.711981]],[[11.986873,57.712927],[11.98684,57.712905]],[[11.997665,57.719593],[12.000317,57.720731]],[[11.997911,57.710098],[11.997891,57.710181]],[[11.99847,57.691003],[11.998958,57.689891]],[[11.999489,57.689095],[11.998771,57.690022],[11.998363,57.690997]],[[10.192388,59.741664],[10.194966,59.741651]],[[10.195439,59.74161],[10.194236,59.741617]],[[10.209378,59.738301],[10.2092,59.738394]],[[10.2092,59.738394],[10.208315,59.738951]],[[11.862851,57.699204],[11.862046,57.699115]],[[10.790769,59.905322],[10.790615,59.905314]],[[10.790615,59.905314],[10.790766,59.905323]],[[11.037876,59.952351],[11.037941,59.952355]],[[11.037876,59.952351],[11.037941,59.952354]],[[11.037824,59.952529],[11.037987,59.95254]],[[11.037824,59.952529],[11.037988,59.952538]],[[11.872272,58.354222],[11.871822,58.354226]],[[11.050749,59.954634],[11.050565,59.954588]],[[11.063566,59.961051],[11.063639,59.961123]],[[11.082661,59.996265],[11.080974,59.993866],[11.077607,59.987646],[11.075807,59.985173]],[[11.075882,59.985159],[11.077686,59.987634],[11.081053,59.993856],[11.082737,59.996248]],[[11.075885,59.985013],[11.073944,59.9825],[11.072669,59.980436]],[[11.072669,59.980436],[11.074028,59.982483],[11.075963,59.984998]],[[11.075963,59.984998],[11.076062,59.985124]],[[11.075983,59.985139],[11.075885,59.985013]],[[11.075785,59.985033],[11.075882,59.985159]],[[11.075807,59.985173],[11.07571,59.985047]],[[11.0839,59.997611],[11.083183,59.996862]],[[11.08436,59.998055],[11.0839,59.997611]],[[11.083339,59.996826],[11.083994,59.997517]],[[11.083258,59.996845],[11.083946,59.997565]],[[11.083994,59.997517],[11.084385,59.997899]],[[11.083946,59.997565],[11.084372,59.99798]],[[11.084416,59.998107],[11.08436,59.998055]],[[11.098751,60.007888],[11.099562,60.008474],[11.102122,60.009938],[11.103007,60.010722]],[[11.103007,60.010722],[11.103079,60.010813]],[[11.104926,60.023649],[11.105064,60.023691]],[[11.105064,60.023691],[11.104923,60.023652]],[[11.140252,60.061183],[11.140251,60.063077],[11.140069,60.064925]],[[11.140248,60.061088],[11.140252,60.061183]],[[11.139619,60.067922],[11.140137,60.063536],[11.140171,60.061183]],[[11.140171,60.061183],[11.140167,60.061089]],[[11.140012,60.061185],[11.139952,60.062711],[11.139271,60.06852],[11.139142,60.071341]],[[11.139142,60.071341],[11.139135,60.072331]],[[11.140009,60.061091],[11.140012,60.061185]],[[11.093145,60.178386],[11.093086,60.178478]],[[11.721096,60.24297],[11.737284,60.239995]],[[11.720927,60.243001],[11.721096,60.24297]],[[11.685046,60.254655],[11.683727,60.254421]],[[11.674072,60.246756],[11.674461,60.247516]],[[11.674461,60.247516],[11.674471,60.247536]],[[11.644862,60.209625],[11.644936,60.209644]],[[11.464185,60.122279],[11.464187,60.122286]],[[11.394757,60.07],[11.397574,60.071124],[11.399395,60.071949],[11.407138,60.076103]],[[11.407138,60.076103],[11.407257,60.076167]],[[11.374477,60.054385],[11.376498,60.055]],[[11.374374,60.054348],[11.374477,60.054385]],[[11.304473,60.007368],[11.30764,60.010348],[11.308481,60.011297],[11.309136,60.012315],[11.309833,60.013946],[11.310675,60.015396]],[[11.310675,60.015396],[11.310749,60.015514]],[[11.232259,59.982491],[11.233448,59.983036],[11.235626,59.984299],[11.237037,59.984918]],[[11.232198,59.982467],[11.232259,59.982491]],[[11.200032,59.96537],[11.200778,59.966358],[11.201888,59.967369],[11.203031,59.968137],[11.205101,59.969204]],[[11.205101,59.969204],[11.205222,59.969267]],[[11.19953,59.964387],[11.200007,59.965328]],[[11.200007,59.965328],[11.200032,59.96537]],[[11.981068,57.710156],[11.98188,57.710305]],[[11.98315,57.710669],[11.982608,57.71053]],[[11.98184,57.710383],[11.98132,57.710311]],[[8.406011,62.229503],[8.402165,62.229841]],[[8.39966,62.229961],[8.399547,62.229964]],[[8.419827,62.22745],[8.418432,62.22772]],[[8.418432,62.22772],[8.418312,62.227743]],[[12.020175,57.724725],[12.018994,57.724775]],[[12.018994,57.724775],[12.018478,57.724808]],[[12.018478,57.724808],[12.016914,57.724907],[12.015371,57.724832]],[[11.938314,58.31633],[11.939284,58.317319]],[[11.939284,58.317319],[11.939329,58.317397]],[[11.939329,58.317397],[11.939639,58.31803],[11.939762,58.319034],[11.939456,58.31998],[11.93882,58.320871],[11.935138,58.323762],[11.93391,58.324549],[11.932614,58.325133],[11.930183,58.325813]],[[11.930183,58.325813],[11.930037,58.325844]],[[11.930037,58.325844],[11.927253,58.326507]],[[11.927253,58.326507],[11.927048,58.326573]],[[11.122201,62.444753],[11.121169,62.440908]],[[11.121169,62.440908],[11.121127,62.440755]],[[11.425846,60.995137],[11.428844,60.993748]],[[11.428844,60.993748],[11.42892,60.993723]],[[11.439746,60.98973],[11.445002,60.988244],[11.448443,60.98702]],[[11.448443,60.98702],[11.448582,60.986967]],[[11.448582,60.986967],[11.457789,60.98346]],[[11.457789,60.98346],[11.457921,60.983409]],[[10.694427,60.797529],[10.694777,60.797112]],[[11.193393,60.719657],[11.193449,60.719593]],[[11.191461,60.721904],[11.189676,60.723973]],[[5.403394,60.340391],[5.40282,60.340412]],[[5.418242,60.349916],[5.418053,60.349838]],[[5.422018,60.351436],[5.420838,60.351137],[5.418242,60.349916]],[[5.455318,60.373616],[5.455266,60.373516]],[[5.473471,60.400531],[5.473479,60.400487]],[[5.473542,60.405108],[5.473417,60.404576],[5.472856,60.403568],[5.472777,60.40312],[5.473471,60.400531]],[[5.473542,60.405158],[5.473542,60.405108]],[[5.472982,60.410125],[5.472936,60.410019]],[[5.472927,60.412863],[5.473276,60.411875],[5.473212,60.410766],[5.472982,60.410125]],[[5.472876,60.412927],[5.472927,60.412863]],[[10.447958,63.440126],[10.449852,63.440052]],[[10.449852,63.440052],[10.450207,63.440016]],[[10.56164,63.430551],[10.563804,63.431768],[10.564988,63.432298],[10.566558,63.432775],[10.56873,63.433191]],[[10.561588,63.430529],[10.56164,63.430551]],[[10.599956,63.441884],[10.601195,63.442091],[10.60227,63.442171],[10.603335,63.442161],[10.604382,63.442059],[10.605393,63.441863],[10.606322,63.44158],[10.607674,63.440829]],[[10.607674,63.440829],[10.607725,63.440784]],[[5.339244,60.387764],[5.340541,60.387179]],[[5.341818,60.386658],[5.340541,60.387179]],[[5.340915,60.387083],[5.339244,60.387764]],[[5.624409,60.428972],[5.623951,60.42873]],[[5.623951,60.42873],[5.623808,60.428665]],[[5.453671,60.415378],[5.455345,60.416179]],[[5.455345,60.416179],[5.455739,60.416356]],[[5.455739,60.416356],[5.457045,60.416938]],[[5.457045,60.416938],[5.458041,60.417381]],[[5.457228,60.417486],[5.447792,60.413299]],[[5.453616,60.415412],[5.453114,60.415189]],[[5.453114,60.415189],[5.452145,60.414699]],[[5.352174,60.383218],[5.351281,60.38356]],[[5.345213,60.385522],[5.344111,60.385872]],[[5.346665,60.385008],[5.347879,60.384657]],[[6.280196,60.631444],[6.279415,60.631608]],[[6.292717,60.629209],[6.292288,60.629257]],[[5.953947,60.637571],[5.95362,60.637537]],[[6.415267,60.629768],[6.4133,60.629567]],[[6.4133,60.629567],[6.413261,60.629563]],[[6.597106,60.679535],[6.597086,60.679535]],[[6.719213,60.677906],[6.717174,60.677356],[6.715726,60.676642],[6.714763,60.675815],[6.713792,60.67451]],[[6.737214,60.677672],[6.73367,60.678016]],[[6.842489,60.695576],[6.842353,60.695436]],[[6.835293,60.691366],[6.832866,60.689025],[6.831928,60.688539],[6.830992,60.688265]],[[7.121283,60.733325],[7.120705,60.733141]],[[12.308204,58.378652],[12.30962,58.378841]],[[10.83581,59.722607],[10.835698,59.722361]],[[10.78138,59.938903],[10.781396,59.938867]],[[11.744955,58.912662],[11.732857,58.917148]],[[11.745084,58.912614],[11.744955,58.912662]],[[11.916456,58.231413],[11.916352,58.231522]],[[11.917291,58.230536],[11.916456,58.231413]],[[8.559679,60.625678],[8.557072,60.62511]],[[7.687296,62.567232],[7.687862,62.567224]],[[9.051828,58.81514],[9.051013,58.814726],[9.049299,58.81405],[9.048227,58.813355],[9.047617,58.812526],[9.047212,58.810985],[9.046472,58.810006]],[[9.051919,58.815196],[9.051828,58.81514]],[[9.057441,58.829379],[9.058378,58.828041],[9.058682,58.827393],[9.058829,58.82673],[9.058749,58.826066],[9.058378,58.825423],[9.057975,58.825032],[9.054437,58.822805],[9.053617,58.822033],[9.053349,58.821381],[9.053298,58.818742],[9.052995,58.816623],[9.052578,58.81577],[9.051919,58.815196]],[[9.057405,58.829458],[9.057441,58.829379]],[[9.1312,62.085263],[9.130689,62.086381],[9.129748,62.087407]],[[9.131215,62.085191],[9.1312,62.085263]],[[9.129634,62.087503],[9.127541,62.088825],[9.125975,62.08956],[9.124468,62.090138]],[[9.124468,62.090138],[9.124336,62.090183]],[[9.106145,62.093153],[9.10606,62.093147]],[[9.104432,62.093009],[9.1043,62.092998]],[[9.110544,62.092963],[9.108645,62.093177],[9.106721,62.093186]],[[9.131101,62.077142],[9.131478,62.078841]],[[9.131018,62.076946],[9.131074,62.077079]],[[9.131074,62.077079],[9.131101,62.077142]],[[9.079334,62.092987],[9.074405,62.093051],[9.070743,62.093291]],[[9.079434,62.092985],[9.079334,62.092987]],[[9.044977,62.094467],[9.039061,62.094827]],[[9.053251,62.094309],[9.05315,62.094313]],[[9.05315,62.094313],[9.050014,62.094311]],[[9.050014,62.094311],[9.047272,62.094321],[9.045144,62.094453]],[[9.045144,62.094453],[9.044977,62.094467]],[[9.039061,62.094827],[9.038787,62.094831]],[[9.038787,62.094831],[9.035666,62.094842],[9.033118,62.095137]],[[9.027006,62.097034],[9.026372,62.097444]],[[9.026372,62.097444],[9.026269,62.097512]],[[9.004269,62.103481],[9.000375,62.103421],[8.998929,62.10351],[8.99715,62.103739]],[[8.99715,62.103739],[8.995699,62.104029]],[[8.995699,62.104029],[8.990528,62.105293]],[[8.990528,62.105293],[8.990434,62.105317]],[[8.990434,62.105317],[8.986961,62.106331],[8.983849,62.107416]],[[8.983849,62.107416],[8.977945,62.109285]],[[8.977945,62.109285],[8.972464,62.111122]],[[8.972464,62.111122],[8.972354,62.111157]],[[8.618075,58.698379],[8.618422,58.698572]],[[8.972354,62.111157],[8.969798,62.111899],[8.966912,62.112597],[8.959016,62.114075],[8.956399,62.1145]],[[8.956399,62.1145],[8.956278,62.114517]],[[8.933496,62.118302],[8.931243,62.11886],[8.929555,62.119174],[8.927905,62.119372],[8.923415,62.119668],[8.920315,62.120211]],[[8.920315,62.120211],[8.920208,62.120233]],[[8.920208,62.120233],[8.919794,62.12032]],[[8.919794,62.12032],[8.919676,62.120343]],[[8.901059,62.121112],[8.897845,62.120991]],[[8.897845,62.120991],[8.897685,62.120985]],[[8.897685,62.120985],[8.8944,62.12086]],[[8.8944,62.12086],[8.89425,62.120854]],[[8.89425,62.120854],[8.886265,62.12052],[8.881553,62.120227]],[[8.881553,62.120227],[8.881446,62.120221]],[[8.827941,62.120974],[8.821772,62.121649],[8.81943,62.122054],[8.814944,62.122979],[8.811498,62.123356]],[[8.811498,62.123356],[8.811374,62.123367]],[[8.811374,62.123367],[8.809106,62.123606],[8.806774,62.124012]],[[8.806774,62.124012],[8.806681,62.12403]],[[8.806681,62.12403],[8.803756,62.124531],[8.798718,62.124966],[8.795751,62.125329],[8.788071,62.126714]],[[8.788071,62.126714],[8.787966,62.12673]],[[8.759008,62.128489],[8.758249,62.12842]],[[8.759113,62.128499],[8.759008,62.128489]],[[8.762541,62.128802],[8.759113,62.128499]],[[8.762654,62.128809],[8.762541,62.128802]],[[8.787966,62.12673],[8.778605,62.128138]],[[8.778605,62.128138],[8.778479,62.128156]],[[8.697734,62.143634],[8.691439,62.147649]],[[8.697788,62.143599],[8.697734,62.143634]],[[8.691377,62.147689],[8.686755,62.150622]],[[8.691439,62.147649],[8.691377,62.147689]],[[8.683314,62.152284],[8.678826,62.154128]],[[8.678826,62.154128],[8.678714,62.154171]],[[8.670446,62.157596],[8.669931,62.157838]],[[8.655253,62.16438],[8.652083,62.166157]],[[8.643112,62.169294],[8.639368,62.170903],[8.633279,62.172986],[8.627137,62.175842],[8.619298,62.178582]],[[8.619298,62.178582],[8.613485,62.180522],[8.610571,62.181257]],[[8.610571,62.181257],[8.61048,62.181276]],[[8.61048,62.181276],[8.605704,62.182155],[8.602481,62.182867]],[[8.602481,62.182867],[8.599249,62.183575]],[[8.599249,62.183575],[8.599141,62.183597]],[[8.599141,62.183597],[8.588741,62.185481]],[[8.588741,62.185481],[8.581884,62.186566]],[[8.559964,62.189969],[8.55771,62.190205],[8.555468,62.190345]],[[8.552166,62.190669],[8.55093,62.19083]],[[8.55093,62.19083],[8.548221,62.190989]],[[8.548221,62.190989],[8.548132,62.190989]],[[8.522723,62.194286],[8.521485,62.194481]],[[8.516277,62.196156],[8.514609,62.19658]],[[8.514609,62.19658],[8.510806,62.197427]],[[8.510806,62.197427],[8.510704,62.19745]],[[8.489118,62.20241],[8.487444,62.203033],[8.48485,62.204166]],[[8.489292,62.202352],[8.489118,62.20241]],[[8.484758,62.204206],[8.481475,62.205649],[8.478966,62.206645],[8.473095,62.208585]],[[8.473095,62.208585],[8.470353,62.209478]],[[8.470353,62.209478],[8.470281,62.209502]],[[8.470281,62.209502],[8.467375,62.210451]],[[8.467375,62.210451],[8.467278,62.210482]],[[8.467278,62.210482],[8.465608,62.211026]],[[8.465608,62.211026],[8.459295,62.213085]],[[8.459295,62.213085],[8.459199,62.213116]],[[8.447267,62.217003],[8.447088,62.217061]],[[8.433313,62.222468],[8.428642,62.224773],[8.426634,62.225559],[8.424323,62.22632]],[[8.42423,62.226348],[8.421227,62.227143]],[[8.424323,62.22632],[8.42423,62.226348]],[[8.421106,62.227171],[8.419827,62.22745]],[[8.418312,62.227743],[8.418103,62.227779]],[[8.418103,62.227779],[8.412832,62.228631]],[[8.412832,62.228631],[8.408557,62.229206]],[[8.408557,62.229206],[8.406116,62.229491]],[[8.406116,62.229491],[8.406011,62.229503]],[[8.402165,62.229841],[8.39966,62.229961]],[[8.399547,62.229964],[8.385444,62.230076]],[[8.385444,62.230076],[8.38533,62.230076]],[[8.38533,62.230076],[8.376682,62.230131]],[[8.376682,62.230131],[8.373517,62.230149]],[[8.373517,62.230149],[8.373382,62.23015]],[[8.373382,62.23015],[8.368598,62.230179]],[[8.368598,62.230179],[8.366753,62.23019]],[[8.359128,62.230237],[8.351708,62.230284]],[[8.349823,62.230295],[8.34975,62.230296]],[[8.349038,62.2303],[8.346962,62.230358],[8.34513,62.230519]],[[8.34513,62.230519],[8.345004,62.230534]],[[8.338097,62.232353],[8.33634,62.233003]],[[8.336241,62.233033],[8.333851,62.233617],[8.329724,62.234283]],[[8.317455,62.235818],[8.315906,62.235837],[8.314144,62.235681]],[[8.306908,62.234628],[8.306611,62.234621]],[[8.306517,62.234619],[8.305782,62.234612]],[[8.305782,62.234612],[8.302364,62.234645],[8.298626,62.234789],[8.29031,62.23547]],[[8.29031,62.23547],[8.290192,62.235481]],[[8.290192,62.235481],[8.283226,62.236129]],[[8.283226,62.236129],[8.272361,62.237128],[8.27038,62.237219],[8.267238,62.237243]],[[8.267238,62.237243],[8.260197,62.237338],[8.251439,62.238097]],[[8.251439,62.238097],[8.24566,62.238638],[8.242597,62.239188]],[[8.242597,62.239188],[8.235986,62.240689]],[[8.235986,62.240689],[8.230646,62.241907],[8.228724,62.242427],[8.226468,62.243213],[8.224364,62.244183]],[[8.224364,62.244183],[8.223147,62.244888],[8.220629,62.246594]],[[8.220468,62.246703],[8.220395,62.246753]],[[8.220629,62.246594],[8.220468,62.246703]],[[8.220395,62.246753],[8.215375,62.250174]],[[8.20699,62.255755],[8.205176,62.256686]],[[8.207422,62.25551],[8.20699,62.255755]],[[8.205176,62.256686],[8.204959,62.256786]],[[8.181277,62.262814],[8.180981,62.262986]],[[8.178984,62.264418],[8.176132,62.265644]],[[11.046481,61.571536],[11.051091,61.56863],[11.052103,61.567866],[11.052521,61.567328],[11.052781,61.566702],[11.05299,61.564908]],[[11.05299,61.564908],[11.053005,61.564844]],[[8.155262,62.271416],[8.152974,62.272134],[8.150828,62.272658]],[[8.155376,62.271374],[8.155262,62.271416]],[[8.141065,62.277321],[8.137639,62.281172],[8.137193,62.281821]],[[8.137193,62.281821],[8.137093,62.282223]],[[8.138047,62.285378],[8.137929,62.285715]],[[8.103725,62.31358],[8.101946,62.314457],[8.099643,62.316076],[8.095996,62.318087]],[[8.095996,62.318087],[8.095903,62.318129]],[[8.078058,62.330548],[8.077591,62.331302],[8.077419,62.332994],[8.077188,62.333579]],[[8.077188,62.333579],[8.077138,62.333658]],[[11.237632,60.386884],[11.237671,60.387278]],[[10.748965,59.912197],[10.748108,59.912352]],[[10.747767,59.912359],[10.748072,59.912304]],[[9.905108,59.77035],[9.905528,59.770106]],[[9.904765,59.770545],[9.905108,59.77035]],[[9.912189,59.76613],[9.91177,59.766419]],[[11.247359,60.335473],[11.247102,60.33719]],[[11.246692,60.32157],[11.247386,60.322797]],[[11.248394,60.326578],[11.248416,60.327591]],[[11.247911,60.324895],[11.247826,60.324574]],[[11.247826,60.324574],[11.247185,60.322876]],[[10.756455,59.910579],[10.753918,59.911196]],[[11.104333,60.206308],[11.106665,60.21035]],[[5.506812,60.42519],[5.505662,60.425493],[5.504895,60.425869],[5.502643,60.427932]],[[5.502643,60.427932],[5.502623,60.427951]],[[5.497395,60.435065],[5.496017,60.435438],[5.493805,60.43561]],[[5.493805,60.43561],[5.49361,60.435619]],[[9.651342,59.672118],[9.648865,59.673453]],[[7.122743,60.736342],[7.123074,60.735222]],[[8.064595,62.344687],[8.063674,62.346085]],[[8.063674,62.346085],[8.063573,62.346223]],[[8.058406,62.35025],[8.056295,62.352165]],[[8.058457,62.350197],[8.058406,62.35025]],[[8.050411,62.360268],[8.050468,62.360571]],[[8.048632,62.366333],[8.048448,62.366182]],[[8.056433,62.348524],[8.056684,62.348403]],[[8.060563,62.338277],[8.060298,62.338214]],[[8.059158,62.344921],[8.059178,62.34483]],[[8.058877,62.338016],[8.056995,62.33804]],[[8.036469,62.355221],[8.035938,62.356602]],[[8.035938,62.356602],[8.035906,62.356668]],[[8.0348,62.368059],[8.032481,62.372016],[8.030952,62.375213],[8.030315,62.37732]],[[8.030315,62.37732],[8.030248,62.377436]],[[8.016172,62.392753],[8.016094,62.393321]],[[8.016094,62.393321],[8.015486,62.394814]],[[8.00434,62.414696],[8.003124,62.415978]],[[8.004371,62.414663],[8.00434,62.414696]],[[8.003082,62.416023],[8.002559,62.416576]],[[8.002559,62.416576],[8.001024,62.418197]],[[8.001024,62.418197],[8.000157,62.419114]],[[7.997876,62.421519],[7.997062,62.422163],[7.996175,62.422626],[7.992739,62.423863]],[[7.992739,62.423863],[7.990866,62.424518]],[[7.990866,62.424518],[7.980668,62.428079],[7.978714,62.428687]],[[7.978714,62.428687],[7.976959,62.429006],[7.974746,62.429206]],[[7.959072,62.429712],[7.957094,62.429146]],[[7.960376,62.430005],[7.960237,62.429984]],[[7.960237,62.429984],[7.959072,62.429712]],[[7.955782,62.428943],[7.954258,62.428892],[7.952659,62.429043]],[[7.947055,62.42978],[7.945223,62.429651],[7.943513,62.429333]],[[7.941326,62.428861],[7.93909,62.428487]],[[7.93909,62.428487],[7.937149,62.428272],[7.933932,62.428126]],[[7.933932,62.428126],[7.930418,62.428252],[7.927044,62.42866]],[[7.927044,62.42866],[7.923029,62.429474]],[[7.923029,62.429474],[7.916291,62.430887]],[[7.891984,62.433433],[7.890901,62.433207],[7.889702,62.433058]],[[7.878899,62.433802],[7.878209,62.433866]],[[7.878079,62.433879],[7.870498,62.434594]],[[7.870498,62.434594],[7.867681,62.434932]],[[7.867681,62.434932],[7.867279,62.434983]],[[10.088489,62.873371],[10.088542,62.873464]],[[10.080679,62.866822],[10.083749,62.868383],[10.08622,62.870174],[10.087121,62.871087],[10.088489,62.873371]],[[5.470621,60.445112],[5.470564,60.445467]],[[5.466566,60.448798],[5.463499,60.449596],[5.462144,60.44974]],[[11.99985,57.688681],[11.999489,57.689095]],[[12.006522,57.680347],[12.005303,57.681999]],[[12.006104,57.681055],[12.006593,57.680361]],[[7.867279,62.434983],[7.865914,62.435121]],[[7.865914,62.435121],[7.862961,62.435186]],[[7.862961,62.435186],[7.862225,62.435195]],[[7.862225,62.435195],[7.860499,62.43528],[7.858617,62.435514],[7.852562,62.436755]],[[7.852562,62.436755],[7.852418,62.436787]],[[7.844811,62.438399],[7.843587,62.438782],[7.842305,62.439351],[7.84143,62.439893],[7.840576,62.440647]],[[7.840576,62.440647],[7.838753,62.44242]],[[7.809452,62.461259],[7.808906,62.461254]],[[10.243575,59.687311],[10.243768,59.68705]],[[10.243724,59.687271],[10.243686,59.687329]],[[11.246296,60.548018],[11.246433,60.549364],[11.246919,60.551264]],[[12.006593,57.680361],[12.007435,57.679166]],[[12.712367,64.695816],[12.727291,64.698723]],[[11.993716,57.715503],[11.993687,57.715485]],[[11.472002,63.772046],[11.472154,63.772208]],[[11.472154,63.772208],[11.472324,63.772408]],[[7.806524,62.461539],[7.805165,62.461959]],[[7.805165,62.461959],[7.803567,62.462556]],[[7.798817,62.464824],[7.798496,62.465009]],[[10.241675,59.689994],[10.240443,59.691289],[10.239273,59.69232]],[[10.24474,59.685838],[10.245901,59.684375]],[[10.187918,59.733164],[10.1874,59.734052],[10.187019,59.735145],[10.186719,59.739158]],[[10.186637,59.739158],[10.186929,59.735141],[10.1872,59.734289],[10.187837,59.733148]],[[10.186719,59.739158],[10.186998,59.740081],[10.187756,59.740819],[10.189134,59.741477],[10.190844,59.741847]],[[10.190819,59.741886],[10.189091,59.741512],[10.187849,59.740946],[10.186917,59.740092],[10.186637,59.739158]],[[10.195805,59.741706],[10.199292,59.741501]],[[10.197386,59.741656],[10.195744,59.741752]],[[10.19828,59.741508],[10.200602,59.741269]],[[10.191922,59.742042],[10.190217,59.742062],[10.186477,59.742266]],[[10.800354,59.811432],[10.800195,59.811675]],[[10.805086,59.80554],[10.805371,59.806396],[10.805398,59.807194],[10.805162,59.807943],[10.804686,59.80866]],[[10.805338,59.806751],[10.804868,59.805167]],[[10.799128,59.813493],[10.798308,59.81443]],[[11.095232,63.654879],[11.098779,63.656445],[11.105707,63.660021],[11.107615,63.661182]],[[10.198105,59.741481],[10.200572,59.741232]],[[10.913323,63.476443],[10.913164,63.477331]],[[11.101062,60.780419],[11.101189,60.781243],[11.101068,60.781856],[11.100655,60.782602],[11.100146,60.783152]],[[10.416483,61.151152],[10.415329,61.152386]],[[11.144145,59.274848],[11.14298,59.274857],[11.142115,59.274746],[11.141323,59.274504],[11.140671,59.274109],[11.140373,59.273754],[11.140257,59.273283],[11.140417,59.272815],[11.14088,59.272178]],[[9.444572,59.608397],[9.437149,59.606711],[9.426436,59.605061]],[[9.444748,59.60844],[9.444572,59.608397]],[[10.40233,63.436674],[10.405018,63.436927]],[[10.48418,59.981616],[10.484051,59.981706]],[[10.484066,59.981836],[10.484006,59.981889]],[[10.483622,59.982237],[10.483603,59.982315]],[[10.483678,59.982223],[10.483654,59.982371]],[[10.692518,59.478058],[10.692486,59.478021]],[[14.857523,67.299352],[14.855183,67.299173]],[[14.882469,67.298121],[14.879546,67.298508],[14.876373,67.298814]],[[15.403216,67.262751],[15.402885,67.262867]],[[15.402885,67.262867],[15.402142,67.263124]],[[15.397892,67.264825],[15.393716,67.266647]],[[15.393716,67.266647],[15.391825,67.267474]],[[15.387167,67.269213],[15.386876,67.269286]],[[15.394657,67.092432],[15.401567,67.094023]],[[15.39235,67.0919],[15.394657,67.092432]],[[15.240857,66.494881],[15.241817,66.495592]],[[14.698541,66.398932],[14.702577,66.401167],[14.7039,66.401793],[14.705909,66.402523],[14.70773,66.403024],[14.717743,66.405464],[14.719375,66.405773],[14.72094,66.405937],[14.722253,66.405983],[14.727128,66.405922],[14.728628,66.406032],[14.729932,66.406218],[14.733665,66.407186],[14.740647,66.4095]],[[14.357275,66.365931],[14.359983,66.366712],[14.362345,66.367129]],[[14.343117,66.361392],[14.357275,66.365931]],[[14.131261,66.316574],[14.132066,66.317092],[14.133254,66.31756],[14.134658,66.317888],[14.136334,66.318087]],[[14.13182,66.312374],[14.130971,66.314319]],[[13.837746,66.155567],[13.838034,66.155849]],[[13.555115,66.100822],[13.556284,66.101516]],[[13.448501,66.068582],[13.450716,66.069544],[13.45346,66.070453]],[[13.45346,66.070453],[13.460217,66.072523],[13.462692,66.073492],[13.463582,66.074061],[13.464261,66.074787],[13.464802,66.076744]],[[13.196865,65.847518],[13.196224,65.848217],[13.195864,65.849004],[13.19587,65.849685],[13.196215,65.85083]],[[13.381794,65.539801],[13.381717,65.53996]],[[13.367346,65.163078],[13.36735,65.163109]],[[13.116489,64.927015],[13.12065,64.928724]],[[12.709912,64.695301],[12.712367,64.695816]],[[12.709779,64.695268],[12.709912,64.695301]],[[12.335767,64.456309],[12.336119,64.456851]],[[12.336119,64.456851],[12.33625,64.457051]],[[12.338449,64.460391],[12.339085,64.461342]],[[12.542611,64.287091],[12.547309,64.288367],[12.551429,64.289733],[12.555227,64.291252],[12.556821,64.291995],[12.559107,64.293245]],[[12.528463,64.281958],[12.538675,64.285992],[12.540496,64.286559],[12.542611,64.287091]],[[12.382351,64.247291],[12.383341,64.247888],[12.383893,64.248449],[12.384133,64.249014],[12.384033,64.249919]],[[12.382165,64.247192],[12.382351,64.247291]],[[12.377324,64.244561],[12.382165,64.247192]],[[12.376954,64.244362],[12.377324,64.244561]],[[12.192168,64.189463],[12.192403,64.191935]],[[12.179616,64.179243],[12.181998,64.180259],[12.186552,64.182729]],[[11.745495,64.121839],[11.774458,64.128641],[11.777401,64.129202],[11.780648,64.129568],[11.784625,64.129695],[11.78773,64.129559],[11.791599,64.129101]],[[11.729563,64.119703],[11.739989,64.120744],[11.742616,64.121179],[11.745495,64.121839]],[[11.706202,64.117423],[11.729563,64.119703]],[[11.705991,64.117403],[11.706202,64.117423]],[[11.492394,64.013953],[11.491536,64.014754],[11.491305,64.015342],[11.491365,64.015812]],[[11.499962,64.007913],[11.499662,64.008794],[11.498861,64.009462]],[[11.401033,63.8591],[11.400933,63.859432]],[[11.402239,63.855376],[11.401033,63.8591]],[[11.484834,63.788904],[11.484737,63.789425]],[[11.483617,63.793565],[11.483597,63.793653]],[[11.305241,63.746761],[11.305331,63.746801]],[[11.294586,63.741999],[11.305241,63.746761]],[[11.193084,63.703751],[11.19793,63.709013],[11.198842,63.710242]],[[11.10776,63.661283],[11.109516,63.662693],[11.111742,63.664979]],[[11.111742,63.664979],[11.115063,63.668459]],[[11.05577,63.61069],[11.055824,63.61071]],[[11.056308,63.61089],[11.058948,63.611873]],[[11.058948,63.611873],[11.059046,63.611909]],[[11.828456,58.076596],[11.829306,58.07777],[11.829855,58.079008],[11.830854,58.084592],[11.832062,58.088104]],[[11.818553,58.065172],[11.820935,58.068218],[11.821396,58.068962]],[[11.821396,58.068962],[11.822311,58.070389]],[[10.889812,63.544132],[10.891239,63.544191],[10.892381,63.544357],[10.897151,63.545625]],[[10.860391,63.503348],[10.857591,63.504661],[10.856029,63.505228],[10.853991,63.505689],[10.851731,63.505934]],[[10.819021,63.508666],[10.813426,63.508687]],[[10.913564,63.4644],[10.913519,63.46672]],[[10.200979,59.741333],[10.199309,59.741542]],[[10.199292,59.741501],[10.20095,59.741295]],[[10.200602,59.741269],[10.20089,59.741214]],[[10.201052,59.741397],[10.199842,59.741557],[10.198232,59.741653]],[[10.206506,59.739513],[10.207839,59.738982]],[[10.20665,59.73959],[10.207148,59.739377]],[[10.207221,59.739402],[10.206701,59.739626]],[[10.208315,59.738951],[10.206689,59.739764]],[[10.594197,59.898438],[10.592962,59.89913]],[[10.606178,59.902263],[10.606494,59.901972]],[[10.611776,59.87694],[10.612144,59.877068]],[[5.347879,60.384657],[5.348795,60.384408]],[[12.095483,63.317132],[12.094732,63.317272]],[[5.472563,60.443578],[5.471272,60.444314],[5.470645,60.445039]],[[5.472659,60.443535],[5.472563,60.443578]],[[10.458484,63.438493],[10.459354,63.438252]],[[10.458355,63.438529],[10.458484,63.438493]],[[10.469762,63.436122],[10.469994,63.43611]],[[13.348426,65.592147],[13.346765,65.592718]],[[11.550344,64.038735],[11.550523,64.038819]],[[11.549341,64.038201],[11.550344,64.038735]],[[10.606182,59.902268],[10.607787,59.902735]],[[10.597308,59.899833],[10.597183,59.899942]],[[10.597207,59.899942],[10.597526,59.900036]],[[10.598132,59.90033],[10.59844,59.900447]],[[10.598557,59.900345],[10.598451,59.900448]],[[10.207948,59.73898],[10.208581,59.738656]],[[7.781372,62.473117],[7.773082,62.474898]],[[7.772725,62.474974],[7.772482,62.475025]],[[7.768532,62.476852],[7.768287,62.47702]],[[7.764835,62.479389],[7.763465,62.48055],[7.762306,62.481923],[7.761541,62.48321],[7.760921,62.484755]],[[7.760921,62.484755],[7.760895,62.484824]],[[7.760895,62.484824],[7.759923,62.487351]],[[7.768287,62.47702],[7.764835,62.479389]],[[7.761683,62.494746],[7.765833,62.496503]],[[7.765833,62.496503],[7.765939,62.496559]],[[7.769419,62.503734],[7.769111,62.503988]],[[7.769111,62.503988],[7.767697,62.505032],[7.76679,62.50587],[7.766012,62.506843],[7.765419,62.508028]],[[7.765419,62.508028],[7.765168,62.509527],[7.765448,62.512276],[7.76491,62.513963]],[[7.76491,62.513963],[7.764875,62.514026]],[[7.764875,62.514026],[7.764716,62.514309]],[[7.756549,62.526348],[7.754252,62.528654]],[[7.756177,62.521501],[7.756023,62.522086],[7.756072,62.522728],[7.757144,62.524764]],[[7.757144,62.524764],[7.757074,62.525551],[7.756549,62.526348]],[[7.731796,62.536034],[7.730951,62.536929],[7.729116,62.538135],[7.728155,62.538602],[7.726871,62.538997]],[[7.731829,62.535986],[7.731796,62.536034]],[[7.726315,62.539158],[7.724052,62.540012],[7.722577,62.540692],[7.721927,62.541139],[7.719932,62.543015]],[[7.719932,62.543015],[7.719873,62.543072]],[[7.719873,62.543072],[7.718122,62.544787],[7.717427,62.545779]],[[7.687908,62.560905],[7.687713,62.560928]],[[9.129322,62.073484],[9.13037,62.073926]],[[9.134072,62.07667],[9.136364,62.081388]],[[9.136364,62.081388],[9.136402,62.081467]],[[9.14334,62.089604],[9.140551,62.091334],[9.134397,62.095493]],[[9.134397,62.095493],[9.134315,62.095545]],[[9.124195,62.100924],[9.120099,62.103201]],[[9.12426,62.100892],[9.124195,62.100924]],[[9.11999,62.103266],[9.11606,62.105683]],[[9.11606,62.105683],[9.116013,62.105711]],[[10.194236,59.741617],[10.193615,59.741619]],[[14.12341,66.304743],[14.128134,66.304648],[14.129982,66.30486],[14.131319,66.305181],[14.132633,66.305709],[14.133643,66.306481],[14.133939,66.307223],[14.13377,66.307885]],[[14.114807,66.303123],[14.116531,66.303932],[14.11851,66.304451],[14.12091,66.304754],[14.12341,66.304743]],[[10.913504,63.467456],[10.913496,63.467891]],[[14.445566,67.289879],[14.445286,67.289978]],[[10.748957,63.432849],[10.751782,63.433032],[10.754338,63.432876]],[[10.748841,63.432839],[10.748957,63.432849]],[[7.679424,60.551712],[7.675649,60.551814],[7.672025,60.552089]],[[7.672025,60.552089],[7.671675,60.552127]],[[8.19189,60.532452],[8.190205,60.532245],[8.186985,60.53153],[8.184721,60.531412]],[[10.370684,63.388755],[10.37105,63.388868]],[[10.370543,63.38871],[10.370684,63.388755]],[[14.178788,66.321398],[14.181202,66.321387],[14.183096,66.321505],[14.184406,66.321692],[14.187557,66.322334],[14.189815,66.322579],[14.196825,66.322998],[14.20558,66.323306]],[[14.20558,66.323306],[14.205682,66.323308]],[[14.160525,66.325166],[14.163796,66.324078]],[[14.633269,67.293117],[14.630188,67.293184]],[[14.633496,67.293123],[14.633269,67.293117]],[[14.745302,67.307052],[14.741328,67.311647]],[[14.745415,67.306921],[14.745302,67.307052]],[[14.746425,67.305657],[14.745415,67.306921]],[[14.74652,67.300662],[14.746828,67.30296]],[[14.746828,67.30296],[14.746846,67.303095]],[[14.752844,67.296721],[14.750654,67.297138],[14.748722,67.297793]],[[14.780373,67.29621],[14.777683,67.29633]],[[14.782579,67.296111],[14.780373,67.29621]],[[14.855183,67.299173],[14.84578,67.298452]],[[14.890338,67.297647],[14.888021,67.297593],[14.886316,67.297638],[14.882874,67.298062]],[[14.890532,67.297654],[14.890338,67.297647]],[[11.095232,63.654879],[11.09325,63.6544],[11.087199,63.652443],[11.085792,63.651784]],[[12.275176,57.77047],[12.274668,57.770132],[12.273354,57.769523],[12.26858,57.767912],[12.266176,57.766973],[12.264466,57.766124],[12.26162,57.764538]],[[15.098718,67.322543],[15.088666,67.321887]],[[15.098899,67.322548],[15.098718,67.322543]],[[15.136482,67.32806],[15.135097,67.327526],[15.132471,67.326142],[15.131491,67.325769],[15.130042,67.325379],[15.128172,67.32507],[15.119011,67.324104]],[[15.136621,67.328102],[15.136482,67.32806]],[[15.143521,67.328963],[15.139357,67.328669]],[[15.145978,67.3291],[15.143521,67.328963]],[[15.139357,67.328669],[15.137112,67.328239]],[[15.137112,67.328239],[15.136621,67.328102]],[[15.151918,67.329985],[15.148539,67.329334],[15.145978,67.3291]],[[15.152047,67.33001],[15.151918,67.329985]],[[15.155646,67.330458],[15.153712,67.330293],[15.152047,67.33001]],[[15.15573,67.330461],[15.155646,67.330458]],[[15.167208,67.328862],[15.165579,67.329409],[15.164031,67.329744]],[[15.162145,67.330038],[15.162041,67.330052]],[[15.163939,67.32976],[15.162145,67.330038]],[[15.164031,67.329744],[15.163939,67.32976]],[[15.117345,67.323861],[15.113957,67.323291]],[[15.113957,67.323291],[15.11388,67.323278]],[[15.170684,67.321889],[15.171213,67.322612],[15.17144,67.323254],[15.171412,67.323984],[15.171038,67.324767]],[[11.959299,57.729557],[11.958629,57.730466],[11.957962,57.731806]],[[15.188285,67.300718],[15.187754,67.300885]],[[11.97597,57.725621],[11.975345,57.725607]],[[11.957962,57.731806],[11.957834,57.732084]],[[12.00491,57.682921],[12.006587,57.68058],[12.007435,57.679166]],[[10.279976,63.292789],[10.289554,63.294384]],[[15.253471,67.272592],[15.251081,67.272812]],[[15.264093,67.269132],[15.262915,67.269811]],[[10.677113,63.43741],[10.681999,63.436488]],[[10.617056,63.437666],[10.617773,63.4378]],[[10.625372,63.439206],[10.627663,63.439643],[10.628816,63.439949],[10.629925,63.440361],[10.631438,63.441085]],[[10.469994,63.43611],[10.470075,63.436106]],[[10.74502,63.432791],[10.747154,63.432759],[10.748841,63.432839]],[[10.723,63.431097],[10.736463,63.432317]],[[12.031106,63.362197],[12.031281,63.362064]],[[12.013212,63.36564],[12.021908,63.363841],[12.02385,63.363617],[12.027108,63.363449],[12.028404,63.363257],[12.02984,63.362849],[12.031106,63.362197]],[[11.846044,63.392805],[11.847033,63.392475],[11.850368,63.39166],[11.853495,63.390558]],[[11.843962,63.395607],[11.844002,63.394706],[11.844252,63.394077],[11.845044,63.393322],[11.846044,63.392805]],[[11.777579,63.403746],[11.77779,63.403665]],[[11.76234,63.407634],[11.763253,63.407283],[11.76422,63.407032],[11.767031,63.406665],[11.768278,63.406406],[11.769355,63.406021],[11.770925,63.405228],[11.772108,63.404821],[11.776015,63.404191],[11.777579,63.403746]],[[11.715327,63.437917],[11.71574,63.437677]],[[11.643243,63.444872],[11.64422,63.445086]],[[11.612412,63.443784],[11.6241,63.44372]],[[11.55313,63.45656],[11.555377,63.456167]],[[11.448758,63.457023],[11.45053,63.457122]],[[11.405282,63.455982],[11.405485,63.455921]],[[11.362678,63.458187],[11.364325,63.458075]],[[11.364325,63.458075],[11.370646,63.457705],[11.376029,63.457642],[11.380578,63.457792],[11.389473,63.458298],[11.393382,63.458283],[11.396388,63.458038],[11.399554,63.45754],[11.401534,63.457085],[11.405282,63.455982]],[[11.251629,63.438291],[11.257017,63.439693]],[[11.028005,63.451923],[11.028675,63.45203]],[[10.971239,63.445239],[10.973587,63.445403],[10.979865,63.44606]],[[10.979865,63.44606],[10.989422,63.447053]],[[10.913364,63.474794],[10.913362,63.474891]],[[10.913331,63.476286],[10.913323,63.476443]],[[10.896658,63.488598],[10.895686,63.489681],[10.895539,63.490267],[10.895611,63.490936]],[[10.851731,63.505934],[10.845942,63.506379],[10.839625,63.507246]],[[10.801341,63.517589],[10.799806,63.523044]],[[10.825794,63.534217],[10.826127,63.534187]],[[11.064627,63.616239],[11.066928,63.617679]],[[11.198842,63.710242],[11.199749,63.712049]],[[11.082663,63.650775],[11.085792,63.651784]],[[11.400961,63.860548],[11.401007,63.860677]],[[11.446976,63.828777],[11.446121,63.8308]],[[11.450462,63.815754],[11.450496,63.818082],[11.450145,63.820633]],[[11.483597,63.793653],[11.483558,63.793784]],[[11.484737,63.789425],[11.484717,63.789506]],[[11.471706,63.771724],[11.472002,63.772046]],[[11.470191,63.770255],[11.471706,63.771724]],[[11.423767,63.8879],[11.425857,63.889521],[11.430859,63.893808],[11.431776,63.894856],[11.434097,63.898115]],[[11.416087,63.884358],[11.416211,63.884639]],[[11.495411,64.004819],[11.495679,64.004887]],[[11.495249,64.020868],[11.497346,64.022437],[11.499885,64.024028]],[[11.491365,64.015812],[11.491464,64.016023]],[[10.642923,59.911779],[10.643198,59.911448]],[[12.108001,59.197603],[12.107446,59.197746],[12.106002,59.197932],[12.095168,59.198423],[12.094148,59.198306],[12.092761,59.197871],[12.091985,59.19743],[12.091083,59.196656],[12.090556,59.196336],[12.089621,59.195937],[12.088661,59.195665],[12.087354,59.195465],[12.086025,59.195379],[12.084318,59.195384],[12.0821,59.195569],[12.081128,59.195741],[12.080161,59.196018],[12.0792,59.196436],[12.074736,59.199025],[12.072993,59.199918],[12.071123,59.200707],[12.064515,59.203018],[12.063464,59.203479],[12.062464,59.204078],[12.059138,59.206791],[12.05615,59.209496],[12.055474,59.209982],[12.053778,59.210844],[12.050993,59.211696],[12.05016,59.212055],[12.048973,59.212629],[12.048487,59.212991],[12.047758,59.213959],[12.046914,59.21596],[12.045858,59.217696],[12.040396,59.223575],[12.039772,59.2244],[12.038085,59.227741],[12.036117,59.230394],[12.034234,59.233954],[12.032537,59.236247],[12.032378,59.237144],[12.033312,59.239139],[12.033959,59.242877],[12.033934,59.243531],[12.033572,59.244343],[12.032411,59.245548],[12.032046,59.246187],[12.030524,59.254005],[12.029739,59.256524],[12.02799,59.259611],[12.027533,59.26069],[12.025658,59.267839],[12.025528,59.27002],[12.025724,59.27097],[12.02652,59.272621]],[[15.294456,67.266266],[15.292992,67.265865]],[[15.386048,67.269477],[15.385922,67.269504]],[[15.404065,67.262493],[15.403531,67.262646]],[[15.426633,67.263954],[15.421838,67.263627]],[[15.438803,67.260868],[15.437876,67.261839],[15.436347,67.262688]],[[15.426154,67.233762],[15.428325,67.234435],[15.429846,67.235212]],[[15.429761,67.240342],[15.429599,67.241003]],[[15.429599,67.241003],[15.429593,67.241049]],[[10.947086,59.665403],[10.949563,59.664728],[10.951142,59.664486],[10.952432,59.664379],[10.955398,59.664405],[10.958155,59.664671],[10.958929,59.664682],[10.960498,59.664566],[10.962242,59.66419],[10.964791,59.663228],[10.966425,59.662769],[10.977955,59.661099],[10.979253,59.660988],[10.980914,59.660964],[10.987004,59.661425]],[[11.032456,59.625881],[11.032531,59.625083],[11.032804,59.62455],[11.033368,59.623984],[11.03399,59.623583],[11.034721,59.623256],[11.035878,59.622922],[11.036847,59.622767],[11.038005,59.622705]],[[15.423186,67.227059],[15.422954,67.227851],[15.421598,67.229461],[15.421228,67.230213]],[[15.482268,67.183523],[15.481605,67.18457],[15.480223,67.185564]],[[15.481982,67.169539],[15.48181,67.169691]],[[15.485445,67.163631],[15.485534,67.164193]],[[15.448659,67.133451],[15.448635,67.134084],[15.448148,67.135694],[15.44829,67.136569]],[[15.44829,67.136569],[15.450154,67.138853]],[[15.451601,67.117015],[15.452106,67.117458]],[[15.457589,67.110326],[15.457515,67.110382]],[[15.457735,67.110218],[15.457589,67.110326]],[[15.468315,67.103819],[15.465271,67.105036]],[[15.468697,67.103618],[15.468451,67.103752]],[[15.468451,67.103752],[15.468315,67.103819]],[[15.429929,67.099435],[15.430836,67.099432]],[[15.42149,67.098604],[15.421647,67.09864]],[[15.377729,67.081442],[15.377657,67.082641],[15.378239,67.083652],[15.381953,67.086514]],[[15.383303,67.064917],[15.377729,67.081442]],[[15.38337,67.064731],[15.383303,67.064917]],[[15.363536,67.029152],[15.364453,67.029821],[15.367105,67.032173]],[[15.36012,67.027244],[15.363536,67.029152]],[[15.359072,67.026682],[15.36012,67.027244]],[[15.346925,67.020159],[15.348919,67.021229]],[[15.348919,67.021229],[15.349101,67.021326]],[[15.346848,67.012889],[15.34446,67.01591],[15.344118,67.017086],[15.344312,67.017898],[15.344816,67.018658],[15.345803,67.019504],[15.346925,67.020159]],[[15.346915,67.009876],[15.347146,67.011792],[15.346848,67.012889]],[[15.311297,66.979102],[15.313742,66.982381]],[[15.302233,66.96429],[15.30253,66.965482],[15.303757,66.967668],[15.304317,66.969489],[15.304755,66.970299]],[[15.295616,66.944237],[15.294246,66.945002],[15.293689,66.945461],[15.293169,66.946059],[15.292849,66.946782]],[[15.292849,66.946782],[15.292826,66.946898]]]}}]}